t,s1_ax,s1_ay,s1_az,s1_gx,s1_gy,s1_gz,s2_ax,s2_ay,s2_az,s2_gx,s2_gy,s2_gz,s3_ax,s3_ay,s3_az,s3_gx,s3_gy,s3_gz,s4_ax,s4_ay,s4_az,s4_gx,s4_gy,s4_gz
0.0,-4.7386575,5.3506064,6.7071867,0.0061082914,0.007476623,0.00014559028,-9.541701,1.8822867,-1.230335,-0.002109089,0.0062519284,-0.0040916554,-9.347389,-2.578201,-1.3688141,-0.006683608,0.004403321,0.00039901698,5.62144,4.167383,6.849579,0.01202031,-0.0014388973,0.011509179
0.01923077,-4.739492,5.360439,6.726009,0.008239844,0.009312079,0.0037717482,-9.535341,1.899064,-1.2327628,-0.0026026391,0.0031584648,-0.0033362147,-9.385097,-2.5956907,-1.3812474,-0.0030016608,-0.0051634787,-0.0024975515,5.61209,4.1809735,6.8595204,0.0082493,0.00047909524,0.011388706
0.03846154,-4.7289486,5.3658395,6.7104006,0.0018521963,0.012401085,-0.0075098737,-9.552556,1.8987591,-1.2200513,-0.0016424764,-0.0019672103,-0.007728078,-9.398966,-2.570767,-1.386363,-0.0013930084,0.001530189,0.003860216,5.601708,4.191157,6.8569064,0.008259062,-0.00034468135,0.011915799
0.057692308,-4.708387,5.3613663,6.7179747,0.0002078652,0.013677135,0.004015789,-9.555221,1.9206775,-1.2606609,-0.0021666382,-0.00012959713,-0.010589666,-9.371328,-2.5730217,-1.3695737,-0.00017077343,-0.0030832381,-0.00034693957,5.6281414,4.1859937,6.8561964,0.0048792823,0.0036928365,0.016667048
0.07692308,-4.7382503,5.365516,6.7002635,-0.0018572919,0.009344646,0.0034747934,-9.541862,1.8947169,-1.2459903,0.003241359,0.0014935348,-0.00986848,-9.381865,-2.5792763,-1.3956009,-0.003941263,-0.0031449578,0.0023457727,5.6437554,4.185566,6.853373,0.013453755,0.0008438015,0.014652107
0.09615385,-4.752528,5.366494,6.7256823,0.0049209804,0.0144541925,-0.0048893765,-9.542014,1.8964311,-1.2645881,-0.003961971,-0.0005315372,-0.0069411676,-9.359019,-2.5873091,-1.3658239,-0.0014870855,-0.00024382192,0.0064618946,5.644214,4.2083936,6.8621793,0.014101542,0.00057243014,0.013766326
0.115384616,-4.730616,5.360768,6.709391,-0.006403861,0.0047703297,0.009024675,-9.546373,1.9041218,-1.2253206,-0.003426229,0.0018213239,-0.0023364073,-9.382261,-2.5482218,-1.3789064,-0.0022187869,-0.003914396,0.0036980163,5.6333504,4.1899934,6.8492455,0.010005962,0.0054121604,0.0090452805
0.13461539,-4.735151,5.381229,6.707564,0.0013523177,0.006610309,-0.0014188958,-9.529426,1.9104022,-1.225626,-0.002030272,0.004170842,-0.0021798934,-9.371145,-2.5688367,-1.3696053,0.0032937683,-0.002078424,-0.00048758418,5.6407366,4.2015114,6.832081,0.007056666,0.000739583,0.013704452
0.15384616,-4.7383485,5.3691287,6.7132373,-0.0014617852,0.01334754,-0.002447269,-9.551083,1.9063166,-1.2184976,-0.0036513167,-0.0010303567,-0.008032854,-9.36448,-2.5876653,-1.3860102,-0.0016190464,-0.0010651235,0.0056502735,5.635289,4.1881123,6.852611,0.0053122537,0.00047816007,0.01476328
0.17307693,-4.717931,5.365474,6.7082596,0.0028054912,0.012361745,0.002550106,-9.549467,1.9138048,-1.2279822,-0.006639075,0.0010284565,-0.002232467,-9.3802,-2.5888226,-1.367685,-0.004718673,-0.0022871671,0.0047994307,5.6244907,4.1843348,6.878915,0.011235901,-0.0036845743,0.013975106
0.1923077,-4.738197,5.367663,6.7005334,-0.0009078056,0.0064782584,-0.0040735737,-9.5467615,1.9334202,-1.2154199,0.00075399067,-0.0005333461,-0.0071842377,-9.353157,-2.5674636,-1.3622007,-0.0036943725,0.0042766896,0.0069808564,5.621411,4.203417,6.875292,0.01227491,0.0018192335,0.011693927
0.21153846,-4.7389317,5.3821716,6.6971903,-0.0003151277,0.015704691,0.0012053162,-9.554308,1.9173919,-1.224203,0.00086258847,0.0013233686,-0.008348084,-9.33764,-2.5759194,-1.4013323,-0.009814751,0.004505018,0.0076755644,5.5967093,4.183153,6.864723,0.013178289,-0.00071250374,0.011211379
0.23076923,-4.7189584,5.373503,6.709393,-0.0053280215,0.008146986,-0.0012588049,-9.532937,1.9042479,-1.202233,0.0007885164,-0.002916309,-0.005093895,-9.34587,-2.5795846,-1.3854082,-0.003842162,-0.0021353732,0.0046454864,5.6073437,4.191494,6.871897,0.008193334,0.005564473,0.016482845
0.25,-4.7302647,5.3620286,6.7151704,-0.00115326,0.005360507,0.0006083787,-9.553502,1.9058805,-1.232715,-0.004185855,-0.0016139783,-0.006966027,-9.342369,-2.5801458,-1.3755534,-0.0032191626,-0.0030088576,0.0019862938,5.6233478,4.205823,6.8798976,0.004569282,0.002465079,0.013521227
0.26923078,-4.7216105,5.3439913,6.7152257,-0.00189486,0.0158607,-0.0011282669,-9.513583,1.9158156,-1.2255918,-0.0003896435,-1.796773e-05,-0.008384876,-9.365448,-2.5712898,-1.3958025,-0.008197009,-0.0002615314,0.0013950153,5.6016946,4.2015486,6.843487,0.0077379346,0.0051897326,0.011581676
0.28846154,-4.732052,5.366068,6.7088904,-0.0065119024,0.011427953,-0.0012247736,-9.549407,1.8909507,-1.2251035,0.00057468406,0.0060699643,-0.0075700027,-9.345891,-2.5730383,-1.3666767,-0.006136364,-0.00995198,0.0040653273,5.6298223,4.1684413,6.8336196,0.0073966333,1.4735345e-05,0.010449209
0.30769232,-4.73161,5.346689,6.7036157,-0.005720677,0.016053312,-0.003766937,-9.531965,1.896148,-1.2539814,-0.0043231547,-0.00019897996,-0.009237523,-9.341657,-2.5792222,-1.361265,-0.0034989277,-0.0043400205,0.00023352166,5.620593,4.2082057,6.8485417,0.0051850076,-0.0046235374,0.01362329
0.32692307,-4.7342124,5.3681526,6.6987395,-0.0009175368,0.016442109,-0.001641843,-9.538366,1.9118707,-1.2135321,-0.006780041,0.0013451627,-0.007922967,-9.362706,-2.5618892,-1.3741913,-0.009129581,-0.0014300643,0.0035212715,5.645043,4.2111797,6.857118,0.010229415,0.0047843433,0.004302603
0.34615386,-4.7346926,5.366436,6.7007904,0.0054908837,0.008155983,0.0030833608,-9.538609,1.8845146,-1.2294737,0.0032523202,0.0036110564,-0.010854991,-9.380783,-2.5813687,-1.3659639,-0.0031103247,-0.002646606,0.0053600194,5.6206,4.1817994,6.855803,0.014292497,0.0027680583,0.013968221
0.3653846,-4.730112,5.3508067,6.716522,-0.0019237249,0.015112701,0.0038370218,-9.538726,1.9425122,-1.23634,-0.0013379605,-0.0006666349,-0.009196973,-9.362783,-2.5758452,-1.3916857,0.0020785353,0.0010286559,-0.0012213958,5.6162677,4.201051,6.853935,0.0053090677,0.005915255,0.017062293
0.3846154,-4.7426877,5.37787,6.7178516,0.00203811,0.010174826,0.0023700297,-9.541996,1.9136555,-1.2308211,0.001263274,-0.0034660534,-0.008743458,-9.362763,-2.5605562,-1.3720992,0.00021107464,-0.004127167,0.007832704,5.624001,4.1815734,6.844289,0.011098579,0.00012939512,0.01244772
0.40384614,-4.7465506,5.373418,6.7169504,-0.00051328295,0.01289909,-0.00030828622,-9.508981,1.9334456,-1.2334156,-0.005514976,0.002122402,-0.0075843455,-9.366305,-2.577373,-1.3849543,-0.0034524817,-0.0012902098,0.0024087622,5.610652,4.188335,6.8490305,0.010817796,-0.0012101233,0.018606072
0.42307693,-4.7374034,5.360866,6.7139993,-0.001342937,0.01378936,0.00074843894,-9.534614,1.8977133,-1.2264549,-0.00070578844,0.0041549564,-0.008099326,-9.364024,-2.5590253,-1.38184,-0.00096784934,0.00088064244,0.001306255,5.6083345,4.192849,6.856345,0.0069189244,0.00072451687,0.018127238
0.44230768,-4.748993,5.364316,6.7317853,0.0016032752,0.017781999,-0.0035027803,-9.534103,1.8985391,-1.213861,-0.004201128,-0.0048476816,-0.00089016405,-9.329317,-2.5633743,-1.3601701,-0.0069484296,0.0019853998,0.0015766456,5.6084785,4.214228,6.8534427,0.01079538,-0.0028506224,0.010695015
0.46153846,-4.726628,5.3949327,6.7122803,-0.0005053149,0.012762752,0.0021170815,-9.547714,1.9137584,-1.2550082,-0.0041712187,-0.00035101562,-0.0059823035,-9.361408,-2.583587,-1.3832016,-0.005105722,-0.0033525277,0.0016003244,5.5980034,4.196775,6.871184,0.006293535,0.0014837016,0.012786055
0.48076922,-4.768589,5.37539,6.7230144,-0.0026255485,0.0151011385,-0.0021684717,-9.56241,1.9308248,-1.2296517,-0.0029788655,-0.001730449,-0.010784153,-9.372472,-2.5804102,-1.360093,-0.0037012892,-0.0032884073,0.0017269307,5.618349,4.1982617,6.8669305,0.010395642,0.00111556,0.010338106
0.5,-4.728538,5.3487487,6.706861,-0.0059446637,0.010355425,-0.003434046,-9.535622,1.9220238,-1.2121744,-0.0021692265,0.0015850241,-0.00930825,-9.355802,-2.55265,-1.363897,-0.0060009593,-0.0033846002,0.0035682833,5.6468325,4.197392,6.8683696,0.007795196,-2.4116638e-05,0.012492371
0.5192308,-4.7366586,5.3738103,6.72176,0.0025182695,0.011249677,-0.0034057556,-9.539088,1.9028107,-1.2206066,-0.0052147117,0.0001571582,-0.005917575,-9.381967,-2.5707116,-1.3838555,-0.0012955613,0.0041458164,0.0049067712,5.6349936,4.2166624,6.8496656,0.015934478,-0.0021360535,0.01185842
0.53846157,-4.7333746,5.3774805,6.73199,0.0018654248,0.009739637,0.0011643315,-9.5449095,1.8786877,-1.2164065,-0.0062563457,-0.002142171,-0.0019035403,-9.357985,-2.5917122,-1.3641849,-0.0005488918,-0.0018745372,0.00082233263,5.610225,4.1973696,6.8621902,0.0043402594,0.0024771786,0.0138717145
0.5576923,-4.7175646,5.3554626,6.7222877,-0.002202463,0.01196153,0.00036034407,-9.538234,1.8985606,-1.1841772,-0.0017349606,0.00027648595,-0.0042361123,-9.356283,-2.574411,-1.3597263,-0.0042294376,0.002145411,0.0028946854,5.6176224,4.178252,6.884083,0.0075598606,-0.0013801865,0.009274868
0.5769231,-4.739269,5.3533206,6.7276106,-0.0050280807,0.009686779,0.005061304,-9.532677,1.9091034,-1.2111825,0.0008999238,-0.0044547645,-0.0060444693,-9.355963,-2.5786266,-1.3608998,-0.01217992,0.0020517763,0.001074301,5.610926,4.190604,6.855435,0.014555547,0.008820948,0.015843492
0.59615386,-4.7215066,5.3717937,6.7091684,0.0061754556,0.014876576,-0.0013469085,-9.541428,1.93298,-1.2208471,-0.008632103,0.00070033944,-0.007830843,-9.379423,-2.5687978,-1.4011178,-0.006790309,0.0040738354,0.008418789,5.6161985,4.1976414,6.8466015,0.008948273,0.0016552408,0.0134034045
0.61538464,-4.724923,5.3349795,6.7082424,-0.004125291,0.0059301453,0.005301085,-9.532987,1.9158703,-1.2253841,-0.0013697532,0.00025128768,-0.0029515529,-9.374792,-2.57519,-1.3832566,-0.0026529974,-0.0058813826,0.0033172776,5.6130967,4.185343,6.8510275,0.014003011,0.00202226,0.01741151
0.63461536,-4.7180448,5.3685565,6.699799,-0.0015273908,0.01208132,-0.002046199,-9.567009,1.89459,-1.2537234,-5.280405e-05,-0.0015436902,-0.011106141,-9.3801985,-2.5610003,-1.3670926,-0.0057516955,0.0048478213,0.007656787,5.6181564,4.2038994,6.867233,0.009532994,0.0032050966,0.010343695
0.65384614,-4.723915,5.3760824,6.7100577,0.0070213075,0.008468056,-0.0040608435,-9.53226,1.9096035,-1.2345353,-0.00336597,-0.002527047,-0.007963007,-9.364868,-2.5759306,-1.3774027,0.0017913078,0.0005680054,0.0039553405,5.628214,4.2007337,6.852161,0.00517274,0.00016603335,0.011077278
0.6730769,-4.740649,5.399518,6.709075,0.006410015,0.010418475,-0.0045489557,-9.522484,1.9135971,-1.2028527,-0.002614538,-0.006126818,-0.0009984461,-9.37806,-2.5822875,-1.3779318,-0.0037972855,-0.004782233,0.0023686488,5.6141505,4.174069,6.8268914,0.0070449123,0.0010372609,0.009814382
0.6923077,-4.729895,5.3799086,6.700841,-0.0028284662,0.01251572,0.0044543114,-9.532476,1.9113907,-1.2268084,0.0019870282,-0.0004956602,-0.008853261,-9.3635845,-2.5708976,-1.3708066,-0.0021663615,-0.006500571,0.005303386,5.611119,4.2175694,6.8664303,0.007427693,-0.0014324002,0.015909474
0.71153843,-4.726778,5.376692,6.7224464,0.0034048348,0.015920112,0.006187607,-9.548546,1.8972031,-1.2245387,-0.009086241,-0.0007329092,-0.005507773,-9.353851,-2.5793464,-1.3850495,-0.0047416696,0.0036816597,-0.0012577476,5.620539,4.1846104,6.8615007,0.013575682,0.0029080615,0.010735642
0.7307692,-4.7300744,5.358704,6.701377,0.00041570154,0.009579689,-0.004647414,-9.546587,1.9117069,-1.218583,-0.0037933495,0.0021854409,-0.006859916,-9.36887,-2.5640976,-1.3736184,-0.006873347,-0.00072523643,0.0051437025,5.6258917,4.1848607,6.8645744,0.0150136985,0.0007314296,0.012966556
0.75,-4.7140837,5.354435,6.715397,-0.003526272,0.015299083,0.002038258,-9.546413,1.9098967,-1.2160889,0.0059761214,9.292569e-05,-0.006822628,-9.369754,-2.6022644,-1.3852137,-0.001750111,0.0069601745,-0.005499055,5.6134477,4.180312,6.846251,0.013263854,0.0032326728,0.012600507
0.7692308,-4.722137,5.3635445,6.706081,0.009533169,0.011872222,0.002106915,-9.549115,1.9123797,-1.2357491,-0.0040469537,-0.0020429902,-0.008120499,-9.37264,-2.5525608,-1.3655137,-0.0005534436,-0.008984658,0.0021011569,5.618123,4.2060294,6.846225,0.012362755,-0.0014337837,0.016722245
0.78846157,-4.7444606,5.3704233,6.7102532,-0.0010798817,0.0142006045,-0.004600267,-9.54773,1.9231751,-1.2135731,-0.0042565623,0.0037689882,-0.007864839,-9.363991,-2.5684128,-1.4009088,-0.0045856037,-0.002767646,0.004777206,5.609145,4.2038035,6.8579483,0.012573557,0.0030664587,0.010654157
0.8076923,-4.7420487,5.361478,6.7071676,0.00096230686,0.012081196,0.002856353,-9.532291,1.9018025,-1.2181704,-0.0007958202,0.0006805352,-0.007006034,-9.3637295,-2.56338,-1.3832409,-0.0026968166,-0.003706534,-0.0018592002,5.6280007,4.198743,6.857368,0.006674811,-0.0036408962,0.019720929
0.8269231,-4.7117805,5.363262,6.702727,-0.0039276946,0.0112067275,-0.0029934314,-9.551103,1.9180064,-1.2479417,0.00021937264,-0.002814018,-0.008741814,-9.36227,-2.5881336,-1.3626523,-0.0035901563,-0.0016324013,0.002366602,5.6280026,4.1720505,6.844402,0.007547302,-0.0034007155,0.011621311
0.84615386,-4.7421217,5.3483458,6.711091,-0.0011562518,0.015079715,-0.0063464376,-9.554359,1.9229234,-1.2313489,-0.009964468,0.0027631142,-0.0082669025,-9.367224,-2.5578032,-1.3634312,-0.0010260282,-0.0034238268,-0.0017116317,5.6356454,4.1910305,6.8761153,0.0106250895,0.0024515428,0.008480961
0.86538464,-4.7440104,5.3692565,6.7093997,0.0036641113,0.016036851,0.0036557936,-9.568205,1.9026679,-1.2000349,-0.0033190073,-0.00030997753,-0.00043682044,-9.319723,-2.5520582,-1.3687754,-0.00060836883,0.002641722,0.0021846488,5.605964,4.202831,6.8392825,0.0065321913,0.0019405432,0.014052954
0.88461536,-4.733607,5.3493233,6.7088885,0.0027779904,0.010996941,-0.0016765022,-9.536697,1.8953993,-1.2387912,-0.007486143,0.006299376,-0.0044823713,-9.3731165,-2.5810206,-1.3947864,-0.00403742,0.0013428464,0.0034914273,5.659596,4.196392,6.8368835,0.013916143,-0.003991305,0.0093915295
0.90384614,-4.7313857,5.359249,6.699301,-0.0033650603,0.016294822,-0.0010388502,-9.52665,1.897912,-1.2437932,-0.0006293733,-0.00092286593,-0.004675244,-9.3529215,-2.575626,-1.3729076,-0.0008099117,0.0047881193,0.004207509,5.610557,4.206836,6.86497,0.00730025,0.004077904,0.011583596
0.9230769,-4.721159,5.356615,6.7180686,-0.0064309156,0.011095869,-0.0019485331,-9.545699,1.8935632,-1.2363892,-0.004195041,-0.0019524384,-0.0043432293,-9.3687935,-2.5847533,-1.3695022,-0.005875706,-0.0017258005,0.0028116375,5.6068063,4.1942577,6.846069,0.010271286,0.001738124,0.014108839
0.9423077,-4.733712,5.3547015,6.715158,-0.0025631245,0.012446477,0.0041307234,-9.537844,1.892706,-1.2398505,-0.0004585609,0.00067136704,-0.00013843447,-9.3548975,-2.5690138,-1.390035,-0.003480367,0.002356935,-0.005041413,5.6333027,4.1972384,6.8656893,0.010395583,0.0055770823,0.014363584
0.96153843,-4.7435775,5.3649325,6.7181854,-0.0012107583,0.01073019,-0.00056158524,-9.527428,1.9132481,-1.2257272,-0.0059613828,-0.00573909,-0.007999879,-9.35982,-2.5933444,-1.3729298,-0.007906647,0.0041787527,0.0031313011,5.6233826,4.189186,6.8472643,0.00855607,0.002385757,0.0068752244
0.9807692,-4.739947,5.371076,6.7221828,-0.0054670293,0.008873304,0.002872328,-9.549292,1.914768,-1.2176777,-0.004971596,0.0027245006,-0.0040158383,-9.36789,-2.547064,-1.3713822,-0.0028919866,-0.0072048535,-0.0019520107,5.639133,4.178173,6.8496265,0.017921744,-0.0012749655,0.007938913
1.0,-4.7184234,5.339501,6.732714,0.0041582985,0.014160076,-0.0015639742,-9.538321,1.9402179,-1.227912,0.0002443314,-0.00013443134,-0.009181186,-9.3590355,-2.5716443,-1.3594705,-0.005923895,-0.0017122924,0.0011152751,5.622939,4.199533,6.8536825,0.0057699126,0.0015007165,0.0130809555
1.0192307,-4.7431455,5.3864503,6.6991434,0.0023874922,0.0056018597,0.0032443982,-9.5452,1.8862517,-1.2206638,-0.006862809,0.0025023667,-0.004364248,-9.367681,-2.583338,-1.3759714,-0.0043018674,-0.0013612031,0.0026277504,5.624529,4.193683,6.8712797,0.008156129,-0.0022234297,0.013944134
1.0384616,-4.7317953,5.3752236,6.6996026,-0.0035545132,0.007876821,0.006525255,-9.536702,1.9123042,-1.2439295,0.004427838,0.0021582276,-0.008997012,-9.374953,-2.573063,-1.3720012,-0.0070412424,-0.0007643006,0.0016419286,5.627135,4.189245,6.863239,0.013781131,0.0026317278,0.013197616
1.0576923,-4.757824,5.3552475,6.7258854,0.0053334157,0.005692124,0.0019440458,-9.548197,1.904453,-1.2169842,-0.000119793614,-0.00050162885,-0.009192608,-9.347673,-2.5674038,-1.388772,0.001003814,-0.0055579105,-0.0015358748,5.606675,4.1895237,6.843368,0.011402093,0.0029838914,0.010833036
1.0769231,-4.7282996,5.362084,6.705093,-0.0022703754,0.013257489,-0.0015766267,-9.542606,1.9096019,-1.2437634,-0.0016018144,0.0015639252,-0.008063208,-9.361593,-2.5802696,-1.3820924,-0.0042039715,-0.0016515236,0.0033331749,5.63417,4.1932883,6.866966,0.013315257,0.0032897424,0.019637566
1.0961539,-4.715259,5.3768215,6.7374396,0.0060365424,0.018034454,-0.00032324617,-9.541251,1.899501,-1.2279431,-0.0019761361,0.0007186568,-0.0072336136,-9.362161,-2.5867956,-1.3705435,-0.004159628,-0.0035924814,0.0027379948,5.6097183,4.2043347,6.8485284,0.008973565,-0.0008635668,0.009379616
1.1153846,-4.72814,5.353593,6.718485,0.0036442773,0.012321054,-0.0015474453,-9.519327,1.8951287,-1.244855,0.0027309817,-0.008550069,-0.0035625151,-9.382549,-2.5577366,-1.373188,-0.004024195,-0.00092436274,0.0042860103,5.6402674,4.2117667,6.8531194,0.008440676,4.650206e-05,0.0061103655
1.1346154,-4.7295475,5.3597536,6.701556,0.0033093349,0.016668538,0.003591945,-9.545694,1.8968611,-1.2170731,0.001579471,0.0003356098,-0.009747757,-9.357822,-2.5697083,-1.3808167,-0.005523125,-0.0014973526,0.009590011,5.604436,4.187892,6.859619,0.014265141,-0.0043184166,0.0077927005
1.1538461,-4.733257,5.3789625,6.704242,-0.004296471,0.007931435,0.0027894257,-9.541355,1.9110624,-1.2300081,-0.0046561495,-0.005097321,0.0020296702,-9.361488,-2.5516644,-1.3685943,-0.00480009,0.00032300502,0.0069777486,5.6222043,4.1904006,6.8616233,0.006914162,-0.0012413668,0.011041155
1.1730769,-4.7302575,5.3739643,6.6906385,0.0006585821,0.007494608,0.0021193398,-9.547086,1.905116,-1.2276945,-0.0051585687,0.0030930946,-0.007827298,-9.359042,-2.5668619,-1.3719536,-0.008094208,-0.0027185353,0.0003320742,5.6377234,4.1882696,6.866897,0.009171615,0.0015400697,0.012547844
1.1923077,-4.730078,5.3475933,6.704179,0.0012938408,0.00946495,-0.00024163525,-9.555688,1.9117575,-1.20574,-0.000210685,-0.0026739337,-0.001672787,-9.360365,-2.564545,-1.3674358,-0.01358042,0.0018978954,0.0034094818,5.630339,4.2048726,6.874438,0.01159885,-0.0026410026,0.009893415
1.2115384,-4.7283545,5.3630867,6.6941233,-0.0016052258,0.020944133,0.0086444365,-9.527446,1.9170703,-1.2243191,-0.003849703,-0.0018159484,-0.0076670735,-9.381466,-2.5658875,-1.3664224,-0.007282397,-0.00211927,0.0065103066,5.6268373,4.190458,6.8424754,0.010535409,0.003223004,0.012887841
1.2307693,-4.742651,5.35516,6.683055,0.0009342632,0.013507921,-0.0020132025,-9.543362,1.9081019,-1.213889,-0.0045783166,-0.0024374328,-0.0151341865,-9.351731,-2.552874,-1.3659598,-0.0029001408,0.00083783513,0.0007919678,5.6364346,4.1894064,6.861621,0.017668355,0.002311699,0.0031391855
1.25,-4.728265,5.3332653,6.7048144,0.0015627408,0.011852521,-0.0036866681,-9.5631695,1.8960152,-1.2422248,-0.0036196837,0.00015004766,-0.002919112,-9.357953,-2.5686677,-1.3619397,0.0030625637,-0.0033807547,0.00012816393,5.6163483,4.1795864,6.8484335,0.00751521,0.003915378,0.013143043
1.2692307,-4.739596,5.3829684,6.700763,0.0011886933,0.008030237,0.0031331382,-9.545704,1.9005511,-1.2254529,-0.0074229194,-0.0056925896,-0.0027939444,-9.371656,-2.5906866,-1.368378,-0.008606539,0.004116322,0.00012967337,5.636538,4.1834188,6.8537035,0.017893754,0.004390252,0.017454349
1.2884616,-4.7258787,5.3845553,6.690129,-0.0012434114,0.009408361,0.0036965036,-9.522427,1.8960459,-1.2213873,-0.004238743,0.008447519,-0.01060473,-9.358959,-2.5490346,-1.3916829,-0.012472807,-0.004098603,-0.0011049716,5.609607,4.1789694,6.8578577,0.0061799623,-0.0060181683,0.014977911
1.3076923,-4.727778,5.3541183,6.7102475,-0.0014239709,0.010512459,-0.00054422923,-9.549688,1.9166667,-1.2254397,-0.00042634914,-0.0003248824,-0.0069044167,-9.328,-2.5875428,-1.3718599,-0.009143801,-0.0029626554,-0.00071099825,5.6267,4.213758,6.852157,0.012739065,0.006523202,0.0105720805
1.3269231,-4.7218127,5.3658648,6.710614,0.00024901028,0.015200755,0.0020007973,-9.5651,1.8781555,-1.2041848,-0.005024459,-0.0021820953,-0.007672714,-9.346757,-2.5831978,-1.3901889,-0.0017958056,-0.0027397787,0.0032031683,5.6020174,4.211679,6.884563,0.007490731,0.0070235166,0.009644499
1.3461539,-4.7286534,5.384581,6.7052817,0.003197879,0.01199352,0.002857679,-9.56146,1.9278685,-1.2413528,-0.004670653,0.003305896,-0.0006880852,-9.364191,-2.572479,-1.3721392,-0.00056226045,-0.00016171507,0.0034105335,5.6132207,4.1752853,6.8820214,0.012658082,0.002849286,0.013129937
1.3653846,-4.7241864,5.345088,6.704291,-0.0013300269,0.0027849274,0.0007184986,-9.549334,1.9017748,-1.2138127,0.0011741576,-0.0016989151,-0.009693584,-9.382039,-2.5828793,-1.3658555,-0.005078367,-0.0044998885,-0.00097416533,5.6093326,4.2057066,6.847982,0.011352641,-0.0027134335,0.01038542
1.3846154,-4.740783,5.36366,6.69875,-0.002391064,0.0046842783,0.0023003558,-9.545484,1.8987403,-1.2185125,-0.0008210395,-0.0031381492,-0.009417356,-9.379004,-2.5517542,-1.375094,-0.0016362442,-0.0011373156,0.0059226393,5.630168,4.171135,6.869785,0.009534053,-0.00023813154,0.010515511
1.4038461,-4.735417,5.383644,6.698857,-0.0024495702,0.006281052,-0.002442546,-9.556093,1.9216211,-1.2535092,-0.0052025905,0.0056139464,-0.0073354924,-9.353848,-2.5669866,-1.3679513,-0.0016087914,-0.0036049706,0.0031451702,5.6099367,4.1834493,6.8409233,0.005714611,0.009796283,0.008534576
1.4230769,-4.732865,5.3638163,6.7031474,0.0034081892,0.010307054,0.0033816725,-9.545217,1.9123658,-1.1974354,0.0024237668,-0.0012111224,-0.004169973,-9.373033,-2.575081,-1.3765091,-0.0025340957,0.0005665971,-0.001739304,5.619971,4.18506,6.871459,0.010808706,-0.0047766073,0.01148288
1.4423077,-4.731894,5.391015,6.712635,0.006149552,0.011936744,-0.0032165123,-9.5399885,1.8926712,-1.2151496,-0.0010132525,-0.0030192705,-0.0041094203,-9.356676,-2.575641,-1.381621,-0.003410525,0.0033764564,-0.0034969058,5.611396,4.169539,6.8413134,0.015303243,-0.0005269277,0.011952378
1.4615384,-4.7128134,5.363214,6.71027,0.0011628314,0.00969327,-0.005970827,-9.560798,1.884214,-1.2317117,0.0026916482,-0.0011002118,-0.009535567,-9.365607,-2.591446,-1.3754463,0.0016669758,0.003552238,0.0057671126,5.635714,4.1909766,6.8824043,0.007297098,-0.0015150849,0.014673157
1.4807693,-4.736174,5.3687234,6.7406225,0.0016503928,0.010738667,0.00015672756,-9.553362,1.9028662,-1.2188876,0.00036745737,-0.0030340864,-0.0059292605,-9.355278,-2.5778897,-1.378424,0.0007759777,0.0025988922,0.0019301038,5.6320467,4.187686,6.860854,0.011412453,-0.0024081194,0.013477057
1.5,-4.7220683,5.370489,6.7018046,-0.00057981885,0.017802576,0.0028128533,-9.517067,1.8910004,-1.2232863,-0.008564933,0.0033024775,-0.00856187,-9.362812,-2.5742102,-1.3862419,-0.0018538339,-0.0077736247,0.0009274673,5.6298895,4.1780214,6.8541555,0.0063900417,-0.003932526,0.012253362
1.5192307,-4.7455096,5.3717136,6.703268,-0.0013593348,0.0113000525,-0.003961877,-9.523527,1.8894551,-1.2194659,-0.001873159,-7.3251125e-05,-0.0022403554,-9.365293,-2.5725873,-1.3974861,-0.0033674673,0.00011555538,0.0036801451,5.5987215,4.1726866,6.887615,0.009601296,0.0007083092,0.0070919
1.5384616,-4.7254033,5.3671246,6.7152486,0.0018967992,0.010865921,-0.0015056999,-9.561399,1.9039208,-1.2214715,0.00253153,0.0013711276,-0.0064159897,-9.378233,-2.5591784,-1.3754867,-0.0040721423,0.0035922308,0.0017773062,5.6287937,4.1796513,6.8424644,0.0066625183,-0.0017986447,0.010875352
1.5576923,-4.7360296,5.3841357,6.7305617,-0.011397967,0.010291172,-0.0001287756,-9.540749,1.8952513,-1.2373056,-0.005626835,0.0022436068,-0.0052820914,-9.364288,-2.5745862,-1.3795191,-0.0011884939,-0.00090805994,0.0058171484,5.6128416,4.185304,6.8700895,0.011487063,0.0019600778,0.010065953
1.5769231,-4.7259755,5.3774605,6.698422,-2.8960152e-05,0.01389727,-0.0023281998,-9.513574,1.8903961,-1.2077686,-0.004178114,-0.00026151576,-0.0019076396,-9.377605,-2.5930543,-1.3698491,0.0006120938,-0.004153074,0.00083577255,5.6169853,4.1919723,6.880413,0.009743389,0.01053342,0.009891276
1.5961539,-4.7236156,5.381311,6.7038374,0.002400818,0.007249651,0.0030759803,-9.543145,1.8979964,-1.2189322,-0.0055122073,-0.005609629,-0.0098512415,-9.371552,-2.5850856,-1.3888879,0.0018428486,0.00210107,-0.00063912506,5.6246934,4.2079735,6.840727,0.011427911,0.0032078694,0.010296262
1.6153846,-4.745215,5.38531,6.7083397,0.0005060229,0.011787106,-0.0027679054,-9.551905,1.9176543,-1.2374496,0.001681805,8.734707e-05,-0.007952351,-9.364857,-2.5824108,-1.3599476,0.00077931787,0.0037408168,0.001659511,5.635223,4.1688414,6.8461523,0.011816537,0.0025832406,0.0126298545
1.6346154,-4.724504,5.351229,6.721333,0.002117087,0.012835085,-0.0013505232,-9.512191,1.9133857,-1.2074157,-0.0073997024,0.0051895245,-0.0071497723,-9.369606,-2.5826702,-1.3915752,-0.002233147,0.0011551158,-0.00096362253,5.625896,4.200405,6.855406,0.016094381,-0.0014663283,0.011009125
1.6538461,-4.7433066,5.37925,6.718198,-0.005660915,0.0008238723,-0.0004144421,-9.526916,1.907211,-1.2327986,-0.0028748477,-0.0056947833,-0.009024509,-9.354614,-2.5619762,-1.3894492,-0.0032646349,-0.00631338,0.0060849045,5.640319,4.191523,6.8800836,0.007784648,-0.0004264964,0.012270475
1.6730769,-4.729744,5.3543887,6.694962,-0.003609569,0.01198917,0.004159228,-9.531593,1.9135199,-1.2342407,-0.0003787127,-0.0032670295,-0.005723195,-9.391271,-2.5672104,-1.377089,0.0012519426,-0.0041238684,-0.003990173,5.6211953,4.1773305,6.8607554,0.00980516,0.00247701,0.009724984
1.6923077,-4.730413,5.3559813,6.716202,-0.005724839,0.018560823,-0.0023044844,-9.544718,1.9217488,-1.2382286,0.0044958983,0.001621019,-0.0069749495,-9.359385,-2.5848875,-1.3999122,-0.0066223624,-0.000100361634,0.0059675374,5.6073594,4.192783,6.8525968,0.010101285,0.0013296285,0.009678913
1.7115384,-4.7219453,5.3615584,6.717156,0.00049256143,0.014007913,-0.002349091,-9.530417,1.9200245,-1.239238,0.00089588185,0.0023457473,-0.011693424,-9.369405,-2.584178,-1.3880736,-3.1504853e-05,-0.0049404474,0.0073680794,5.6263747,4.1894646,6.837297,0.010526294,0.0006479744,0.009662218
1.7307693,-4.7312145,5.3538313,6.705413,-0.000974867,0.018449638,-0.0044633755,-9.563129,1.8893106,-1.2214679,-0.00039250313,0.004842985,-0.0049002045,-9.384428,-2.5798929,-1.3879706,-0.0032225158,0.00613772,0.007409001,5.615479,4.1866374,6.8594556,0.008516624,0.0018141994,0.008444414
1.75,-4.717901,5.378813,6.7121797,-0.0031264052,0.014148496,-0.0030189161,-9.527679,1.902914,-1.2269709,0.002084927,-0.0014796356,-0.005782789,-9.363235,-2.5557497,-1.381894,-0.004078986,-0.005852519,0.0035960462,5.6278434,4.1655474,6.847668,0.009455248,-0.0020315545,0.0100761065
1.7692307,-4.7229815,5.367463,6.680397,0.00058229186,0.006869288,-0.0013112465,-9.528433,1.8942627,-1.2122748,-0.0036506108,-0.00044589146,-0.0061467593,-9.36451,-2.5552595,-1.3806486,-0.009915965,-0.0025417022,-0.0027502943,5.6379538,4.2045927,6.8422403,0.012032893,0.009406246,0.012736056
1.7884616,-4.7463927,5.37031,6.7169495,-0.0019904433,0.006613489,-0.005561913,-9.530625,1.9059533,-1.2157876,-0.002494184,0.0013056368,-0.0071480167,-9.36462,-2.5842752,-1.3855832,-0.0028111087,0.0012809039,-0.002945589,5.608251,4.1744795,6.8556366,0.007749617,0.003109907,0.014126194
1.8076923,-4.731943,5.34896,6.7088385,-0.0035298346,0.015241753,0.0014564365,-9.555642,1.9157989,-1.2019912,0.00050390634,-0.005705381,-0.010569929,-9.352694,-2.5793757,-1.3729547,-0.0017339978,-0.0028435893,-0.0012249271,5.610811,4.2105846,6.858172,0.008272761,0.00068091747,0.010413447
1.8269231,-4.7331166,5.3900523,6.699334,0.010440003,0.007531828,0.003223909,-9.54298,1.9100161,-1.2140843,0.000821651,-0.0029249021,-0.0032926302,-9.348652,-2.5757518,-1.3643473,-0.008506542,-0.0021238674,-0.0031746193,5.639002,4.2002516,6.851091,0.007234228,0.0024098596,0.019332187
1.8461539,-4.7428317,5.394111,6.730271,-0.0039009273,0.012092734,-0.0058133937,-9.51669,1.9141454,-1.2321525,-0.0018433945,-0.0030528423,-0.012823826,-9.377792,-2.5786738,-1.4112993,-0.0056788377,0.0034462027,0.002350214,5.6448574,4.178819,6.8626895,0.010280866,0.0048148083,0.0044925343
1.8653846,-4.719178,5.3763657,6.707144,0.0024092183,0.014005064,-0.0022020452,-9.537518,1.8960005,-1.2031891,-0.0014063256,-0.0035326378,-0.0019359727,-9.358264,-2.5790505,-1.3827704,-0.0074185543,-0.0012444884,0.00298134,5.618957,4.198981,6.8752785,0.008041881,0.00032663342,0.0126374895
1.8846154,-4.723693,5.358565,6.713788,0.0026849157,0.012425822,-0.003707627,-9.558142,1.9265448,-1.2198149,-0.000583623,0.002971488,-0.0061140433,-9.367219,-2.5493987,-1.3669133,0.0012135288,-0.00088887726,-0.00086857524,5.6297264,4.1986895,6.862992,0.01417465,-0.008616495,0.014801002
1.9038461,-4.7332754,5.3835073,6.710817,0.001234427,0.01057333,-0.0047779647,-9.531726,1.8954773,-1.2349715,-0.0040333606,-0.0022511645,-0.009193114,-9.362699,-2.5489583,-1.3822285,0.0003362281,-0.006598086,0.003285741,5.6243243,4.2051854,6.8760395,0.013277179,-0.0003973537,0.015623465
1.9230769,-4.728812,5.3677826,6.708168,-0.0026940086,0.01733161,-0.0002552148,-9.532383,1.9081646,-1.2595768,-0.0015162567,0.0009111448,-0.0060745655,-9.373441,-2.5890968,-1.3712257,-0.0012654274,-0.0028008714,0.0019377532,5.6202354,4.193772,6.8605084,0.014085956,-0.0024925843,0.008265807
1.9423077,-4.7274384,5.3791184,6.7126193,-0.001422494,0.009373092,-0.0024528522,-9.549719,1.8989497,-1.2215075,0.0041358187,-0.002514551,-0.0064272806,-9.385193,-2.5691984,-1.390397,-0.0047726915,-0.0005942398,0.0034371591,5.5987496,4.1910396,6.871778,0.01071322,0.0075541353,0.014659678
1.9615384,-4.727607,5.3671002,6.6959295,0.00575267,0.0095847985,-0.00077506393,-9.555811,1.9289858,-1.2332476,-0.0037105384,0.007972648,-0.014354171,-9.366002,-2.5712042,-1.3713092,-0.0037728501,-0.0015701429,0.00067441486,5.6378093,4.196516,6.8610773,0.011448181,0.004666266,0.017226309
1.9807693,-4.72636,5.362827,6.72681,-0.0036895322,0.013211707,-0.00010147947,-9.535604,1.8969085,-1.2401482,-0.0053105284,0.0045160046,-0.0009407484,-9.358038,-2.5684278,-1.373002,-0.0045815175,0.0023987729,-0.0019117347,5.640318,4.1714387,6.843621,0.0047202543,-0.0012259663,0.017223671
2.0,-4.7220097,5.3831306,6.7193236,0.0004339933,0.010868805,0.00248125,-9.53392,1.8983682,-1.2402955,-0.0009287297,0.0016874365,-0.0027634716,-9.368833,-2.5509217,-1.3779641,0.00048666884,-0.0017289135,0.005207272,5.6275697,4.1932845,6.8586273,0.008591872,0.006131359,0.0067679025
2.0192308,-4.725296,5.3603024,6.706851,-0.0034167413,0.01432959,-0.0004928762,-9.529745,1.9268838,-1.259619,0.00037497058,-0.0055351495,-0.011164793,-9.3387985,-2.5703483,-1.3833071,-0.0007600664,-0.004212524,0.001432496,5.6252394,4.201464,6.856571,0.00965294,0.0041247555,0.017011838
2.0384614,-4.724863,5.385692,6.690843,-0.0033445563,0.014556501,0.0015057933,-9.530522,1.9103363,-1.2338074,-0.005171683,-0.0027325966,-0.01381512,-9.372861,-2.572567,-1.3759998,0.0012821514,0.0019945847,0.0096081775,5.6253567,4.1930256,6.85667,0.0076139374,0.0030421473,0.008430418
2.0576923,-4.7242336,5.375224,6.7064476,-0.0028973618,0.010274673,-0.003801447,-9.531027,1.9265777,-1.2217822,-0.00794882,0.001666739,-0.009215969,-9.377809,-2.5759547,-1.3869208,-0.007801622,-0.0044846344,-0.00078226445,5.6071286,4.1772804,6.884727,0.008690405,-0.0015768914,0.005454489
2.0769231,-4.7253103,5.3659296,6.7125382,0.0040030126,0.010149491,0.0023478896,-9.537563,1.9067659,-1.1950707,-0.00082055974,-0.0020648623,-0.0018490463,-9.349302,-2.5945399,-1.3834188,-0.0056429426,0.0002753567,0.0015627935,5.6172614,4.1903973,6.83841,0.010055932,-0.006267762,0.018742705
2.0961537,-4.726126,5.3739877,6.717202,0.0040992275,0.008270289,-0.0016159792,-9.549049,1.9203116,-1.2216008,-0.008807006,0.003609502,-0.0034674406,-9.363374,-2.6098163,-1.347993,-0.0028411336,3.2322958e-05,0.0006794701,5.6180344,4.171282,6.8767657,0.012843808,0.004478628,0.014400037
2.1153846,-4.707182,5.359074,6.705814,0.0014614783,0.013291627,0.0027683582,-9.535086,1.9001398,-1.2349062,-0.0027993645,-0.0008872003,-0.0029703127,-9.347087,-2.5893621,-1.3966941,-0.005815025,-0.000367073,0.0051004393,5.6001067,4.197002,6.87413,0.007865365,0.0074404264,0.015873086
2.1346154,-4.7347183,5.370004,6.7112412,-0.0017578674,0.014261114,0.0009628519,-9.524219,1.9167951,-1.2193274,-0.0005386229,-0.0005779955,-0.009249941,-9.358887,-2.5712824,-1.3707331,0.0016289522,-0.0017791206,0.00045564186,5.6329155,4.211285,6.8710313,0.010851234,0.0043038987,0.011908908
2.1538463,-4.7188935,5.3645,6.710288,0.0012923968,0.006713725,-0.0036434254,-9.547106,1.9088174,-1.2299899,0.0030535974,0.00058684696,-0.003167581,-9.36415,-2.5745976,-1.372768,-0.011674192,0.0016271534,0.003961971,5.624891,4.2233586,6.8448358,0.006935049,0.012791745,0.01457923
2.1730769,-4.735319,5.365565,6.7254148,-0.004164182,0.010734187,0.0023063798,-9.542857,1.8977547,-1.2234173,-0.0068537937,-0.007401642,-0.0018325829,-9.374757,-2.5653508,-1.3777258,-0.0016482631,0.0011106742,0.008550842,5.6270423,4.181902,6.854895,0.013966163,-2.9619358e-05,0.014438013
2.1923077,-4.72883,5.371296,6.7266216,0.0059652133,0.013703067,0.008054806,-9.538289,1.9124849,-1.2342198,-0.0011323354,-0.0053438586,-0.0090408055,-9.349969,-2.5785854,-1.3793739,-0.0046706945,-0.0051100347,0.009326718,5.6462865,4.199618,6.8637676,0.014807482,0.001511306,0.01138788
2.2115386,-4.715303,5.3657675,6.702502,0.0020808424,0.011281285,0.0066697607,-9.517558,1.926564,-1.2279766,-0.0031322332,-0.0036969145,-0.0050372994,-9.337191,-2.553215,-1.3779787,-0.0021764617,-0.0009919598,0.004041056,5.636196,4.1960707,6.861176,0.0068191215,0.0025498492,0.01447806
2.2307692,-4.7318,5.3563647,6.7191906,-0.0024746268,0.015162727,0.0031603805,-9.556003,1.9113877,-1.233363,-4.1126663e-05,-0.0019099935,-0.007308737,-9.35035,-2.5589435,-1.3715075,-0.0051286947,-0.0018893097,0.0031899503,5.652604,4.1920834,6.8732824,0.010559057,0.0014415077,0.013787614
2.25,-4.721959,5.3565116,6.7136574,0.0013949034,0.018972762,0.002213538,-9.5472355,1.9048144,-1.231484,-0.0013194861,0.001220819,-0.0017741428,-9.359865,-2.577005,-1.3752269,-0.0045872163,0.002400095,-0.0015350827,5.6353703,4.184278,6.855438,0.011561753,0.0010983157,0.0072867023
2.2692308,-4.7192287,5.375388,6.712303,0.001260953,0.0143222585,0.00027694786,-9.551276,1.911918,-1.2203059,-0.0058750887,0.0015285424,-0.0074897353,-9.360235,-2.5806057,-1.3742895,-0.0034783043,-0.00092255714,0.0016875105,5.6164594,4.1974316,6.8386235,0.007953954,0.004055475,0.011007083
2.2884614,-4.732604,5.366723,6.723585,0.0017839329,0.020123094,-0.00011674431,-9.548026,1.916202,-1.2430096,-0.0015940358,0.004046414,-0.008036836,-9.359846,-2.5689614,-1.3522451,-0.0025898993,0.0030089952,0.001706013,5.6410346,4.1948447,6.846609,0.006027606,-0.0031989655,0.012612358
2.3076923,-4.730012,5.3623414,6.69816,-0.003076353,0.011335999,-0.0006788009,-9.557648,1.9019097,-1.223066,-0.004177426,-0.0006284911,-0.006093334,-9.375574,-2.568273,-1.3526121,-0.00544604,-0.0011019049,0.0018827389,5.62374,4.1832867,6.84922,0.006410827,0.002419881,0.015899822
2.3269231,-4.72951,5.3800855,6.7136335,-0.0062504574,0.009602377,0.0020130519,-9.544883,1.9117969,-1.2419722,0.0012699595,-0.0030983016,-0.0041568037,-9.350735,-2.561566,-1.3694187,0.0021207428,-0.004703122,0.0060646883,5.621079,4.1721854,6.876945,0.006393964,0.003618247,0.016531175
2.3461537,-4.709407,5.3838954,6.70674,-0.0018376735,0.0030797143,0.0001922393,-9.549093,1.9350797,-1.2446527,-0.0068761474,0.004819101,-0.00555254,-9.372392,-2.572616,-1.3622841,-0.0017095113,-0.0007783664,0.0031510356,5.6370068,4.1999483,6.8734164,0.01449938,0.005167838,0.012917934
2.3653846,-4.7555556,5.3706617,6.716886,0.0061780885,0.0066044056,0.005254753,-9.557522,1.9001548,-1.2155257,-0.005745374,0.0019267966,-0.009428181,-9.362261,-2.5695293,-1.385623,0.0004813673,-0.0014411526,0.006133214,5.6411977,4.1865587,6.864412,0.01028455,-0.0029764865,0.010761017
2.3846154,-4.7226367,5.3704524,6.713733,0.0012748318,0.010637548,-0.0018630053,-9.559248,1.9029217,-1.2337792,-0.004929071,-0.0043803607,-0.009193532,-9.351897,-2.5389254,-1.3780471,0.00035374396,0.001486845,0.007368941,5.6203203,4.2047486,6.8487406,0.007933478,0.0005449029,0.017866047
2.4038463,-4.7111344,5.368425,6.70889,0.0015822218,0.007640015,0.0040535275,-9.548306,1.9113542,-1.2174956,0.0044125444,-0.00094662356,-0.008795851,-9.3849535,-2.564211,-1.3808326,-0.004242643,-0.0015308105,0.000792677,5.5910296,4.203897,6.8578806,0.011634097,0.0071317963,0.011741862
2.4230769,-4.7344,5.362604,6.7230673,-0.00043613013,0.010129614,-0.001076003,-9.564225,1.9212706,-1.2419673,-0.003908262,0.00016183355,-0.0025047078,-9.366721,-2.5484815,-1.3765873,0.001386067,-0.0029369006,-0.00036466008,5.6174445,4.185499,6.844993,0.010083892,0.0026554037,0.0127454735
2.4423077,-4.7394166,5.3860216,6.7083473,0.0037049688,0.007421979,0.0002441806,-9.544014,1.8756067,-1.2237055,-0.0008570385,0.0017408581,-0.005157832,-9.360828,-2.5852551,-1.4021562,-0.000678554,-0.0006454094,0.00050546456,5.6274366,4.196288,6.8500385,0.01224999,-0.000918838,0.017967826
2.4615386,-4.7419257,5.3592143,6.7176843,0.005430919,0.011886912,0.008156453,-9.534163,1.9086101,-1.2140979,-0.0054400857,-0.0015352626,-0.006657973,-9.349909,-2.5879617,-1.3560863,-0.009232922,-0.01344432,0.0019013007,5.6297503,4.2013774,6.863235,0.013712661,0.0042349673,0.012630482
2.4807692,-4.728394,5.3577056,6.7199755,0.004227437,0.010089069,0.0037488837,-9.544218,1.8965211,-1.2148257,-0.0030423154,0.0016255908,-0.006112914,-9.374102,-2.5616689,-1.3809571,-0.0031841001,-0.0049614934,0.0050866385,5.6142225,4.2217274,6.8746476,0.011468028,0.003397582,0.009216167
2.5,-4.7476907,5.3532305,6.727643,0.0031132838,0.011933105,-0.0013213793,-9.53904,1.8991059,-1.2601751,-0.00011800198,0.0009702501,-0.007935681,-9.364557,-2.5685258,-1.3613411,-0.007001974,0.005012856,-0.0077944244,5.621247,4.187302,6.86244,0.008785287,-0.0018103244,0.008403392
2.5192308,-4.708769,5.3509793,6.696263,-0.0046145082,0.007051108,-0.002708802,-9.551751,1.9218032,-1.2160041,-0.006430306,0.0028467637,-0.0062288847,-9.368518,-2.5749145,-1.3855025,-0.0011767576,0.0003703707,0.006499052,5.6311727,4.16543,6.852235,0.011140911,0.0034405447,0.015479818
2.5384614,-4.705645,5.3731966,6.7254047,0.0023582205,0.0070090233,-6.567873e-05,-9.530995,1.9215105,-1.2403538,5.0040737e-05,0.0032655338,-0.0049398886,-9.370625,-2.5852854,-1.3873364,-0.0057100467,-0.000222655,0.004189146,5.6046677,4.191351,6.8410335,0.008991651,0.0031892278,0.014611017
2.5576923,-4.748838,5.368086,6.7224092,-0.003293533,0.0036696633,0.0014271493,-9.5466795,1.9244094,-1.2449028,-0.003203142,-0.0035119092,-0.009508077,-9.35108,-2.5727077,-1.390218,0.0008476653,-0.00092086336,0.005209042,5.627634,4.196339,6.892532,0.010834637,0.0022154585,0.012005071
2.5769231,-4.7360525,5.341566,6.693363,-0.0017628169,0.008663454,-0.0018385875,-9.534227,1.9253283,-1.2232168,-0.003135636,0.00044807527,-0.006505486,-9.355981,-2.5933843,-1.3767613,-0.0048330035,0.003860477,-0.0019176574,5.6019235,4.2024646,6.860387,0.013347129,0.00404419,0.012479428
2.5961537,-4.75661,5.353769,6.70208,-0.0013411208,0.011182806,0.0027422165,-9.546428,1.9042073,-1.2416719,-0.0024184852,-0.0016611057,-0.012083799,-9.36211,-2.5913045,-1.38939,-0.0051338,0.0026292899,0.004485159,5.6237164,4.181982,6.8696566,0.0147466995,0.0027863064,0.017636057
2.6153846,-4.745998,5.373498,6.707498,0.0050550764,0.010728921,0.0022167466,-9.537876,1.9259304,-1.2125137,-0.001994368,0.0018284748,-0.00457975,-9.358673,-2.5710156,-1.3804784,-0.004576449,0.0009910654,0.0056290748,5.6324077,4.197511,6.8595757,0.013714504,0.0012665996,0.01081459
2.6346154,-4.738185,5.368189,6.6877723,-0.0052609434,0.010954345,0.00040549436,-9.543015,1.8960242,-1.228492,-0.0042273393,0.0024251782,-0.008007218,-9.366345,-2.5754218,-1.4077483,-0.0015990139,-0.0030397323,0.007128839,5.6305604,4.210104,6.859758,0.005595091,0.0012825605,0.016082445
2.6538463,-4.731641,5.351128,6.7194104,-0.0020210752,0.0067093843,0.0029765465,-9.547007,1.9034499,-1.2387218,-0.001142489,-0.00524741,-0.0058091334,-9.370127,-2.5687354,-1.3804982,-0.008983244,-0.0012687596,0.00013483173,5.6366506,4.2006307,6.844247,0.016043553,0.0015717904,0.011748079
2.6730769,-4.7418694,5.377235,6.7159376,0.0031141015,0.0056237956,-0.0018086655,-9.556702,1.9002551,-1.2147328,-0.0057670604,-0.0003997916,-0.0009816083,-9.360811,-2.58893,-1.381606,-0.002371455,-0.004887218,0.0034599472,5.6195626,4.195637,6.8384914,0.001443168,0.00051748514,0.013634076
2.6923077,-4.7177024,5.3661933,6.703366,-0.0056383386,0.01196652,0.0028170922,-9.53916,1.9079685,-1.2204901,-0.00078968593,-0.00072449073,-0.009549898,-9.381559,-2.5688906,-1.3640082,-0.008285857,0.00086480274,0.0034575756,5.615521,4.190521,6.8642735,0.015956635,-0.00037250927,0.0076407054
2.7115386,-4.733031,5.3445563,6.7170887,0.00043464795,0.011868837,0.0023440022,-9.55017,1.9336594,-1.2183837,-0.0040618945,0.002245911,-0.005431157,-9.361885,-2.5698748,-1.3903705,-0.0076787965,0.00037913595,-0.00066196226,5.6397715,4.195618,6.848156,0.008809561,0.0019695705,0.009561757
2.7307692,-4.7542186,5.363092,6.7337766,0.0038561583,0.0066801226,-0.0020982514,-9.538874,1.924848,-1.2144784,-0.004596257,0.0018050676,-0.008647676,-9.364738,-2.5534046,-1.368279,0.00053579937,0.0083010765,0.001826359,5.6179996,4.1909595,6.8579946,0.010185807,0.0016293006,0.02065356
2.75,-4.731772,5.374895,6.7235885,0.0036242441,0.014003112,0.002630799,-9.501108,1.9224378,-1.2300252,-8.4923035e-05,-0.0065179425,-0.008222432,-9.371186,-2.5704575,-1.4057537,-0.0013956538,0.00012181992,-0.00032800043,5.632025,4.200611,6.849061,0.008093692,0.008617624,0.004754343
2.7692308,-4.7374096,5.3648243,6.7210965,-0.004584604,0.015020791,0.003737506,-9.528148,1.8868433,-1.2536919,0.003947155,-0.0032574113,-0.004219047,-9.34906,-2.5625064,-1.3838812,-0.0021226928,-0.00458421,-0.00017409518,5.6316934,4.1979747,6.8478312,0.0035001414,0.0034056786,0.021031555
2.7884614,-4.719254,5.384319,6.72645,-0.0014495207,0.011659819,0.00053325586,-9.537206,1.9057949,-1.2284303,-0.0016520303,0.006214403,-0.0034088495,-9.37547,-2.5751126,-1.3923533,-0.0019257494,0.00095777155,0.005951039,5.6011224,4.196599,6.847553,0.01545341,0.00206388,0.009200076
2.8076923,-4.7228117,5.3553014,6.7249527,0.003272567,0.011005802,0.0026682178,-9.53455,1.9000401,-1.2411705,-0.0037389738,0.0015949697,-0.010183014,-9.358152,-2.5805497,-1.3656993,-0.0055686715,-0.0041706422,1.9526775e-05,5.6398273,4.177361,6.8320003,0.009228868,0.0019646164,0.018927654
2.8269231,-4.7384152,5.3592906,6.697028,-0.0023440723,0.008831624,0.0018780179,-9.53032,1.9026897,-1.2395082,0.00020305028,0.0024870944,-0.011493229,-9.379158,-2.5766978,-1.3563983,-0.005039238,-5.5141852e-05,0.0011666175,5.5956125,4.1812096,6.835606,0.0061425483,-0.0044539785,0.016065972
2.8461537,-4.7462687,5.365896,6.725758,-0.008121807,0.0064897146,0.003791845,-9.559266,1.9055207,-1.2269791,-0.00055955927,-0.0025489745,-0.009649028,-9.368802,-2.6002462,-1.3686649,-0.005801343,-0.0037303711,0.0010482811,5.6324663,4.173288,6.8443623,0.010409166,0.0013887897,0.010102776
2.8653846,-4.7289543,5.3669696,6.7108903,0.007900582,0.0110888565,0.002084613,-9.541186,1.9044702,-1.2326415,-0.0018448548,0.0023765555,-0.002245819,-9.367514,-2.566054,-1.3738086,-0.0019030804,0.0019830796,0.0047087804,5.654494,4.181978,6.882593,0.014363728,-0.0035697087,0.014490897
2.8846154,-4.7400055,5.373013,6.716902,-0.0005537023,0.013801474,-0.004680547,-9.534635,1.8956805,-1.1996846,-0.00055311556,0.001906522,-0.0066510057,-9.373333,-2.5958123,-1.3684715,-0.01220766,0.000793293,0.015109513,5.630307,4.186486,6.8670073,0.01147243,-0.0008665219,0.0142410165
2.9038463,-4.719676,5.381261,6.7134514,0.001973542,0.017770983,-0.001307345,-9.537041,1.9177625,-1.2429445,-0.0072988695,-0.00072835037,-0.0005035148,-9.347676,-2.5795066,-1.3525738,-0.0046314085,5.1061517e-05,0.0028387583,5.6354814,4.1760592,6.8763385,0.0026117612,0.006628409,0.012770663
2.9230769,-4.7368317,5.3602486,6.7198195,-0.0005358433,0.010334714,0.00047450894,-9.5393715,1.9106052,-1.2306687,-0.004420417,0.0027301323,-0.006240459,-9.351511,-2.5624933,-1.3803813,-0.0010693633,-0.002146162,0.0015029204,5.6186304,4.1900687,6.860056,0.010636061,0.0040067565,0.0058184797
2.9423077,-4.722584,5.3659177,6.7051606,0.0005189578,0.01049736,0.0008639487,-9.537483,1.91595,-1.2399609,-0.0040567257,0.0032317745,-0.005163151,-9.375311,-2.5713422,-1.3684288,-0.001313683,-0.00435553,0.0042524114,5.6295238,4.1853657,6.863804,0.002960149,0.0023517055,0.014562401
2.9615386,-4.7432866,5.356549,6.7007294,0.0027352932,0.013356173,8.281751e-05,-9.540275,1.8824315,-1.2445397,-0.003003947,-0.0020888492,-0.0052898866,-9.364035,-2.5793936,-1.3790933,-0.009854115,0.0016213238,-8.30612e-05,5.6050897,4.1681476,6.849292,0.011851364,-0.002196697,0.010754812
2.9807692,-4.715262,5.3510303,6.717524,-0.0044392105,0.010967085,0.003141636,-9.544387,1.9174424,-1.2453331,0.00086013327,-0.001575411,-0.0063559255,-9.334606,-2.5889382,-1.3917018,-0.00487255,0.00049908727,0.006601427,5.624931,4.187992,6.83961,0.0050640674,0.007194099,0.01168117
3.0,-4.7090716,5.3501654,6.7029986,0.00064772327,0.007881758,0.0028339543,-9.535279,1.9186567,-1.2211665,0.0040350705,-0.0021840467,-0.008655433,-9.3552,-2.5844662,-1.4236963,-0.0052706683,0.0026683088,0.0035847984,5.6127996,4.189114,6.856003,0.010159365,0.0024425732,0.013018317
3.0192308,-4.739118,5.3691773,6.7150407,-0.0031154056,0.009065767,-0.0013337221,-9.545605,1.9223342,-1.2356247,-0.003984076,0.0028655846,-0.0068320967,-9.366877,-2.5522406,-1.3799481,-0.0022604228,-0.0010446182,0.0008783341,5.6279693,4.1826205,6.840521,0.010130247,-3.223428e-05,0.010844702
3.0384614,-4.73231,5.37226,6.6929927,-0.00091167114,0.014288996,0.0013483961,-9.546717,1.8965689,-1.2342075,-0.0033141994,0.0008501299,-0.01129163,-9.349703,-2.5594702,-1.3847069,-0.0060050716,0.0030588675,0.009499003,5.599392,4.183389,6.8492928,0.007916191,0.008230849,0.0105675785
3.0576923,-4.7230835,5.3770022,6.7264237,0.0014878045,0.012845489,-0.0021079597,-9.541522,1.8923744,-1.2316161,-0.0027662462,-0.0015018323,-4.806963e-05,-9.383729,-2.580365,-1.3706384,-0.0057448805,0.0025130645,0.0012558486,5.6283956,4.184873,6.8442154,0.018751016,0.000102237755,0.014803607
3.0769231,-4.737094,5.3554993,6.7100563,-0.00664158,0.009579044,0.0016058568,-9.555841,1.9308573,-1.2035937,-0.0015675264,-0.0018469272,-0.01019151,-9.368448,-2.5763946,-1.3559002,-0.00857251,-0.0029568337,0.00349038,5.609062,4.188685,6.8723006,0.00873027,-0.00056804117,0.017548518
3.0961537,-4.732474,5.375335,6.696641,0.00094152754,0.010280662,-0.00045292272,-9.5567665,1.9006041,-1.2137421,-0.0045283637,0.000834537,-0.0023011623,-9.352588,-2.5848985,-1.3766097,0.0012817375,-0.0028330563,-0.00108788,5.611811,4.2059155,6.8371243,0.014653055,0.0013863797,0.013603795
3.1153846,-4.7405987,5.342426,6.711097,0.00069104857,0.00673401,0.0012550479,-9.529063,1.9015328,-1.228762,-0.0061409483,-0.0028596257,-0.0027672064,-9.354976,-2.5552425,-1.3780233,0.0005390739,-0.0012586185,-0.003833929,5.6296906,4.201821,6.860832,0.009845456,0.0022866311,0.012670843
3.1346154,-4.733193,5.372923,6.716727,-0.0029915704,0.014305564,0.0037034603,-9.529814,1.8907079,-1.2048523,0.001377619,0.0014886333,-0.008889617,-9.353471,-2.5795124,-1.376696,-0.0047297473,0.00096470874,0.007399387,5.6273956,4.171357,6.85555,0.0081044,0.0017409542,0.010466454
3.1538463,-4.7104,5.3770113,6.7206054,-0.0024667662,0.013055066,5.9771988e-05,-9.537547,1.8980285,-1.205048,0.000521903,0.00451312,-0.0062070545,-9.379218,-2.5935516,-1.3838974,-0.010229948,-0.0019106881,0.0029687954,5.6314816,4.1918197,6.8578844,0.015009333,0.002939425,0.011231847
3.1730769,-4.7479863,5.372243,6.7235126,-0.002786167,0.011822366,0.005556295,-9.535406,1.9103962,-1.245369,-0.010651674,-0.0053468067,-0.011374635,-9.370686,-2.5708075,-1.3616115,-0.00026645378,0.0020248499,0.006072239,5.6061387,4.190806,6.8620796,0.011572632,0.0020419417,0.014592124
3.1923077,-4.7481766,5.3651943,6.7016068,-0.005352451,0.00892337,-0.0029350864,-9.558054,1.8996546,-1.2268132,-0.0036003098,-1.683239e-05,-0.007902068,-9.362174,-2.5705764,-1.3731792,-0.003988708,0.0030987943,0.0040676394,5.608724,4.184879,6.8606224,0.013159966,0.008020073,0.013660855
3.2115386,-4.7236977,5.3390737,6.701074,-0.00026335995,0.01397323,0.002160865,-9.5486555,1.9146868,-1.2392685,0.00023135853,-0.0010946776,-0.00029717188,-9.370267,-2.5575473,-1.3750584,-0.004166905,0.0011476484,-0.003355734,5.6427994,4.1712365,6.8487735,0.0066462867,0.00011240873,0.014439104
3.2307692,-4.7301536,5.3842554,6.7079597,-0.004740336,0.014683187,-0.00010542193,-9.508075,1.9023901,-1.233291,-0.0015219874,-0.0018615759,-0.008567555,-9.362051,-2.5625434,-1.3764653,-0.0059387567,0.00068997045,0.00284169,5.6283636,4.1870885,6.848033,0.01737607,-0.0007975428,0.016925309
3.25,-4.7148438,5.342777,6.699658,-0.0023564664,0.015023749,-0.0009912384,-9.548381,1.9078581,-1.2220887,-0.002947981,0.00079781923,-0.004600018,-9.360189,-2.590903,-1.3687603,0.001353636,-0.004156003,0.004387156,5.605183,4.19526,6.8579216,0.011799756,0.003066953,0.012220852
3.2692308,-4.7155848,5.3697243,6.6945586,0.002356367,0.012859224,-0.00244451,-9.528363,1.9136839,-1.2262443,-0.002027454,0.006441371,-0.006222444,-9.378725,-2.5484662,-1.3895822,-0.00063854276,-0.0038024792,-0.0039867046,5.637182,4.216017,6.84952,0.009631816,0.0042305556,0.012824986
3.2884614,-4.7064443,5.366897,6.7073812,0.0017446653,0.011740144,0.010055269,-9.539996,1.9028744,-1.213622,-0.0075090528,0.0014047377,-0.009897826,-9.360344,-2.5762355,-1.3964543,-0.0036002148,-0.0022895061,0.004130027,5.628128,4.1830287,6.833998,0.0025180916,0.0053845914,0.010598554
3.3076923,-4.7255387,5.372074,6.7374883,0.0006478517,0.012718386,0.004279156,-9.534018,1.877907,-1.2218997,-0.0014625621,0.0007009939,-0.0011702682,-9.367479,-2.5981283,-1.3813329,-0.004707617,-0.0013862117,-0.00084487005,5.602735,4.188931,6.877461,0.015425974,0.010679858,0.017913364
3.3269231,-4.73704,5.3638453,6.7052436,-1.42637355e-05,0.0073996116,-0.0041824016,-9.532767,1.9051843,-1.2110662,-0.0034309626,0.0002616019,-0.0055821002,-9.3776,-2.5842216,-1.3634531,-0.0064200955,0.0027160372,0.0021890397,5.6369424,4.1808686,6.8882008,0.0061728973,-0.00217993,0.011901459
3.3461537,-4.7499666,5.361298,6.7046924,-0.00103623,0.012726074,0.006570811,-9.535387,1.9132352,-1.2206609,0.0044827885,-0.0003537797,-0.0068931966,-9.374699,-2.5576723,-1.3796157,-0.0032453588,-0.0028624993,0.0058837724,5.5991344,4.1681237,6.8646903,0.010655194,-0.000286778,0.0142449355
3.3653846,-4.731475,5.3795323,6.6972528,-0.0014687951,0.012687677,0.0025953578,-9.531868,1.9043618,-1.2426237,-0.00642056,0.0013146403,-0.0009707919,-9.351458,-2.549251,-1.3618268,-0.00041126326,-0.0037564945,0.0033973858,5.645535,4.2129726,6.855693,0.005238514,0.0043754666,0.010009693
3.3846154,-4.758768,5.3671875,6.712015,-0.002039071,0.014242014,0.00037488193,-9.527762,1.9032688,-1.2294247,-0.0028096659,0.002112398,-0.0006375605,-9.352153,-2.5757234,-1.3849782,-0.0022879275,-0.0057853474,0.0011453959,5.623222,4.2006416,6.8560543,0.0068335445,0.0008303931,0.010421054
3.4038463,-4.7313385,5.3473883,6.7091956,8.5479514e-05,0.015542712,0.0005448548,-9.540791,1.914942,-1.2150298,-0.0048523434,0.001759295,-0.008320379,-9.370555,-2.6050508,-1.3804107,-0.00610778,0.0014601183,0.0060775965,5.609113,4.2158136,6.8438787,0.010718878,0.002121106,0.016802171
3.4230769,-4.7292233,5.3600664,6.719225,-0.0020213588,0.015275359,0.0040905206,-9.519544,1.9130276,-1.2157826,-0.0053442935,0.0033518947,-0.002951725,-9.380399,-2.5704632,-1.3852684,-0.008747318,-0.0007005213,-0.007256239,5.5915947,4.2007446,6.877834,0.013308861,0.005701844,0.014082331
3.4423077,-4.7440763,5.3583255,6.6996403,0.0023959947,0.016335255,-0.00039252028,-9.568255,1.9103568,-1.2284684,-0.008712753,0.0005687281,-0.0080187945,-9.366763,-2.5827441,-1.3902067,-0.0061223567,-0.004820059,-0.0017476087,5.6232677,4.1855817,6.8473325,0.007420759,-0.0045877486,0.011631824
3.4615386,-4.7415543,5.355287,6.7152233,-0.0053240177,0.004605265,0.00074889476,-9.521735,1.9237928,-1.2380558,-0.0071508037,0.005843968,-0.000725448,-9.359659,-2.5766664,-1.3557968,0.0021427108,-0.0042893956,0.0032148801,5.6141105,4.1898203,6.856459,0.0067110187,-0.0029788096,0.013983999
3.4807692,-4.7214513,5.376232,6.6947184,-0.0048234803,0.016648492,-0.00039039907,-9.556883,1.8796186,-1.2236123,-0.0001513885,0.0007624753,-0.009011214,-9.354781,-2.5613213,-1.3733451,-0.004554977,-0.0037318706,-0.0018316745,5.6132684,4.182155,6.8619757,0.0015622339,0.0043406994,0.016212258
3.5,-4.7325444,5.3726845,6.704557,-0.006069258,0.011754652,-0.002261595,-9.535451,1.8860037,-1.2350513,0.00036724992,0.005144156,-0.0067375163,-9.355396,-2.5821102,-1.3557781,-0.0025668603,-0.0019846342,0.0040524513,5.627093,4.1958747,6.8649216,0.013279047,0.0047065206,0.0122700995
3.5192308,-4.727271,5.3731174,6.7168026,0.0031084758,0.005870017,0.0010598014,-9.552158,1.9042916,-1.224211,0.00044991387,0.0031186142,-0.009898151,-9.355746,-2.5760937,-1.3605047,-0.0012065893,-0.0011210266,0.0056463303,5.616219,4.217465,6.859932,0.008028709,0.0018769435,0.013493293
3.5384614,-4.7118516,5.3799577,6.70297,-0.0028421306,0.015421234,0.003919339,-9.565844,1.8900803,-1.2112343,-0.009589739,0.00249881,-0.005282143,-9.375094,-2.5784328,-1.3897256,-0.006051772,0.000312643,-0.00018459678,5.646168,4.186066,6.8659277,0.0112088015,0.007998583,0.008600778
3.5576923,-4.7239423,5.3834,6.68372,0.002041434,0.011070529,-0.00043695135,-9.530641,1.9083285,-1.2123737,-0.0005719617,-0.0011929674,-0.006773731,-9.337693,-2.5806732,-1.3822665,-0.001485549,0.0024476543,0.0020339775,5.605825,4.1880965,6.869807,0.0051677804,0.0042893067,0.010980267
3.5769231,-4.7610416,5.3744445,6.6971188,-0.0021167207,0.008991934,-0.0040940084,-9.530728,1.9132022,-1.2510704,0.0028210094,-0.00014595558,-0.001167315,-9.352463,-2.5363636,-1.3736135,-0.0025044882,-0.0013307778,0.0017289585,5.6309686,4.21512,6.847834,0.012951257,0.0025384165,0.012551137
3.5961537,-4.7410526,5.3587847,6.6974335,0.0024486184,0.013286571,-0.00019266718,-9.533485,1.934408,-1.2448068,-0.004089587,-0.0044860635,-0.0014681037,-9.383392,-2.572259,-1.3821043,-0.0057415753,-0.0035317969,-0.00059960067,5.6190753,4.202801,6.845075,0.010839026,0.0057179118,0.008448285
3.6153846,-4.7285223,5.3665895,6.7014728,-0.0016251204,0.010858811,0.0021131383,-9.538899,1.9101638,-1.2206016,0.0026399547,0.00013251098,-0.00421225,-9.383016,-2.568159,-1.3809288,-0.003072237,0.0005453237,-0.00039999865,5.631017,4.20211,6.863999,0.011530433,-0.0011356024,0.0121561475
3.6346154,-4.740819,5.3848677,6.7094526,-0.00045982032,0.010067628,0.0037376545,-9.550704,1.9141667,-1.2153352,-0.00025336296,0.0015389837,-0.0042004357,-9.378056,-2.573236,-1.3946319,-0.0022131759,-0.005724413,0.002292547,5.618746,4.1999254,6.8709702,0.013108557,0.0068589663,0.011000033
3.6538463,-4.7123084,5.3240523,6.6949053,0.0030839334,0.0115490155,0.0015656735,-9.548385,1.9122385,-1.2361273,4.0039962e-05,0.004459372,-0.008534699,-9.350293,-2.5763912,-1.3775737,-0.0015115069,-0.006140746,0.001829684,5.6306105,4.1775393,6.8498445,0.0063496362,-0.0012171199,0.010722644
3.6730769,-4.7298703,5.3677897,6.7068243,-0.0024464515,0.011294362,0.005745061,-9.509697,1.9175177,-1.230282,-0.0023756465,-0.0022794416,-0.0037372538,-9.355011,-2.5659611,-1.3782655,-0.0066910083,7.9676756e-05,0.006296279,5.6230927,4.1825666,6.852343,0.009640237,0.0032590155,0.011441783
3.6923077,-4.716888,5.3625827,6.7195697,0.0062869843,0.013450575,0.0061931754,-9.524169,1.9161493,-1.2084563,-0.004698369,0.0027580748,0.00041319954,-9.366051,-2.569177,-1.3742101,-0.005588454,-0.0040530437,0.0037622137,5.627114,4.1959004,6.8582397,0.011348376,0.0028630751,0.013465513
3.7115386,-4.7397323,5.353391,6.687907,-0.0011309074,0.010757119,0.010011499,-9.538344,1.934392,-1.2064446,-0.0017435849,0.00039342357,-0.0032758906,-9.352333,-2.5782866,-1.3805592,-0.004159984,0.0014307465,0.002357194,5.622929,4.1839886,6.858045,0.006169166,0.0059733633,0.0121401595
3.7307692,-4.7191873,5.348084,6.6974344,0.0028388377,0.016574856,0.0034212747,-9.534707,1.8976376,-1.2346808,-0.0029463114,0.0007842948,-0.00797416,-9.3507805,-2.5668812,-1.3718635,-0.0011449427,-0.0020275759,0.003625691,5.63823,4.199307,6.8683934,0.012071276,0.00043933347,0.0042599738
3.75,-4.726649,5.3591704,6.7328367,0.0009892139,0.015585903,0.0026361314,-9.534407,1.8965601,-1.2485441,-0.0015575314,-0.0018951786,-0.0035630355,-9.347703,-2.57154,-1.3790823,-0.00036376977,0.00046236394,0.0013138804,5.618787,4.212359,6.8364005,0.0076467553,-0.0013872548,0.013402348
3.7692308,-4.724338,5.369645,6.703403,-0.0014198291,0.012143185,-0.0041168574,-9.516633,1.9072045,-1.2476368,-0.0072587663,-0.0009283829,-0.009253596,-9.357397,-2.5486596,-1.3690119,-0.005194648,0.002748474,0.0048881136,5.6528907,4.1758194,6.83633,0.010859975,0.00055241404,0.015529703
3.7884614,-4.7260466,5.3516326,6.7169895,-0.0005093787,0.011487643,-0.0034313535,-9.5496645,1.9069666,-1.2388822,-0.0062256013,0.00054363953,-0.008550741,-9.368095,-2.5637739,-1.3667756,-0.0008279561,-0.0011904854,-0.0017751483,5.6163373,4.1933703,6.863907,0.012062821,0.002862536,0.010669969
3.8076923,-4.7541304,5.363971,6.700168,-0.00058501237,0.0070584584,-0.0020148093,-9.529564,1.9281076,-1.2296102,-0.0013780701,-0.00025878457,-0.010256844,-9.37342,-2.592591,-1.3897454,-0.004308218,0.0020758316,0.00069491874,5.6219535,4.1949353,6.878237,0.014286316,0.00083773007,0.012215703
3.8269231,-4.727695,5.3634944,6.6913652,0.0046416633,0.012446835,0.007078864,-9.539939,1.8973908,-1.2173575,8.1530154e-05,0.0021353972,-0.008430671,-9.368501,-2.5817196,-1.384297,-0.00446263,-0.00079809985,-0.0013107373,5.633966,4.191699,6.834822,0.014582404,0.0009020274,0.016874751
3.8461537,-4.7428718,5.3725634,6.704482,-0.001901584,0.015150007,-0.00027783233,-9.531916,1.892187,-1.2232836,-0.004882469,-0.0036936717,-0.0026050983,-9.350899,-2.5721612,-1.3987094,-0.005124593,0.0006662237,0.0063042073,5.6346326,4.194709,6.8656116,0.009381195,0.0011611299,0.012439113
3.8653846,-4.7463703,5.364394,6.7164164,0.0030754544,0.010406324,0.0059184036,-9.544071,1.9062285,-1.2155854,-0.0055051027,0.00076776615,-0.0035709532,-9.336343,-2.5722075,-1.3617469,-0.0058872337,-0.0009207782,0.003937396,5.6362796,4.1726832,6.8584113,0.0075669116,0.0065814015,0.009377704
3.8846154,-4.7250023,5.3635406,6.7164783,-0.005408962,0.012111712,0.0017866228,-9.533807,1.8978142,-1.2490104,0.003190744,-0.0016257558,-0.0040097376,-9.346938,-2.5763726,-1.3563398,-0.008316445,-0.0025721907,0.0005890824,5.6215587,4.175458,6.843223,0.0065487716,0.002042328,0.0045732995
3.9038463,-4.711921,5.367504,6.7220035,-0.0041522672,0.014169372,-0.0008126527,-9.542972,1.9084681,-1.2364887,-0.0022475119,-0.00030635373,-0.0057314388,-9.372726,-2.5689037,-1.3841215,-0.0057491087,-0.0062330826,0.0038580722,5.606833,4.2124496,6.860956,0.010053893,0.0065742787,0.0141055
3.9230769,-4.747705,5.3891354,6.6963863,0.00589142,0.0044493405,-0.00043220137,-9.550048,1.91699,-1.2307708,-0.0015771122,0.00051419664,0.0011274914,-9.375399,-2.5609863,-1.3928367,-0.00064092415,0.003794542,0.005850018,5.63335,4.172427,6.852229,0.012079304,0.0013725621,0.0105873635
3.9423077,-4.7289495,5.3794856,6.734,0.008173758,0.01135675,-0.0018777,-9.555479,1.9037478,-1.2485919,-0.000881475,0.00073360733,-0.013157354,-9.350787,-2.5709457,-1.397469,-0.005591857,0.0021036987,0.00513308,5.6358957,4.1884513,6.852972,0.012719751,0.005557795,0.012725225
3.9615386,-4.715879,5.3682466,6.7148848,0.0020938118,0.014377653,-0.00020907249,-9.548611,1.8995255,-1.2448052,0.0012127684,-0.0013814868,-0.00090899353,-9.363217,-2.5648527,-1.371289,-0.007869423,1.560735e-05,0.0033565594,5.6345763,4.2185025,6.857126,0.011442696,-0.000801761,0.012572617
3.9807692,-4.695367,5.3507705,6.7249193,-0.0007500407,0.010631839,-0.004748232,-9.518019,1.8838822,-1.2229494,0.0019407094,0.00052770716,-0.0009833447,-9.368209,-2.5736382,-1.3793582,-0.000877525,0.0008979506,0.0033930729,5.6160493,4.192531,6.8540688,0.014743436,-0.0014161721,0.011627512
4.0,-4.7244067,5.40989,6.7203555,-0.0007883082,0.010491017,0.0030957614,-9.528045,1.9072325,-1.2117652,-6.693058e-05,0.002342424,-0.007653779,-9.350026,-2.560621,-1.3814021,-0.0077984273,0.0035092114,0.00354365,5.6125355,4.2012825,6.846741,0.013239574,0.0044444157,0.013570776
4.019231,-4.7380195,5.373026,6.6919074,-0.0033417726,0.008084693,0.0035994987,-9.529347,1.9187095,-1.2333487,-0.0040656263,-0.003343422,-0.0062905042,-9.368163,-2.5589523,-1.3710309,-0.0054988293,0.0029327525,0.0005572341,5.600582,4.1961565,6.847817,0.010728733,0.0035092398,0.014184953
4.0384617,-4.719542,5.3672934,6.7028627,0.0018518473,0.0153739005,0.00059086224,-9.562014,1.8798522,-1.212562,-0.0069302428,-0.0018123077,-0.009306924,-9.370982,-2.5740106,-1.402212,0.0012721914,0.0049316916,0.0075898455,5.6033273,4.197193,6.848701,0.007997799,-0.004525747,0.010677268
4.0576925,-4.7284603,5.3585715,6.706255,-0.0014009391,0.010528194,0.001152277,-9.530441,1.9030082,-1.2348526,-0.004258408,0.00020006202,-0.008377194,-9.364906,-2.572504,-1.3937727,-0.0047320863,-0.0026188307,-0.0016415818,5.613483,4.1927147,6.8514547,0.0027676595,0.0027951568,0.005653212
4.076923,-4.725363,5.3765874,6.709827,-0.0040827314,0.0050392495,0.00010011683,-9.537786,1.9052193,-1.228383,-0.0045715356,0.006232459,-0.007865875,-9.367614,-2.5815904,-1.3917608,-0.0072453856,0.0029481715,0.0017382664,5.62244,4.1815715,6.86384,0.0074621225,0.0014877098,0.012188118
4.0961537,-4.7270637,5.353519,6.7153807,-0.0027201006,0.008523175,-0.0004727139,-9.55189,1.9218333,-1.2292198,0.0042638043,-0.0015262516,-0.0035527393,-9.350547,-2.543792,-1.3863363,-0.006961621,0.0032717776,0.0033919876,5.6280856,4.1747565,6.8638916,0.013236152,0.0051138788,0.01565102
4.1153846,-4.725645,5.387816,6.714806,0.002109603,0.01153787,0.004540199,-9.529527,1.888502,-1.2407348,-0.007754423,-0.0007497563,0.0009842395,-9.366829,-2.5845802,-1.3909749,-0.0028330446,-0.0023824577,0.005015466,5.616387,4.1791406,6.846541,0.00810256,-0.00359785,0.01299542
4.1346154,-4.723283,5.3488045,6.695688,-0.0032010232,0.0022331746,0.0012431901,-9.549146,1.9254911,-1.2224796,-0.005477537,-0.0032417309,-0.0077043166,-9.364812,-2.5756001,-1.367824,-0.004512316,-0.0068539996,0.0025381085,5.631999,4.197973,6.8432865,0.014152141,0.005607099,0.0070890775
4.1538463,-4.7238593,5.369031,6.699633,-0.0039398144,0.013939951,0.003364448,-9.523415,1.9080601,-1.2168847,-0.004123011,-0.003608331,-0.005737358,-9.367601,-2.5592766,-1.3763754,-0.0049495683,0.004126063,0.00155784,5.612128,4.2045083,6.8444,0.0075376476,0.0014266653,0.015334412
4.173077,-4.7394867,5.383664,6.6797223,0.0026475093,0.00944649,-0.00068774895,-9.5339365,1.8950597,-1.2293602,0.0016796269,0.0022099195,-0.0055298437,-9.376737,-2.584995,-1.3876922,-0.007819129,-0.0014784063,0.0042275647,5.624242,4.1851926,6.858612,0.008967375,0.003118423,0.008796463
4.1923075,-4.720104,5.349646,6.7025294,0.002957243,0.014219435,0.0042901644,-9.555496,1.9170606,-1.2290924,0.0025025548,-0.004646694,-0.007434186,-9.366676,-2.5787323,-1.388337,-0.008678211,-0.0072014327,-0.0019648597,5.643955,4.191466,6.8509955,0.015334042,0.0057869456,0.01426156
4.2115383,-4.7224746,5.389099,6.7066317,-0.0038425012,0.005882977,-0.0002202579,-9.538789,1.8979671,-1.2274646,0.00018092159,0.0018970397,-0.008573103,-9.347614,-2.5650578,-1.3620967,-0.00013832918,-0.010803281,0.0030952857,5.6366005,4.191471,6.839541,0.010981956,0.0012295424,0.013106045
4.230769,-4.7048903,5.3677826,6.686634,0.0027163064,0.013176564,-0.0019436183,-9.523301,1.8943133,-1.2172538,-0.008472391,0.0011384102,-0.010575416,-9.357478,-2.5825808,-1.3725817,-0.0075380676,-0.0018244445,0.0037904216,5.6309376,4.1919146,6.8447943,0.0066512045,-0.0048185284,0.012254403
4.25,-4.7370377,5.3671503,6.7208824,-0.00044391153,0.013226911,0.0003355348,-9.54377,1.8942435,-1.2172692,-0.005602384,0.005476284,-0.009512541,-9.367185,-2.5720022,-1.3576189,-0.005132401,-0.0064062774,0.003925863,5.6167054,4.193777,6.867489,0.008807779,0.00026556893,0.008602261
4.269231,-4.739847,5.356468,6.7174144,0.0040597967,0.012965461,0.002336426,-9.525364,1.8931684,-1.2286967,-0.00904438,-0.0010893506,-0.0020043997,-9.345791,-2.5706005,-1.3782881,-0.0026432395,-0.0004657812,0.0061511993,5.6248803,4.1856666,6.8636446,0.01205498,0.0011875711,0.013441808
4.2884617,-4.7302055,5.3573275,6.7220464,0.0001157376,0.0049530994,0.000716354,-9.5618515,1.9151914,-1.2095689,0.0065365746,0.0049217,-0.0009244768,-9.3714075,-2.5873933,-1.3666744,-0.0017883069,0.0014241884,0.00080903264,5.60203,4.2179456,6.85701,0.008991477,0.0017333113,0.0077220337
4.3076925,-4.724883,5.3671403,6.713243,0.0028831537,0.014154559,0.005352957,-9.511071,1.8949803,-1.2300757,-0.004142123,-0.0041780057,-0.0007655503,-9.374459,-2.5924232,-1.38294,-0.00019903814,-0.0055832397,-0.0024635694,5.624794,4.1953387,6.8566623,0.0032034873,0.0038507278,0.009197771
4.326923,-4.6930127,5.348255,6.7276416,-0.0039474135,0.012834558,-0.0049379417,-9.532697,1.893539,-1.2344829,-0.0018265041,-0.00029444112,-0.0048791105,-9.370222,-2.563156,-1.372245,-0.006081601,0.0010672772,0.0069363136,5.6231213,4.177972,6.879693,0.010496157,-0.0017341943,0.015705151
4.3461537,-4.7152925,5.3556314,6.7012653,0.00053610443,0.01534103,0.0030784924,-9.523758,1.9149733,-1.237433,-0.0029672808,0.0072931894,-0.006162646,-9.369887,-2.5621805,-1.3527292,-0.00079335255,-0.0009837531,0.002886196,5.62965,4.211661,6.847231,0.010597122,0.006550205,0.009868466
4.3653846,-4.725658,5.3591447,6.7135377,0.0015260199,0.016232306,-0.0019367668,-9.527524,1.906601,-1.2136879,-0.0019479557,0.0030978303,-0.006136,-9.358164,-2.5590966,-1.3614591,-0.0049333344,-0.0055747577,0.002900768,5.62035,4.2049003,6.8540416,-8.545362e-05,0.001771977,0.014851796
4.3846154,-4.7068605,5.3634214,6.698704,-0.0029679816,0.011524038,0.0005986555,-9.552337,1.911857,-1.2055506,0.00040624393,-0.001037412,-0.007690849,-9.341984,-2.5803287,-1.3901068,-0.0034597907,-0.0002723157,0.0034096902,5.615259,4.1941156,6.857173,0.005428861,0.0025251023,0.009143826
4.4038463,-4.719584,5.35875,6.716117,-0.0025257105,0.013635927,-0.00042964047,-9.543819,1.8923838,-1.2529111,0.0033627322,-0.0032521891,-0.0019047916,-9.357364,-2.5981622,-1.3846066,-0.0035138652,0.0034207748,0.0021189675,5.6157837,4.187637,6.888406,0.010058248,0.0027266531,0.021846814
4.423077,-4.7402253,5.366112,6.700314,-0.00042267892,0.012940891,0.0002157513,-9.553294,1.901635,-1.2409332,-0.0060170204,0.0016567098,-0.0064019705,-9.375245,-2.5556252,-1.3818144,-0.0007256745,-0.00044003787,0.004976313,5.632748,4.1695933,6.856209,0.005250557,-0.003230712,0.0024873556
4.4423075,-4.7233524,5.3707395,6.714013,-0.00036813464,0.0062752767,0.001523718,-9.556555,1.9010974,-1.2323949,-0.0021948637,0.0016263832,-0.002843528,-9.372807,-2.5892963,-1.3906865,0.0022908074,0.005186577,0.0022323297,5.612008,4.1912823,6.8520536,0.01757701,0.0012289982,0.009845267
4.4615383,-4.697978,5.360128,6.693789,-0.004150745,0.0069938973,-0.0028414475,-9.549127,1.8969647,-1.2215586,-0.0024442435,0.0002990692,-0.005742481,-9.381904,-2.6039283,-1.3654091,-0.0034721335,-0.004685872,0.001198225,5.6043916,4.1998377,6.845588,0.008170332,-0.0023147948,0.01195881
4.480769,-4.728301,5.3654437,6.709173,-0.0012236467,0.008165047,-0.007419908,-9.549453,1.9019368,-1.2230101,-0.0048039956,-0.0001886945,-0.010639806,-9.367822,-2.56127,-1.3612647,-0.0037310428,-0.0044192206,0.0014659539,5.641353,4.193035,6.8416758,0.009013863,0.0059065474,0.008510766
4.5,-4.7379103,5.3640804,6.7055407,-0.00076026615,0.009014988,-0.000543897,-9.525524,1.9120647,-1.2115684,0.0001750652,0.0010532278,-0.0010938797,-9.359011,-2.5737908,-1.3721907,-0.0049901092,0.0031784344,0.00034848528,5.6389465,4.205672,6.8786883,0.00842158,0.0014072569,0.011985273
4.519231,-4.727108,5.3459473,6.7148347,-0.0032339527,0.010723256,0.002862194,-9.549354,1.9059772,-1.2451175,-0.0015032963,0.002149531,-0.010298114,-9.375047,-2.5435722,-1.367481,-0.00836438,-0.00095054123,0.0045179976,5.6230693,4.2174277,6.857112,0.008633497,-0.0014985916,0.00584906
4.5384617,-4.7283125,5.3796883,6.7082195,-0.0018622817,0.010869764,0.00039515295,-9.539195,1.8953024,-1.2346141,-0.0006415932,0.0018202789,-0.005385357,-9.362155,-2.5904877,-1.3835487,-0.0022186274,-0.0020173213,0.005443128,5.6293993,4.201818,6.8474617,0.0062672975,-0.0019214149,0.017865513
4.5576925,-4.7338386,5.3725095,6.720097,-0.0050347582,0.011602362,0.00614524,-9.518548,1.9027485,-1.2270528,-0.0024266553,-0.0014169373,-0.0023713028,-9.363419,-2.5619,-1.37177,0.00014782154,-0.0019482077,0.0038623107,5.6158333,4.199705,6.840472,0.0102638425,-0.0035203872,0.012187172
4.576923,-4.7431645,5.361986,6.7008843,0.007339148,0.01101595,-0.0034957577,-9.541877,1.8888713,-1.2233967,0.00094470434,-0.00018408093,-0.0032535568,-9.357543,-2.5708594,-1.3780242,-0.004551778,0.004859919,0.00547778,5.624223,4.202054,6.8830132,0.0110226385,0.004278585,0.0106877005
4.5961537,-4.7463636,5.3774724,6.7057652,0.0023990877,0.008255625,-0.0074895094,-9.531652,1.8987391,-1.2415214,-0.004531034,-0.00083765126,-0.010662255,-9.34385,-2.5581946,-1.3942142,0.000549514,0.002917247,0.0026459615,5.6062226,4.190967,6.8604894,0.0038683733,0.0073192106,0.0149517525
4.6153846,-4.7080617,5.37826,6.7193418,0.0049675102,0.013750772,0.0028586786,-9.5224695,1.9008826,-1.2212977,-0.0034369365,0.007934958,-0.008713734,-9.359175,-2.5799165,-1.3539546,-0.0033203322,0.0020117047,0.0032618146,5.6368885,4.1978593,6.83038,0.0035824238,0.00068947783,0.0084379595
4.6346154,-4.7172832,5.371685,6.702905,0.00454767,0.010384595,0.0030808116,-9.524555,1.9202741,-1.226649,-0.001222291,0.0035970097,-0.0011862473,-9.310984,-2.5885823,-1.3776,-0.008214577,-0.004154261,0.0016072958,5.6201067,4.1997523,6.8478923,0.011387478,0.0013611208,0.013228347
4.6538463,-4.7524714,5.3564806,6.7161026,0.00064776954,0.0060004015,-0.0019109049,-9.54551,1.9025167,-1.2281216,0.00018603828,-0.004694155,-0.005452636,-9.378097,-2.5698552,-1.3724157,-0.002485417,-0.0023575297,0.009910646,5.6308384,4.2080374,6.868213,0.014890908,0.0018787723,0.019089727
4.673077,-4.7524424,5.371188,6.715158,-0.00385213,0.009007135,0.002021126,-9.545523,1.9086077,-1.2350099,0.003717902,0.0011459826,-0.011026706,-9.34083,-2.5821013,-1.374976,-0.0056063766,-0.003577171,0.0023680348,5.6045885,4.187886,6.851925,0.005714939,0.004721871,0.009918483
4.6923075,-4.7300277,5.3984203,6.7024417,-0.0027269863,0.010024383,0.005693752,-9.544916,1.8965102,-1.223497,-0.0015859158,0.0006514406,-0.009890611,-9.364884,-2.5683239,-1.3703569,-0.0013888191,-0.0025343078,-0.0013779176,5.6230283,4.2009196,6.861124,0.0122151235,-0.00054062885,0.010872188
4.7115383,-4.7032733,5.378717,6.712344,-0.0036856811,0.013215199,0.0034412702,-9.537596,1.8824997,-1.2360996,-0.0016342791,-0.0016110527,-0.003395223,-9.359393,-2.5950665,-1.3751173,-0.010314552,0.001334011,0.000749108,5.610536,4.187309,6.8749747,0.005597166,0.0018896908,0.016591974
4.730769,-4.7317963,5.3577313,6.695791,0.00057204295,0.013102748,-0.0005896615,-9.550777,1.8992262,-1.233891,-0.0013461403,-0.0006514782,-0.006208308,-9.369077,-2.5883152,-1.3862019,-0.0056177764,-0.00055512565,0.0021751027,5.6008363,4.1930976,6.855181,0.00875836,0.006166078,0.008551628
4.75,-4.735217,5.371228,6.7189155,0.00010945464,0.009770865,-0.0029211133,-9.535958,1.919716,-1.2351378,-0.004043894,0.0009092485,-0.01204787,-9.363914,-2.5865176,-1.3734046,0.0014455664,-0.0041278386,-0.0012661878,5.6344175,4.196134,6.8850965,0.008812437,0.0014862149,0.012151792
4.769231,-4.7387953,5.362004,6.703926,-0.0007144858,0.013745718,0.0027130498,-9.546019,1.9280015,-1.2123079,-0.000744214,0.0011944097,-0.011302222,-9.373782,-2.5836468,-1.3770144,0.001857035,-2.4360825e-05,-0.00010872123,5.621522,4.179279,6.870479,0.009103992,0.0050191083,0.0045950683
4.7884617,-4.7583876,5.3525624,6.697849,-0.0014597782,0.013577579,-0.0035360407,-9.551262,1.8940688,-1.2378575,-0.0055388003,-0.0025636246,0.002404332,-9.36648,-2.5710828,-1.3633713,-0.0009947786,-0.0029375164,0.0022262977,5.617792,4.189471,6.8604655,0.003377056,0.001806016,0.014593995
4.8076925,-4.7371006,5.372806,6.6960053,-0.003006483,0.010048602,-0.0049378863,-9.555828,1.9093331,-1.2413837,-0.0056649595,-0.007959271,-0.0033881264,-9.382394,-2.5847747,-1.3816692,-0.007023479,-0.0042294045,0.0068952776,5.6177645,4.2088675,6.86814,0.006638448,0.003181189,0.010326381
4.826923,-4.730509,5.343752,6.6944685,0.0028470447,0.012282137,0.0014250493,-9.532425,1.9147648,-1.2360669,-0.0070052193,-0.003672597,-0.0019784484,-9.352093,-2.5651927,-1.3764734,-0.000605688,-0.0027706497,0.0030035737,5.6226788,4.170135,6.852069,0.00632797,0.002629352,0.013656574
4.8461537,-4.715005,5.3643985,6.705969,0.0029448422,0.015767185,0.0032496608,-9.553949,1.9063431,-1.2356938,-0.004616955,0.0035940742,-0.0027047521,-9.361579,-2.5920143,-1.3579991,-0.005794536,0.0018588348,0.002016992,5.6223555,4.194843,6.8600693,0.014536398,0.0019796665,0.015527426
4.8653846,-4.7225714,5.367278,6.695362,0.0013503435,0.011253332,0.002041489,-9.549641,1.8916216,-1.2370336,-0.003977941,0.0008364592,-0.004199501,-9.373979,-2.5782278,-1.3812962,-0.0036939555,-0.00010032403,0.0016326217,5.637905,4.1943207,6.87891,0.014283637,0.0024934816,0.014081289
4.8846154,-4.727183,5.3698773,6.686097,-0.002981296,0.013715728,-0.005704862,-9.525101,1.8882391,-1.2212148,0.0018217795,-0.0034655093,-0.006113043,-9.356688,-2.5925026,-1.3844103,-0.004812581,-0.0074592694,0.0012327867,5.6240354,4.196751,6.8589354,0.009691665,6.967546e-05,0.010888612
4.9038463,-4.710865,5.3601785,6.7218246,-0.011498432,0.012691271,0.0024724659,-9.5439005,1.9109968,-1.2197952,-0.005911172,0.0015889831,-0.0064922413,-9.364706,-2.59176,-1.3881104,-0.00011807804,0.0030868314,0.00278261,5.628813,4.191772,6.864142,0.006010332,0.008767256,0.015747374
4.923077,-4.7347927,5.3663683,6.7017994,-0.0047053583,0.009774839,0.0013284625,-9.557683,1.8903943,-1.2257936,-0.0053313994,-0.006966899,-0.010691361,-9.361996,-2.5858722,-1.3740183,-0.003949075,-0.0020452722,-0.004996469,5.6328025,4.1910276,6.8748107,0.010098832,0.00023657126,0.0070741978
4.9423075,-4.7258115,5.3499174,6.693598,-0.0027578687,0.016847232,-0.00029877428,-9.544744,1.9255832,-1.228282,-0.0028621713,-0.003403949,-0.008903554,-9.34397,-2.5485592,-1.3637029,-0.0055200723,-0.004062427,0.0020966919,5.633548,4.189364,6.832068,0.009962255,0.0007908027,0.010124118
4.9615383,-4.7509947,5.353949,6.7138567,-0.0026043456,0.009046552,0.0008937065,-9.536493,1.8988706,-1.2426691,-0.002884987,0.0012072576,-0.009189712,-9.381961,-2.571475,-1.3810009,-0.002972208,-0.0049874554,0.0026172583,5.6235285,4.205844,6.8528476,0.0061325347,-0.003838411,0.013065019
4.980769,-4.7323437,5.357418,6.6911535,-0.0013454427,0.013771287,-0.003463785,-9.535061,1.9240377,-1.2305106,0.0004954921,0.0020211115,-0.0014748982,-9.364381,-2.5613332,-1.3699899,-0.0033945083,-0.0023694152,0.009134987,5.612722,4.2031264,6.8704233,0.0076252655,0.0041498295,0.013927081
5.0,-4.733727,5.368656,6.693169,0.0029186234,0.012846092,-0.00093426596,-9.53656,1.9061399,-1.224332,0.0034131233,0.0007710238,-0.008704205,-9.364626,-2.5765703,-1.3859816,-0.0033481922,-0.002609463,-0.0013295216,5.6422453,4.205116,6.8506856,0.0069240727,-0.0020090984,0.012337016
5.019231,-4.724041,5.339419,6.727126,0.00040717283,0.008834394,0.0012545051,-9.554101,1.8968905,-1.2452832,0.0057404335,-0.0024229405,-0.01104753,-9.366674,-2.5946736,-1.3707408,0.0033786811,-0.0015124601,0.00534066,5.6339507,4.19572,6.8614836,0.007989621,0.0053685214,0.010360467
5.0384617,-4.7374344,5.3724723,6.713207,-0.0041540493,0.018240962,-0.0046996865,-9.528273,1.9043897,-1.1958337,-0.004297416,-0.0014849488,-0.00021830609,-9.366108,-2.5688,-1.3715223,-0.0022204486,0.0011781793,-0.003933627,5.6275444,4.1659803,6.8333807,0.008700184,0.010057623,0.013172632
5.0576925,-4.7275205,5.3794966,6.7028403,0.0028083276,0.010228571,0.0002493668,-9.531539,1.8977379,-1.2483253,-0.0010521909,0.003983854,-0.0034899833,-9.371794,-2.5478597,-1.3684151,-0.0032379737,0.0005953342,0.0010371424,5.616059,4.2172604,6.8507395,0.010818226,0.00313037,0.0186622
5.076923,-4.7269444,5.35474,6.7163405,0.002546831,0.011565869,0.0022623704,-9.543709,1.9050664,-1.2178252,0.0014414944,0.0018057878,-0.0013480297,-9.359523,-2.5846212,-1.3727509,-0.009398469,0.00032544602,0.0043130014,5.6031528,4.1944194,6.8687224,0.016379861,0.0034867825,0.01617757
5.0961537,-4.766103,5.384209,6.706869,-0.0030375544,0.014598456,-0.0026271634,-9.530333,1.9254129,-1.2434491,-0.0009201117,-0.0055582235,-0.0018157781,-9.379683,-2.5831256,-1.3583237,-0.0022202516,-0.00043763855,-0.0017243959,5.624359,4.201767,6.8996654,0.0106541505,2.358454e-05,0.016149942
5.1153846,-4.740614,5.374279,6.7142353,0.0009918243,0.018222664,-0.0038767236,-9.5516615,1.9144427,-1.2490551,-0.0018851153,-0.0018958987,-0.009700268,-9.366054,-2.5588868,-1.3824886,0.0024052274,-0.009244536,-0.00013731609,5.620306,4.2197933,6.8462367,0.014446327,-0.00074149185,0.014870903
5.1346154,-4.713247,5.3513403,6.7109046,0.003488616,0.01507988,0.005785781,-9.526356,1.9151858,-1.2289159,0.0030144302,-0.000991994,-0.009036667,-9.371585,-2.5527046,-1.3762325,-0.0074304123,0.00571546,-0.00018981987,5.6222296,4.2039185,6.860745,0.007907369,-0.0004265786,0.010256073
5.1538463,-4.720514,5.3642077,6.7055726,0.001861225,0.014057676,-0.0017989858,-9.520661,1.9151185,-1.2188402,-0.002788938,-0.00086254405,-0.00297603,-9.341937,-2.5607877,-1.3708292,-0.0040597827,0.0007252322,-0.0009873353,5.628313,4.1736536,6.8610415,0.00728711,0.0051877717,0.017769087
5.173077,-4.7249355,5.361795,6.7073627,-0.0020524317,0.006735397,-0.0019007833,-9.538171,1.927313,-1.210765,-0.00012302112,-0.00011185497,0.0006940776,-9.371809,-2.5705743,-1.3813369,-0.0023026639,-0.0029565375,-0.004562581,5.62553,4.210753,6.8513985,0.00417496,0.0028136384,0.017001957
5.1923075,-4.72961,5.347824,6.6873584,0.00050638174,0.00985928,-0.0017881235,-9.533868,1.899268,-1.2390255,-8.356889e-05,0.0049759503,-0.0077637653,-9.34694,-2.5779996,-1.3709096,-0.0022410704,-0.00054221164,-0.002057576,5.6117306,4.1894684,6.85274,0.01089431,1.21842195e-05,0.01632333
5.2115383,-4.758023,5.3424845,6.70785,0.0017359311,0.013102113,-0.003428465,-9.541431,1.8991959,-1.251839,-0.0020236217,-0.007861907,-0.0014390697,-9.366276,-2.566734,-1.3830167,-0.001290406,0.000648548,0.0014657202,5.629049,4.186242,6.8769245,0.0035869477,0.0004665431,0.007099228
5.230769,-4.7245283,5.3552356,6.72269,-0.0014741361,0.008675997,-0.0011372562,-9.530932,1.9102019,-1.2312832,0.00067421474,0.00232369,-0.004640567,-9.365971,-2.5760946,-1.3717707,-0.0037077393,0.0029162057,0.0033645837,5.62573,4.21375,6.8477287,0.007870366,-0.00243311,0.011158227
5.25,-4.7279196,5.3577113,6.7097216,-0.004329218,0.0160578,-0.004732269,-9.542732,1.8945235,-1.2518656,0.0004917668,-0.002996132,-0.0026474267,-9.377015,-2.5536475,-1.3598014,-0.004831488,-0.005611301,8.5827865e-05,5.6233883,4.174094,6.8508544,0.010869233,0.0035295542,0.015963335
5.269231,-4.7208047,5.358012,6.703437,0.0026029139,0.009982671,0.0025721202,-9.557612,1.9031116,-1.2382903,0.0024092563,-0.0017320341,-0.005241294,-9.345785,-2.5892181,-1.3897233,0.0009305288,0.0021948277,0.003933424,5.6155453,4.1880145,6.8496394,0.005168181,0.0038771997,0.013292109
5.2884617,-4.7189555,5.3647194,6.724242,-0.0022869413,0.016526774,-0.00029537542,-9.547988,1.9023647,-1.2379348,-0.0008210681,8.362137e-05,-0.0041516926,-9.370461,-2.5658662,-1.3953176,-0.0052353586,-0.0036149726,-0.0018219957,5.6310225,4.189559,6.8639793,0.0112592885,0.0042573875,0.0170754
5.3076925,-4.7222466,5.3560467,6.7264276,-0.00065451243,0.00843507,0.0024199043,-9.556491,1.8993022,-1.2290933,-0.0019443462,0.0019779354,-0.005774678,-9.373801,-2.580807,-1.3915124,-0.006601975,-0.0011905072,0.00347265,5.5878267,4.2065277,6.856626,0.009112802,-0.0013200059,0.012089911
5.326923,-4.741776,5.366042,6.7027745,-0.0058553373,0.018206771,-0.0024596965,-9.550278,1.9309825,-1.2378967,-0.0002019528,-0.0033987206,-0.010111659,-9.330792,-2.582688,-1.3815434,-0.0018627573,0.0040592803,0.0039991997,5.6120234,4.2101297,6.8531103,0.012820155,0.006646923,0.0099385455
5.3461537,-4.7341113,5.3574753,6.7203817,-0.00016831562,0.0069049667,0.0049881875,-9.549488,1.925485,-1.2176925,-0.0036535482,-0.00080147764,-0.002928615,-9.370958,-2.5501554,-1.3608474,-0.008230428,0.0052148337,0.0057196734,5.6223807,4.1993484,6.8596635,0.00371759,0.0045711244,0.007939329
5.3653846,-4.7454486,5.3664546,6.710414,-0.005345875,0.013312479,0.0014353492,-9.54816,1.91719,-1.2316847,-0.0005786389,0.0007676075,-0.012453663,-9.372755,-2.5671418,-1.3708353,-0.0070563573,8.1058606e-05,0.005098619,5.607543,4.179421,6.868097,0.0060867625,0.003423133,0.012154078
5.3846154,-4.7510123,5.359083,6.7069983,-0.002758806,0.011088802,0.0005865404,-9.553669,1.9027134,-1.2253507,0.0022601027,-0.0022967716,-0.0001125856,-9.3540125,-2.561803,-1.3629792,-0.0018133674,0.0036551794,0.0050403164,5.6068506,4.205472,6.865478,0.007470454,0.0028572918,0.012465657
5.4038463,-4.7377515,5.363205,6.7071905,-0.00040883015,0.0076953843,-0.0040033697,-9.522272,1.9188572,-1.2356913,-5.534959e-05,0.004395393,-0.0010370495,-9.381204,-2.5772002,-1.3694304,-0.0051387544,0.00010128449,0.0047005247,5.6277575,4.19134,6.843691,0.013185201,-0.0024615205,0.010550169
5.423077,-4.716971,5.3775616,6.70553,-0.0015913091,0.013535144,-0.0033237746,-9.538091,1.9122041,-1.205882,-0.0011725595,0.0030493694,-0.0061837607,-9.356272,-2.5803082,-1.3991609,0.00051586813,-0.0025965886,0.001059245,5.620373,4.1825533,6.8710866,0.0049759415,-0.0033301394,0.015163449
5.4423075,-4.7219,5.342795,6.703965,0.00081503857,0.010427244,0.0059940605,-9.528687,1.9168919,-1.2394125,-0.0026016063,-0.0043427027,-0.007543813,-9.349858,-2.5579648,-1.3648064,-0.0065860758,-0.0044775843,0.0028252783,5.6360145,4.1780095,6.852745,0.0029391565,0.0029696731,0.01820205
5.4615383,-4.7201366,5.371371,6.70324,0.005829357,0.013436191,-0.0026171268,-9.542357,1.900225,-1.2111933,-0.0070768143,0.0022421665,-0.006251824,-9.364614,-2.5738432,-1.3698395,-0.0047570746,-0.007053428,0.00016090574,5.644221,4.179266,6.844174,0.012538005,0.0064559234,0.018118266
5.480769,-4.733282,5.3584547,6.7137747,-0.0030210577,0.011492702,0.0011453022,-9.530785,1.9083542,-1.2175461,-0.00024777898,-0.0036431411,-0.0072444878,-9.372547,-2.5721734,-1.376261,-0.007029075,-0.0022290584,0.00061560614,5.626124,4.1576743,6.8632097,0.014605788,0.0040852744,0.01639226
5.5,-4.7122736,5.3810987,6.722188,-0.0008780571,0.014197581,0.0038931726,-9.529083,1.895,-1.2263911,-0.0069988193,-0.0055207815,-0.016622538,-9.364958,-2.5925865,-1.3840857,-0.004349626,-0.0028342898,-0.0030531208,5.6146045,4.1908345,6.843607,0.007924732,0.0030875693,0.01630622
5.519231,-4.741143,5.368098,6.7172832,-0.0011599576,0.0109228445,-0.006671068,-9.532967,1.9016315,-1.2170806,-0.004196679,0.00091051625,-0.0063378266,-9.364394,-2.5850713,-1.3770491,-0.005136052,-0.0034009062,0.0041897623,5.616042,4.1968837,6.859652,0.012032228,0.0011297625,0.012705455
5.5384617,-4.726651,5.372057,6.7146287,-0.0014224319,0.010103155,0.0019229278,-9.527166,1.90444,-1.2283542,-0.003082254,0.0103658205,-0.006396857,-9.323604,-2.5781503,-1.3609898,-0.0055511594,-0.0067928643,0.0021101316,5.5988526,4.205074,6.841679,0.015696347,-0.0020954558,0.0101152
5.5576925,-4.7459097,5.3545666,6.6998754,0.0008033477,0.014144077,0.00027253595,-9.545589,1.9063274,-1.2315197,-0.0033245846,0.002177624,-0.00015984231,-9.380238,-2.584533,-1.3867755,-0.0058787894,-0.0035880792,0.0029635932,5.627109,4.1985173,6.832704,0.008960433,-0.0034299558,0.012000661
5.576923,-4.7281837,5.35995,6.7060027,-0.0026739177,0.006578165,0.0035680886,-9.539582,1.9085808,-1.2121629,-0.008465281,0.000961005,-0.0074695484,-9.371957,-2.5649362,-1.3797697,-0.000933284,0.0010910906,0.0023099263,5.622371,4.208312,6.8446903,0.0076876,0.0038428209,0.0065453057
5.5961537,-4.7109447,5.3584623,6.7221065,0.002143676,0.009675544,0.0041317763,-9.53025,1.9360512,-1.203987,-0.0026007572,-0.007297167,-0.009801598,-9.37469,-2.5804586,-1.3496783,-0.0014300864,-0.003886813,0.0015555706,5.625907,4.1801395,6.862565,0.0055012787,-0.0011981367,0.014213601
5.6153846,-4.7200623,5.35026,6.69536,0.0014710602,0.011206658,0.004425356,-9.551371,1.9222023,-1.2109524,-0.0048053064,-0.0049617006,-0.0025041788,-9.361746,-2.557662,-1.3730898,-0.0063744304,-0.0022579543,-0.0009014877,5.5970225,4.1787677,6.8694367,0.017243704,0.00022399864,0.008479356
5.6346154,-4.7178335,5.3527164,6.716156,-0.0040535973,0.010181125,0.0041856496,-9.546318,1.9192746,-1.2127398,0.0016308754,0.004718609,-0.0052261804,-9.36641,-2.5644953,-1.3680493,-0.0049932334,-0.005371756,0.0039578085,5.6254597,4.196055,6.854642,0.00653825,0.0069158208,0.014327188
5.6538463,-4.7365627,5.366199,6.71734,-0.002090206,0.014131189,0.0024071443,-9.547332,1.919589,-1.2403469,-0.005337761,-0.0029754569,-0.0066124625,-9.372915,-2.582823,-1.3919997,-0.0046143443,0.0044872803,0.002954342,5.658359,4.220977,6.8602257,0.009270837,0.0062037,0.017704861
5.673077,-4.718489,5.3539453,6.722118,-0.0027076218,0.01184879,0.006680433,-9.550682,1.895266,-1.2086636,-0.0054390323,-0.0020758745,-0.0020677673,-9.352752,-2.5689175,-1.3803087,0.003216354,0.00026950496,0.008085597,5.6114707,4.214679,6.8473744,0.012123466,0.001659326,0.012688869
5.6923075,-4.735327,5.37978,6.715007,-0.0021623224,0.007348762,-0.00536175,-9.56506,1.9074112,-1.2213433,0.001280429,-0.0064128814,-0.0031990225,-9.344425,-2.5596504,-1.3716301,-0.003988222,0.0026931236,0.006763468,5.6400657,4.202606,6.826834,0.009240013,0.0073465444,0.008877289
5.7115383,-4.718779,5.386831,6.7090764,-0.0035523379,0.008277184,0.0024270173,-9.554495,1.8894038,-1.2295191,-0.004599618,-0.0024511395,-0.007521554,-9.372023,-2.5734088,-1.3790675,-0.0012886598,0.0030651167,0.00032628115,5.620223,4.204954,6.8345995,0.013784562,-0.0051757284,0.012324827
5.730769,-4.7191954,5.3773675,6.7145586,0.00047117728,0.009901244,-0.0019963444,-9.517765,1.8995384,-1.2232192,-0.0064351414,0.0032427735,-0.0022335367,-9.361516,-2.5675056,-1.3759764,-0.003204511,0.0023860398,0.0012334702,5.632143,4.1917834,6.8502874,0.0049036527,0.0027586934,0.013548212
5.75,-4.7223167,5.3650184,6.6971383,0.0023022331,0.009603584,0.0010110047,-9.527894,1.9186429,-1.220016,-0.003694804,-0.0056967866,-0.0092166485,-9.346817,-2.559836,-1.3773389,-0.006092956,0.0007548812,0.0061039245,5.6265182,4.1745777,6.8557987,0.0055453293,0.007219435,0.01566764
5.769231,-4.7297707,5.3428235,6.679157,0.002418111,0.013104285,0.0010983462,-9.547347,1.893412,-1.2214413,-0.0038373778,0.003289854,-0.004048184,-9.370747,-2.5655756,-1.3901018,-0.0033011516,-0.0018416955,-0.0024623936,5.629428,4.1883793,6.854707,0.008536935,-0.0067272745,0.00802215
5.7884617,-4.7339954,5.3816895,6.7093835,-0.0008930412,0.0105314255,0.00013026205,-9.533322,1.8997016,-1.2181754,0.0007332294,-0.0060314164,-0.010210396,-9.380848,-2.575695,-1.3852296,-0.002261658,0.00082510186,0.0062131863,5.6325245,4.2052536,6.856431,0.01320747,0.0029195363,0.009502247
5.8076925,-4.726664,5.369093,6.7219286,-0.0030487205,0.018671775,-0.0015830749,-9.56413,1.8934283,-1.2301112,-0.0062459083,-0.005207996,-0.0059980764,-9.3493395,-2.5736198,-1.3886666,-0.005845708,0.00051823375,0.003536668,5.610193,4.186497,6.868319,0.008521834,-0.0017135548,0.009784701
5.826923,-4.7514076,5.3538156,6.718161,-0.0034356476,0.008308992,-0.0045472877,-9.545171,1.9228688,-1.2185141,-0.00017831945,-0.000829241,-0.0055742664,-9.3533945,-2.5841336,-1.3857981,-0.006127831,0.0022652787,0.00038468183,5.621022,4.204568,6.846304,0.00905047,0.005181068,0.013078036
5.8461537,-4.728313,5.379828,6.726401,0.0014275972,0.016575646,-0.0037463119,-9.5564165,1.9192393,-1.2325977,0.0023172495,0.0012821739,-0.010352478,-9.343234,-2.5676396,-1.38954,-0.004340224,-0.0009463525,0.0053420486,5.625802,4.204562,6.862906,0.012237063,0.0009022423,0.011611862
5.8653846,-4.7297187,5.3665843,6.720719,-0.00022361045,0.014986727,-0.0007814762,-9.558278,1.9180404,-1.248601,-0.0052071777,0.00033989004,-0.0014924336,-9.363015,-2.5855076,-1.3532633,-0.0029044808,0.0067536873,0.004398703,5.631078,4.185764,6.8418217,0.009437417,0.0014436245,0.0151600065
5.8846154,-4.7413015,5.383923,6.7041316,0.00096337916,0.011377815,0.0010781822,-9.547847,1.9006869,-1.2406107,-0.0022752266,0.0031926294,-0.009205728,-9.350745,-2.5835528,-1.3832086,-0.0034871825,-0.0028701418,0.0030411875,5.63473,4.1964984,6.8490415,0.005566672,0.0002456399,0.008907854
5.9038463,-4.741768,5.3476486,6.6997895,-0.0015769661,0.009304767,-0.0017066256,-9.57396,1.8971201,-1.2335259,-0.00459776,0.00021617733,-0.011148193,-9.355018,-2.5574079,-1.3703114,-0.00345207,-0.0028991338,0.002392753,5.6409044,4.1911826,6.848177,0.0068193404,0.0066123493,0.006480379
5.923077,-4.7133975,5.3883696,6.7035103,0.0017304168,0.013663067,0.0059902477,-9.552689,1.9141296,-1.2255414,-0.0030893844,0.0018220203,-0.008870163,-9.383307,-2.5605395,-1.3721244,-0.010340239,-0.0013158189,0.0037061512,5.630424,4.1960073,6.859407,0.005416207,0.0048837126,0.01914063
5.9423075,-4.7339354,5.3614483,6.7176476,-0.0059140353,0.006561603,-0.006062913,-9.534666,1.9035085,-1.2380697,0.0009092936,-0.004915685,0.00076805486,-9.381414,-2.5617483,-1.3734714,-0.0059448583,0.0006786444,0.0030225578,5.6563735,4.2094917,6.8634615,0.012210665,0.00632983,0.014124518
5.9615383,-4.73608,5.380467,6.68557,-0.0014511585,0.01635566,-0.0018033322,-9.535811,1.9140055,-1.2341539,-0.003992336,-0.003681118,-0.00534533,-9.359552,-2.581156,-1.3831015,-0.008344656,-0.0006076154,-0.0032129828,5.641772,4.2126527,6.840862,0.010303858,-0.0015169291,0.014733664
5.980769,-4.7266226,5.3674245,6.7176404,-0.00043614785,0.0071322354,0.00020384858,-9.539684,1.9076246,-1.228583,-0.0037133186,0.0015976479,-0.004141918,-9.365781,-2.5754483,-1.3792471,-0.004425046,-0.003304698,0.0063689994,5.6241546,4.1981373,6.859231,0.00623129,-0.0031250026,0.013593698
6.0,-4.7211347,5.374466,6.713568,0.0009229999,0.016661702,0.0036364296,-9.533284,1.9068799,-1.2032899,0.0044625043,-0.0029727248,-0.005336842,-9.347345,-2.5624385,-1.3539088,-0.0061866017,0.005153211,0.0023279327,5.6295652,4.1949635,6.864589,0.011268859,0.0014607307,0.014371705
6.019231,-4.7178154,5.3755193,6.717353,0.00315002,0.010043118,0.0027964236,-9.566152,1.9188863,-1.2221477,-0.0015439668,-0.0043513034,-0.010578042,-9.376853,-2.573598,-1.3767942,-0.0045525474,0.0013274852,0.00639082,5.6242414,4.191522,6.8433585,0.008954285,0.0012329143,0.010826586
6.0384617,-4.7410297,5.364627,6.7026978,0.00032283686,0.0128001785,0.005003438,-9.570787,1.8902029,-1.2452798,-0.00246267,0.0001509287,-0.0035840445,-9.357437,-2.571643,-1.3542018,-0.0050370023,-0.00032385916,0.0005166188,5.615569,4.1791444,6.8318667,0.007626363,0.00384995,0.012410396
6.0576925,-4.7459536,5.3819413,6.68667,0.00085184013,0.014737237,0.0038655757,-9.551881,1.9197325,-1.2273711,-0.0049934792,0.0047356314,-0.009199083,-9.369227,-2.5814233,-1.3770752,-0.0022601094,0.0027620103,0.0017403284,5.6209936,4.1814866,6.8759246,0.00684956,0.0067667197,0.010947703
6.076923,-4.7391424,5.3793116,6.7118955,-0.0033055102,0.018591842,0.0027024015,-9.532786,1.9083526,-1.2363995,-0.0061799893,0.00043635906,-0.0035315345,-9.378313,-2.5858448,-1.3764504,-0.0039093727,-0.0061461832,0.007415165,5.615786,4.194666,6.8715477,0.0032516445,0.0005990102,0.010381807
6.0961537,-4.722261,5.374411,6.68612,-0.0005069039,0.013103616,-0.0026472143,-9.545829,1.9167644,-1.2334329,-0.0048126625,-0.005704806,-0.00358389,-9.354041,-2.5599465,-1.3891217,0.0022130453,-0.004171611,-0.0007563383,5.626124,4.18277,6.84304,0.0118203405,0.0006513473,0.012434909
6.1153846,-4.730922,5.356492,6.727404,0.002525186,0.0086231865,0.0065056025,-9.54288,1.9170676,-1.2191368,-0.0025927373,0.0020996868,-0.008524447,-9.366521,-2.5651815,-1.3848308,-0.0024601396,0.0053545646,0.00029082035,5.591578,4.212221,6.8525643,0.007434329,-0.0012943328,0.010696805
6.1346154,-4.735563,5.396863,6.720018,-0.0037456756,0.011702687,0.0028503113,-9.532369,1.9004457,-1.2420485,-0.0018982552,-1.1240582e-05,-0.0066792574,-9.347709,-2.5635056,-1.3855208,0.00221989,0.0035637985,-0.0033223853,5.6104364,4.1796594,6.858096,0.01089279,0.00061355584,0.012544821
6.1538463,-4.7327075,5.3700733,6.698456,0.0013330103,0.00995948,-0.00027633976,-9.522573,1.9044931,-1.2295048,0.0050022104,0.00047469742,-0.009514446,-9.380856,-2.572462,-1.3481135,-0.007327406,-0.0017158398,-0.0006524232,5.651553,4.1878967,6.875822,0.012333932,0.0064085326,0.013714393
6.173077,-4.7252417,5.363548,6.7138605,0.001690419,0.018685605,0.0014806022,-9.540393,1.906269,-1.2233192,-0.0092957085,0.00082809746,-0.004800631,-9.347995,-2.5894065,-1.3835742,0.001741124,-0.0012924393,-0.0019952036,5.6220484,4.2050223,6.8488812,0.007613792,0.0063457526,0.011062431
6.1923075,-4.7418165,5.3640237,6.707254,-0.0018140028,0.012068602,0.0004894607,-9.537118,1.9185566,-1.2239312,-0.0018098456,-0.0017397957,-0.0066722194,-9.372796,-2.5588768,-1.3749332,-0.0056931954,-0.0044775307,0.0063959653,5.6284447,4.188691,6.858089,0.007509365,0.009284228,0.014015655
6.2115383,-4.721913,5.392264,6.703737,-0.0051329276,0.016050408,-0.006920538,-9.531085,1.8975648,-1.2277472,-0.0001032808,-0.0006832666,-0.005663245,-9.380801,-2.5783956,-1.351945,-0.0035732943,-0.00019730277,0.007935342,5.634668,4.192986,6.8639793,0.011774596,0.0061199986,0.017862137
6.230769,-4.7467947,5.396111,6.685876,0.010372047,0.0123053035,0.0032985355,-9.540142,1.8908559,-1.2179155,-0.003211614,0.0028271233,-0.0061905244,-9.374638,-2.5527213,-1.3695731,-0.008407676,-0.0019623218,0.0047781705,5.6295652,4.1834145,6.8657103,0.015723698,0.0013591441,0.013663187
6.25,-4.7443748,5.3611875,6.6924896,-0.0009083911,0.011818048,-0.0024011193,-9.540251,1.8899572,-1.216944,-0.00048747906,0.0044944803,-0.007448598,-9.362991,-2.573778,-1.3591322,-0.008796359,-0.0004427313,-0.0038127233,5.6259727,4.159872,6.868707,0.012094915,0.003964415,0.012139546
6.269231,-4.7355576,5.361188,6.710425,-0.0053978735,0.015863921,-0.0059761833,-9.55841,1.8898687,-1.2454293,-0.0001675686,-0.002576629,-0.005562048,-9.363705,-2.5695744,-1.3893456,-0.0065690563,0.0022600978,0.008181384,5.611124,4.1942616,6.8408203,0.013480236,-0.0028952253,0.010859222
6.2884617,-4.733135,5.379517,6.7173095,0.0027853919,0.018570047,0.00046327084,-9.53762,1.908779,-1.2333171,-0.0038239346,-0.0076184683,-0.0061393385,-9.338718,-2.586405,-1.3733492,-0.006102897,0.002382279,0.0020907628,5.593322,4.1787753,6.8532634,0.010644451,0.008223925,0.0113433
6.3076925,-4.7310286,5.3552804,6.720367,0.0012440952,0.014651207,0.0031358062,-9.552228,1.9239823,-1.207819,-0.0024848303,-0.0041970606,-0.00476703,-9.355684,-2.5674884,-1.3592004,-0.0016685489,-0.0046665203,0.003329086,5.638934,4.2022405,6.845818,0.009794122,0.00094510365,0.016191814
6.326923,-4.724745,5.3729453,6.736847,-0.0052850004,0.015499661,-0.008340954,-9.56149,1.9035093,-1.2107364,-0.00902784,0.004232355,-0.0057392363,-9.377812,-2.5619903,-1.3722796,-0.0030071696,0.00030326832,0.005202792,5.6359124,4.1859136,6.8537536,0.0056743855,-0.0022472031,0.009316129
6.3461537,-4.741883,5.371009,6.702991,0.0011680652,0.012039385,0.002683018,-9.550423,1.9151627,-1.239713,-0.0073649045,-0.00028990587,-0.008389668,-9.362905,-2.5474553,-1.3858954,-0.004619181,-0.004330345,-0.0022389996,5.6213584,4.1877923,6.871931,0.013483155,0.0016163039,0.011843692
6.3653846,-4.72,5.3679624,6.699015,0.0022401446,0.012359465,0.0056448034,-9.51848,1.9149526,-1.2187619,0.0023444088,-0.0028859437,-0.0056179934,-9.3417635,-2.563393,-1.3735465,-0.0030194824,-0.00028311252,0.007934342,5.610655,4.1841097,6.8505497,0.012265855,0.0026612072,0.008907458
6.3846154,-4.7247076,5.345224,6.7166796,-0.0020911577,0.012977479,0.00426704,-9.550755,1.9014822,-1.2178739,-0.0031046297,0.004419953,-0.0071993554,-9.363335,-2.5706747,-1.3803006,-0.009152808,-0.00022991204,0.0006090982,5.627695,4.1995363,6.850466,0.015983362,-0.0063802963,0.018625082
6.4038463,-4.712065,5.364214,6.6995077,-0.0010707864,0.010667191,-0.0044427137,-9.513373,1.9087421,-1.2191138,-0.0012270837,-0.0032201335,-0.007131864,-9.350777,-2.579955,-1.383791,-0.0061907107,0.0029632002,-0.00087228307,5.630494,4.186197,6.8546042,0.0075163585,0.0053981277,0.015570166
6.423077,-4.726077,5.390047,6.707969,-0.0028624753,0.010818235,-0.00059868285,-9.540493,1.8934481,-1.2318333,-0.0021833484,-0.0018051809,-0.01050843,-9.364274,-2.5525112,-1.3791438,-0.0053879144,-0.0024584308,0.0042801993,5.6362247,4.185881,6.8672585,0.011522983,0.0041934336,0.01484674
6.4423075,-4.708136,5.3650894,6.7136455,0.0014325622,0.01299917,0.0009009897,-9.520084,1.9036386,-1.1946616,-0.0044395146,-0.0014467032,-0.0072222226,-9.359382,-2.5957758,-1.3633472,-0.0036732417,0.003837381,2.8648148e-05,5.6075187,4.220969,6.8627586,0.013422179,0.0061262446,0.010680916
6.4615383,-4.7312202,5.354376,6.6971354,-0.0066224337,0.011989582,0.0017709647,-9.527666,1.9155166,-1.2037258,-0.00031301138,-0.0019413187,-0.011500602,-9.371461,-2.5857847,-1.3542957,-0.0053711548,-0.0023730032,0.004837146,5.6351976,4.177907,6.84706,0.019671602,0.0074227275,0.011201257
6.480769,-4.71628,5.361891,6.7049255,-0.0025422755,0.012199867,-0.00037834496,-9.534036,1.9318852,-1.2230759,-0.0011447654,0.00019215445,-0.008203795,-9.353008,-2.5681255,-1.3685459,-0.0056645,-0.0015523649,-0.0009244921,5.6027355,4.193589,6.856065,0.012485063,0.006114237,0.010662432
6.5,-4.7140584,5.355304,6.6891894,0.000111435096,0.011175802,-0.003177466,-9.550454,1.9173614,-1.2142841,-0.006207613,0.0036035941,-0.00693775,-9.369538,-2.5643232,-1.3819683,-0.011626103,0.0032365927,4.62867e-05,5.622325,4.210012,6.8543596,0.009144381,0.0041989405,0.016239073
6.519231,-4.736982,5.339808,6.7072096,0.0008519356,0.008857795,0.0010998385,-9.536808,1.9033328,-1.2224628,-0.00035095113,-0.0035380672,-0.009064354,-9.35687,-2.607184,-1.3596027,-0.006062549,0.002164535,0.00038519103,5.604461,4.2016253,6.8649206,0.00758671,-0.0020710952,0.018303715
6.5384617,-4.7497845,5.3861337,6.697052,0.000495314,0.01837157,-0.0001620361,-9.53778,1.8767276,-1.2340566,-0.0040093213,0.0005848572,-0.006438287,-9.387016,-2.5734622,-1.3671297,-0.0055601425,-0.005748915,0.008938116,5.6297097,4.197513,6.8610086,0.009995174,0.0005500253,0.006834227
6.5576925,-4.708675,5.352542,6.685885,0.0062080068,0.014255758,0.0023190086,-9.543679,1.927309,-1.2026554,-0.0015650811,0.0038380937,-0.005936461,-9.375641,-2.5860293,-1.3923088,-0.0029936058,-0.00080577866,0.005045843,5.6140523,4.1919723,6.8771815,0.009691275,0.00359501,0.010788724
6.576923,-4.7090144,5.3732853,6.7338595,-9.519877e-05,0.017578144,-0.0061492384,-9.549118,1.9103694,-1.2287387,0.002440056,-0.0029431037,-0.008225469,-9.342267,-2.5921218,-1.3914614,-0.0072241477,-0.0053073806,0.0015268198,5.625067,4.2110777,6.8515472,0.0071744523,0.0026602345,0.010887243
6.5961537,-4.741929,5.3723607,6.711327,0.0046717604,0.011455734,0.0005856565,-9.556836,1.9359015,-1.2304223,-0.0033146215,0.0029954123,-0.0014787739,-9.350427,-2.5932708,-1.3518581,-0.006029059,-0.005475875,0.0021055741,5.6299696,4.191625,6.866925,0.008307094,0.006137657,0.01077597
6.6153846,-4.75445,5.3708353,6.7101026,-0.005490552,0.007912318,-0.0012188853,-9.524321,1.9086708,-1.224966,-0.0036663879,-0.0023112716,-0.005720532,-9.356306,-2.5735464,-1.3619502,-0.004743826,-0.0009780155,0.0030949505,5.611058,4.1679773,6.863461,0.009425968,0.009160345,0.009433717
6.6346154,-4.7346244,5.3901834,6.712043,-0.009020456,0.010515437,0.005052032,-9.533447,1.9085326,-1.2305208,0.0016055844,-0.0037533497,-0.0080697555,-9.370526,-2.5570068,-1.3742254,-0.007963736,-0.0026060601,0.0054948353,5.60508,4.197242,6.856161,0.015520468,0.0016629779,0.00937292
6.6538463,-4.699264,5.3468757,6.702964,0.0036409665,0.00956774,0.0043516,-9.54104,1.9069303,-1.2320561,-0.002952071,0.0023946264,-0.00077881233,-9.356956,-2.5556812,-1.3925632,0.00051750866,-0.0027013097,0.0014804781,5.6204066,4.1856833,6.8688684,0.013875675,0.004083048,0.015399977
6.673077,-4.751288,5.3732004,6.7074785,-0.007090369,0.014849942,0.0015371754,-9.552714,1.9094919,-1.2408353,-0.0013519924,0.0014510485,-0.008003544,-9.392054,-2.5874243,-1.3635638,-0.002567882,0.0025587943,-0.00021405242,5.607875,4.1893167,6.837579,0.008705252,-0.00041821253,0.00830181
6.6923075,-4.73049,5.3471913,6.7030215,0.004487512,0.011721388,-0.0013850846,-9.514141,1.9063298,-1.236109,-0.0038257188,-0.0023010508,-0.009504692,-9.358772,-2.561666,-1.3746921,-0.0034522458,-0.003915777,0.002467818,5.603367,4.2016287,6.8529205,0.006878887,0.0029606803,0.009507568
6.7115383,-4.7385488,5.362153,6.7170305,0.0015137712,0.011540858,0.0061074616,-9.528126,1.9328935,-1.2435769,-0.0011701518,-0.003148054,-0.0061978404,-9.350907,-2.564844,-1.3637612,0.0020269288,-0.0032011254,0.0042873435,5.6078215,4.169249,6.8587875,0.009667404,0.0038558058,0.013957876
6.730769,-4.7376485,5.3737617,6.705107,-0.007334455,0.013388239,-0.0037973619,-9.52904,1.9018518,-1.2254236,-0.0023709259,0.0011897165,0.0013519545,-9.371977,-2.5564013,-1.4006722,-0.0036260458,-0.0016616045,-0.0010110196,5.6098046,4.1719427,6.8564734,0.0101668965,0.0100407805,0.020166298
6.75,-4.7132897,5.3875217,6.7099304,-0.0062769623,0.0101083275,-0.0020290746,-9.55636,1.9036474,-1.2314335,0.0006451575,-0.0036751954,-0.0062050316,-9.361772,-2.5555937,-1.3679909,-0.0014146202,-0.0015137888,0.006975088,5.631659,4.2125945,6.8444867,0.009700749,0.0015393276,0.007934013
6.769231,-4.7179523,5.387062,6.727308,0.0016406691,0.010154734,0.0013248294,-9.540093,1.9144394,-1.2094015,0.0004720789,-0.0048980024,-0.0034686723,-9.362485,-2.5798936,-1.3885905,-0.0033048315,-0.0055119144,-0.0002204513,5.6326933,4.2060833,6.831739,0.010878413,-0.0009243561,0.008815624
6.7884617,-4.7478514,5.3662806,6.7174845,-0.0021133015,0.011800689,9.719218e-05,-9.544722,1.9054668,-1.2173959,-0.0051508425,0.0022827033,-0.0060218982,-9.359335,-2.571457,-1.3681641,-0.0017708852,0.0033943206,-0.00096337084,5.616242,4.218848,6.846235,0.008553323,0.0051621306,0.009777413
6.8076925,-4.7374616,5.36413,6.6990333,0.0064767553,0.011445469,-0.0018987136,-9.560982,1.9153796,-1.2270043,-0.0014100048,-0.0076707527,-0.008038381,-9.344308,-2.5692875,-1.3680285,-0.006349586,0.003403346,-0.0011496958,5.6018524,4.200664,6.8492303,0.012655454,-0.004266095,0.01358956
6.826923,-4.735538,5.360714,6.711068,0.00330523,0.009898396,-0.0006305995,-9.53533,1.9047117,-1.2348536,-0.00635584,-0.0040491247,-0.0044070086,-9.38155,-2.587898,-1.3799838,-0.006951376,-0.00026298937,0.003036941,5.61542,4.186736,6.855463,0.014499782,-0.0026683942,0.008636658
6.8461537,-4.722757,5.350806,6.7044296,-0.00796715,0.010702299,-0.0017350961,-9.546299,1.8942497,-1.2262329,-0.00556173,0.0043111583,-0.009105406,-9.359692,-2.5552545,-1.4075682,0.0034423333,0.0018976046,-0.0018388173,5.633738,4.199535,6.862383,0.0079441285,0.0010465757,0.015242011
6.8653846,-4.749484,5.3740773,6.731285,-0.006029612,0.013279055,-0.0030192304,-9.522859,1.8977598,-1.2204727,0.0036340712,-0.0033344682,-0.008321136,-9.362319,-2.577692,-1.4053589,-0.0061254827,0.0015909175,0.00096640404,5.602414,4.186561,6.8735995,0.0045146775,-0.0035328101,0.014633345
6.8846154,-4.730684,5.3528676,6.711607,0.004545248,0.005509252,0.0017655955,-9.540737,1.8956912,-1.2334864,-0.0023711682,-0.0018002266,-0.010594667,-9.368772,-2.5813274,-1.3584219,-0.006805509,-0.0044865864,-1.8355004e-05,5.5977106,4.206922,6.8713374,0.007911477,0.0013944205,0.012459137
6.9038463,-4.7365894,5.3753614,6.711039,0.0060429634,0.014195454,-0.0011512181,-9.546059,1.9105116,-1.2370875,-0.0049505234,-0.005816995,-0.0068550925,-9.3534565,-2.572572,-1.3580803,-0.0019727796,-0.0007226354,0.0048558014,5.604582,4.1865053,6.8533006,0.00860531,-0.0015858295,0.015853645
6.923077,-4.7270007,5.374165,6.709896,-0.0048206868,0.0121309105,-0.0024291677,-9.545276,1.9161211,-1.2310419,-0.009233243,0.0017815289,-0.012896674,-9.347314,-2.5551076,-1.3649813,-0.0038444237,-0.0036133477,0.0057709035,5.6138906,4.208961,6.850421,0.009867865,0.007086694,0.015398387
6.9423075,-4.7279825,5.3757105,6.7255526,0.0003505163,0.010813337,-0.0008117626,-9.564729,1.8891274,-1.2262604,-0.0010921473,-0.0068200785,-0.005797477,-9.380402,-2.5974195,-1.3735723,-0.0067789927,-0.0055089677,-3.0130646e-05,5.6253786,4.179832,6.839747,0.002594441,0.0036588495,0.01226544
6.9615383,-4.7226,5.347518,6.714155,-0.0035452293,0.01527125,0.002156305,-9.5407295,1.8974825,-1.2286435,-0.0031154973,0.006662982,-0.006556006,-9.367688,-2.5598326,-1.3765081,-0.007090633,-0.0018891845,0.001290303,5.6412635,4.201549,6.8516917,0.01585648,0.007837136,0.009439393
6.980769,-4.739207,5.3608456,6.709384,0.008462546,0.0119545385,0.0008387218,-9.531863,1.9366182,-1.2141322,-0.0014631689,0.002032019,-0.0044118995,-9.369965,-2.563207,-1.3775121,-0.0036000449,-0.0034805487,0.0023681754,5.6260304,4.1801205,6.839629,0.012525634,-0.0009406191,0.009576426
7.0,-4.736855,5.361838,6.683483,0.00056069996,0.01295202,-0.0010615687,-9.526094,1.9098932,-1.2286683,0.00028664674,0.0024901174,-0.004738681,-9.359318,-2.5742726,-1.3969284,0.0022262938,-0.0042512002,0.00088729913,5.6433034,4.191615,6.8588047,0.009423923,-0.0031425143,0.0076656593
7.019231,-4.712241,5.369278,6.6878376,0.0030901087,0.009278014,-0.0022840863,-9.529689,1.8780495,-1.211197,-0.009922939,0.008751984,-0.007630252,-9.3546505,-2.5784864,-1.3920579,-0.006383498,-0.007368338,0.00026434587,5.651566,4.1887407,6.8334203,0.009796842,0.0021423174,0.009555417
7.0384617,-4.73174,5.3807983,6.722216,0.0016409657,0.01925661,0.002852373,-9.565283,1.9249328,-1.233702,-0.0012872543,0.0008164197,-0.0042491583,-9.364368,-2.5503585,-1.3912616,-0.0046174615,-3.4170098e-05,0.0057751965,5.6201363,4.183674,6.8672934,0.009264491,0.0039003715,0.013336903
7.0576925,-4.753135,5.3721757,6.722571,-0.0020397205,0.016061021,0.0026615683,-9.55537,1.8998111,-1.199962,-0.00035340598,-0.002051382,-0.0062023257,-9.338434,-2.598446,-1.3694147,-0.002684249,-0.0015479054,0.008335861,5.5950065,4.209887,6.84412,0.01165242,0.00224094,0.010950157
7.076923,-4.734761,5.3780394,6.70693,-0.0025421488,0.013972478,-0.0017673823,-9.552677,1.9202831,-1.2293127,-0.0050379187,-0.0025859762,-0.008294234,-9.356329,-2.564421,-1.3991294,-0.0043816185,-0.0052011446,0.0006323853,5.6322803,4.2029796,6.857833,0.011012706,0.0032085592,0.016016921
7.0961537,-4.727452,5.3682747,6.704256,0.005396485,0.009096148,0.0019949223,-9.541113,1.9213728,-1.2435867,-0.0038753487,-0.0033407211,-0.0037196523,-9.353584,-2.594014,-1.3995409,-0.0030025756,-0.0015730374,0.009124035,5.5999007,4.201834,6.8456597,0.012688648,-0.0003871478,0.011562559
7.1153846,-4.72588,5.362865,6.7035317,0.0041114944,0.010396672,-0.0059643486,-9.53007,1.8982303,-1.2671483,-0.0043499484,0.0019839793,-0.009445363,-9.335517,-2.5783165,-1.373528,-0.0037926747,0.0011813476,0.0023378758,5.611892,4.173794,6.862386,0.011174943,0.0023477322,0.018432736
7.1346154,-4.7171297,5.356769,6.689313,-0.0016394696,0.007354792,0.0016812208,-9.536688,1.9157395,-1.2347195,-0.001741596,0.0031854073,-0.008053737,-9.353697,-2.581181,-1.3976,-0.006584637,-0.0029578086,-0.00857143,5.617748,4.16762,6.8695536,0.013790865,0.0043895245,0.01253767
7.1538463,-4.734044,5.389225,6.696683,-0.0032356281,0.012780586,-0.0003767821,-9.531222,1.8873535,-1.2311773,-0.000273858,-0.0072556925,-0.00532891,-9.3804245,-2.585331,-1.3775921,-0.004813923,-0.00020369234,-7.156472e-05,5.6102724,4.2110624,6.8470464,0.0149015365,0.0077990014,0.014259986
7.173077,-4.726922,5.3530006,6.7102456,0.0022322594,0.012144483,0.005694233,-9.56064,1.9204592,-1.2123022,-0.0034271285,0.0025034714,-0.007921303,-9.348065,-2.5828917,-1.3476793,-0.0028950728,-0.0025860993,-0.0007010247,5.61198,4.183497,6.858311,0.014135357,0.008817306,0.016452424
7.1923075,-4.741913,5.351199,6.7073836,-0.0019010965,0.019900559,0.0036132596,-9.533379,1.8978528,-1.2372869,-0.0024323876,-0.00015316757,-0.0031623112,-9.388493,-2.5859077,-1.3869019,-0.0024573007,-2.8890196e-05,0.0024155693,5.606064,4.2062674,6.845958,0.014814904,0.0008285103,0.016859433
7.2115383,-4.741973,5.3466253,6.683072,-0.0009120723,0.012149347,0.00046706246,-9.571884,1.9034041,-1.2234738,-0.000103316655,0.003784442,-0.009066079,-9.360765,-2.5530233,-1.3633953,-0.00942511,-9.102338e-05,0.0003586914,5.596861,4.187146,6.8399343,0.00871217,0.00011962927,0.01386258
7.230769,-4.7196794,5.347478,6.698419,-0.002494043,0.009137541,-0.004306507,-9.564826,1.9204552,-1.235678,0.0072727003,0.0043377867,0.00011204754,-9.345804,-2.5657318,-1.3927633,-0.0014694537,-0.0019547143,0.0027953067,5.6291122,4.175167,6.852501,0.008872412,0.0045100804,0.009322622
7.25,-4.707206,5.3571463,6.6925983,0.0018340476,0.012103458,0.0071545155,-9.526852,1.9055738,-1.2332202,0.0028114615,0.0033814828,-0.0061682337,-9.368576,-2.5707498,-1.378881,0.0018939424,-0.002240386,0.0063738883,5.607046,4.201955,6.8679547,0.010463437,-0.00010070302,0.011476738
7.269231,-4.723877,5.3486214,6.716523,-0.0008797989,0.010111741,-0.0019271462,-9.551615,1.9120866,-1.234007,0.0007693638,-0.009172424,-0.0076163015,-9.3748255,-2.576186,-1.355921,-0.002021677,0.0027990704,0.0017226083,5.631668,4.2124305,6.849209,0.014231176,0.00095274596,0.021607375
7.2884617,-4.7320538,5.3708987,6.7172694,0.0009572742,0.011435629,-0.0041876654,-9.550474,1.9068999,-1.2494934,-0.0048503205,0.0057990057,-0.0056471326,-9.338659,-2.5625274,-1.393348,-0.0005425807,-0.004867605,0.0066947127,5.6044054,4.1844754,6.8531666,0.008307212,0.0075979647,0.009711332
7.3076925,-4.733467,5.374562,6.7074246,0.002426738,0.00787964,0.00020553742,-9.537085,1.926616,-1.2148876,-0.002288899,-0.00028991114,-0.0033017176,-9.37645,-2.5797255,-1.396286,-0.0051749498,-0.0027009652,0.006396184,5.608859,4.1831555,6.880652,0.009346998,0.0005934978,0.007395579
7.326923,-4.720869,5.367758,6.685295,0.004183805,0.016388556,0.0026115933,-9.494847,1.9176098,-1.2039315,-0.0021229638,0.004885771,-0.00867791,-9.382091,-2.563364,-1.3696226,-0.0019957975,-0.0028060053,0.0007700723,5.6092243,4.183522,6.8630433,0.010543288,0.0027533963,0.011054196
7.3461537,-4.7188244,5.3606744,6.7028046,0.002107873,0.019100342,-0.0016936508,-9.54305,1.9017266,-1.2245377,-0.005030232,0.0014580904,-0.0027929742,-9.3585005,-2.5724022,-1.3631165,-0.0003666671,0.0048168977,-0.0016019992,5.645847,4.182007,6.863323,0.007326928,-0.0014684899,0.011731306
7.3653846,-4.7264576,5.3698177,6.7254586,0.0025357958,0.014066326,-0.00052925845,-9.551543,1.9138556,-1.210467,0.0003208116,0.00020527311,-0.009742239,-9.362394,-2.5660458,-1.3833417,-0.0053746128,-0.001236183,0.003322767,5.630885,4.188691,6.8558435,0.008135468,0.0027865302,0.013804212
7.3846154,-4.744477,5.35839,6.710264,0.004606547,0.009263387,0.0020227777,-9.553496,1.9315761,-1.2329502,-0.004729316,-0.0040371697,-0.009283947,-9.362861,-2.5700347,-1.3870864,-0.00042637048,-0.0011066587,0.0032823775,5.6158757,4.2035604,6.855169,0.0031130963,0.0010218967,0.009944282
7.4038463,-4.737402,5.362422,6.7152596,-0.0018518986,0.016069673,0.0036352258,-9.5500145,1.9113021,-1.2098877,-0.0011859683,0.002408949,-0.0022781098,-9.373958,-2.576126,-1.3837374,-0.0011107534,-0.0024225295,0.002884929,5.6259656,4.195458,6.863822,0.010221441,0.0007844461,0.011094071
7.423077,-4.7186365,5.360443,6.7029953,-0.0020042034,0.0053348453,0.0013275178,-9.555615,1.9210386,-1.218021,-0.003759726,-9.1517766e-05,-0.005415765,-9.331873,-2.5806873,-1.3626373,-0.0013564947,-0.00422694,0.0054415935,5.596167,4.188178,6.8452272,0.012616322,0.005226054,0.009081345
7.4423075,-4.7367086,5.3792295,6.690546,-0.0046088924,0.0124016795,0.005036098,-9.545812,1.927381,-1.2244242,9.180427e-05,0.00052581856,-0.0023797518,-9.355181,-2.5690172,-1.3906208,-0.0044726557,0.00032497267,-0.00044294845,5.62177,4.2160416,6.8495703,0.014268766,-0.000744121,0.010081668
7.4615383,-4.723625,5.3477535,6.721145,-0.0025696754,0.015393983,0.0024573738,-9.539445,1.8935796,-1.2359939,0.00072419393,-0.0078068036,-0.0038190437,-9.372994,-2.569206,-1.3923699,0.0014085529,0.0010857204,0.0023428353,5.622129,4.1832747,6.845084,0.0141683305,0.0029638112,0.013869757
7.480769,-4.704159,5.3736877,6.697248,0.0030285069,0.014051078,0.0040833564,-9.544078,1.9050635,-1.2457129,-0.0056181247,-0.003476438,-0.007901427,-9.365831,-2.5619285,-1.3725173,-0.0011401613,-0.00012727092,0.00091276475,5.6180797,4.198149,6.8529387,0.006003939,0.0059196786,0.010828127
7.5,-4.723693,5.3571773,6.72481,0.0064275693,0.0053338236,0.001686999,-9.537046,1.9155284,-1.2210314,-0.002444858,0.0063744895,-0.0057966057,-9.361749,-2.55972,-1.3950607,-0.005940331,-0.0018636634,0.005757922,5.634848,4.2042284,6.862946,0.015001266,-0.004273268,0.012009232
7.519231,-4.742548,5.379932,6.711909,0.0046540294,0.014878008,0.0025790317,-9.5313635,1.9085279,-1.233791,-0.00023084487,-0.0021724692,-0.005116911,-9.36249,-2.5746768,-1.3812827,-0.0012743085,2.259902e-05,0.0067255315,5.603157,4.193301,6.8518443,0.008917194,0.00011356543,0.009451025
7.5384617,-4.7176576,5.375425,6.7061524,0.0035391802,0.007311748,0.0026619292,-9.524944,1.9127905,-1.219914,0.0012111432,0.00041494807,-0.008792244,-9.365803,-2.5540605,-1.377893,-0.0064409063,-0.005698106,0.0031964397,5.618444,4.176955,6.850693,0.0077130673,-0.002712226,0.009137552
7.5576925,-4.741276,5.359186,6.71452,-0.003365441,0.009450646,0.0019667388,-9.55751,1.9034023,-1.234486,-0.00040360415,-0.0056165075,-0.004439919,-9.366775,-2.584283,-1.3691725,-0.004109798,-0.00028017105,6.2090316e-05,5.615835,4.209791,6.857793,-0.0013521175,0.003888608,0.008259993
7.576923,-4.7329764,5.3748727,6.6955657,-0.0034814053,0.009874213,0.0050295284,-9.564813,1.898518,-1.2153646,0.000968088,0.00036150977,-0.00450469,-9.36113,-2.5563612,-1.3618292,-0.0016966946,0.00026843988,-0.0030599264,5.631964,4.1904593,6.8478627,0.006470815,0.0038592285,0.009668334
7.5961537,-4.730976,5.3698907,6.6966004,0.00180772,0.010581457,0.001406654,-9.5425205,1.921795,-1.2029226,-0.0028086733,-0.0052991025,-0.00971721,-9.346282,-2.5720396,-1.3828018,-0.0001372698,0.0017861173,0.0023751808,5.6132727,4.174531,6.840525,0.008094573,0.0002082204,0.010285814
7.6153846,-4.719558,5.3702116,6.704698,-0.0005983225,0.0073579648,0.004623411,-9.533015,1.8913078,-1.2246139,-0.0040663457,-0.0051692775,-0.0050230306,-9.383321,-2.5776446,-1.3548574,-0.003240939,0.000506443,-0.0017222152,5.6125684,4.2060437,6.838201,0.00623958,0.008675331,0.009910257
7.6346154,-4.723105,5.3494587,6.7155023,0.00036252866,0.009772656,-0.0028489793,-9.570085,1.9253044,-1.2331749,-0.0029424191,0.00073444634,-0.0015588611,-9.356281,-2.578284,-1.3782597,-0.007270932,-0.0038529264,0.0041613737,5.628131,4.188324,6.852317,0.01396768,0.0037618638,0.011663994
7.6538463,-4.7473936,5.405174,6.7007704,0.0023513613,0.01164685,-0.000669248,-9.555591,1.8992661,-1.2091484,-0.0043679466,-0.0016044377,-0.0047199805,-9.353548,-2.5649157,-1.3917453,-0.004659656,0.0011274392,0.0042348285,5.6313148,4.195987,6.857852,0.015538988,-0.00019565788,0.009879858
7.673077,-4.721412,5.384186,6.7081103,-0.0017784148,0.017914988,0.00028612674,-9.550857,1.9400315,-1.2181745,0.004273266,-0.0036918311,-0.012000214,-9.36277,-2.5671868,-1.3830606,-0.0025258292,-0.0042544454,0.006256857,5.627951,4.1857963,6.8657312,0.009142583,-0.0025980994,0.015060445
7.6923075,-4.723374,5.393452,6.7339587,0.00032283727,0.011397816,-4.6558624e-05,-9.538549,1.908802,-1.2228634,0.0021791763,-0.008760659,-0.00907413,-9.377399,-2.58589,-1.3729458,-0.005834596,0.0021311245,0.004136927,5.630189,4.194931,6.8670034,0.01163833,0.003719384,0.008468387
7.7115383,-4.7406545,5.390162,6.6898866,-0.007719953,0.009450266,0.0006381716,-9.568241,1.9127192,-1.238694,-0.004994768,0.00025304404,-0.009190172,-9.371535,-2.5762844,-1.39088,-0.005566337,-0.0016176112,0.004865457,5.6129975,4.169656,6.8322353,0.010037155,0.0050365995,0.007338578
7.730769,-4.7267094,5.386253,6.6978416,0.0002918599,0.016317977,-0.0012196845,-9.545983,1.9096218,-1.2099086,-0.0019497678,0.0008001579,-0.008320426,-9.363953,-2.5758386,-1.3895185,-0.005843302,-0.0009094436,0.0032662102,5.6186166,4.1880155,6.858644,0.010746847,0.008634834,0.015675379
7.75,-4.7296524,5.3664646,6.7031417,-0.0027782477,0.011194648,0.00071926945,-9.529667,1.9024839,-1.2323533,-0.0052509303,0.0008343158,-0.0075602494,-9.386846,-2.5788038,-1.3756921,-0.0033329863,-0.00018830805,0.0078752,5.632242,4.1746235,6.871408,0.011182832,0.0069015976,0.011166621
7.769231,-4.7300134,5.371974,6.694824,-0.003683973,0.01097119,0.0022459524,-9.4986515,1.9163605,-1.2221931,-0.0055601746,-0.0022879129,-0.005646793,-9.380934,-2.588021,-1.3679025,-0.0066242255,-0.00807077,0.002873725,5.602228,4.187965,6.860173,0.011091395,0.0030239758,0.008661189
7.7884617,-4.736551,5.3667,6.703287,-0.001999086,0.015667615,-0.0053763026,-9.53224,1.884558,-1.2399621,-0.0020086148,0.002564209,-0.007027266,-9.37814,-2.5672226,-1.3630577,-0.006618836,0.0003383538,0.0055260696,5.6164455,4.188717,6.870533,0.00969868,0.004539093,0.007921909
7.8076925,-4.7292438,5.3955994,6.7186,-0.00072154164,0.014101663,0.006491354,-9.539806,1.897801,-1.2243395,-0.00018171784,-0.0005893234,-0.012922294,-9.388173,-2.5662472,-1.3885963,-0.008103779,0.0013501212,0.0027972755,5.6020846,4.1913342,6.832079,0.01561008,-0.0004952334,0.010678985
7.826923,-4.7126827,5.3843102,6.71759,0.004185623,0.008148198,0.0029297206,-9.535323,1.9064313,-1.2445496,0.0022772194,0.0010939843,-0.0049145455,-9.355738,-2.566867,-1.3695781,0.0034793091,-0.0034335114,0.006695686,5.624457,4.1959677,6.8706636,0.008689046,-0.00045042674,0.011055722
7.8461537,-4.722033,5.3673873,6.7163467,0.0007496603,0.00933272,0.00297437,-9.544599,1.9104955,-1.2262104,-0.0001031737,-0.00360563,-0.0059431856,-9.368239,-2.5736945,-1.3696884,-0.004994107,-0.0029801757,-0.0031599146,5.630575,4.2017946,6.8530326,0.012421911,0.0092552155,0.007586607
7.8653846,-4.7317286,5.361827,6.728556,0.0028461686,0.006055458,-0.00014274084,-9.543596,1.9155054,-1.2284406,-0.003236139,0.0039403373,-0.008609149,-9.341134,-2.577908,-1.3895942,-0.001378657,0.0039356444,0.0011463807,5.6293955,4.1892605,6.844257,0.012949573,0.0013134101,0.007220935
7.8846154,-4.734996,5.381339,6.697932,0.0020481837,0.00868285,0.003950728,-9.530524,1.9027622,-1.2215837,-0.0055819754,-0.001219532,-0.009601392,-9.361373,-2.5713856,-1.3618082,-0.012243367,-0.002431938,-0.00018752043,5.6301355,4.1847672,6.8415875,0.010976556,0.009007199,0.010862441
7.9038463,-4.7407165,5.3842635,6.7207875,-0.0010019656,0.017001705,0.0041564424,-9.525743,1.9335959,-1.2307175,-0.0018529418,0.0009387655,-0.0065000984,-9.378174,-2.565573,-1.368615,-0.010255369,0.0025014482,-0.00012209246,5.597419,4.1843953,6.8564982,0.0070689945,0.005680741,0.01081891
7.923077,-4.7517276,5.367887,6.7027826,-0.00046118116,0.018379608,0.006390059,-9.534589,1.9032054,-1.2317348,-0.004728284,-0.0074891066,-0.012621501,-9.370728,-2.5744288,-1.3491464,0.0010627765,-0.0068990397,0.00049759465,5.6131725,4.180916,6.844262,0.009517796,-0.00059712847,0.010749687
7.9423075,-4.6975045,5.390487,6.703244,-0.0025326456,0.011554865,0.0018973827,-9.552787,1.9124017,-1.2256207,-0.008473713,-0.0004152643,-0.0026615825,-9.334473,-2.575744,-1.3479295,-0.006820298,0.0007665745,0.0076177833,5.6188097,4.180239,6.855594,0.011290914,0.0027496694,0.011442484
7.9615383,-4.7282467,5.365079,6.7124557,-0.0013334358,0.0053588604,0.0006316729,-9.536912,1.9140615,-1.2094228,0.0020025952,-0.005028489,0.0023498402,-9.329804,-2.5588005,-1.3798779,-0.0025773789,0.00042976113,0.007920567,5.602022,4.200253,6.835893,0.010550401,0.0065230457,0.014050636
7.980769,-4.71646,5.35964,6.7309,-0.0015365828,0.008851511,0.0064625423,-9.538641,1.8940263,-1.2043706,-0.003745269,0.0028225412,-0.007966672,-9.359471,-2.5724607,-1.374406,-0.00030746876,0.0027643307,0.0049907668,5.6025968,4.2046747,6.87593,0.015691001,0.00033927834,0.011469459
8.0,-4.7165117,5.3628845,6.7058606,-0.010277346,0.018110849,0.0011392351,-9.555001,1.9039952,-1.2255673,-0.003109736,-0.008084046,-0.0070422227,-9.366473,-2.5585492,-1.3778092,-0.0014234252,-0.00034324633,0.005726106,5.626029,4.1962066,6.866791,0.008187904,0.0016088232,0.015307502
8.019231,-4.722385,5.3544884,6.738855,-0.0055951294,0.009564973,-0.0046423282,-9.542108,1.9191769,-1.2494222,-0.0025186741,0.0012128255,-0.002388352,-9.3837805,-2.5664825,-1.3714731,-0.0019467148,0.0028186576,0.0042423275,5.614968,4.1853313,6.8649263,0.011096497,0.0010031678,0.015117922
8.038462,-4.6907334,5.367628,6.70849,0.00041362387,0.010047988,0.0020602639,-9.530442,1.9001917,-1.2296212,-0.0075510866,0.00034903825,-0.0026864633,-9.3600025,-2.585579,-1.3759053,-0.009897548,0.00051067,0.0016795148,5.6140733,4.195995,6.8442836,0.011923311,0.0023860903,0.012954773
8.057693,-4.731097,5.3878202,6.714541,0.000382772,0.015446484,-0.0028815027,-9.553577,1.8980515,-1.2134045,0.0029594435,0.0018468449,-0.0050819684,-9.390568,-2.5724552,-1.3827811,-0.00670596,0.0007576393,0.00082168233,5.625675,4.192966,6.8752546,0.014538698,4.026872e-05,0.006097182
8.076923,-4.719445,5.3781385,6.714278,0.0016501544,0.0066510853,-0.005321847,-9.553301,1.9128375,-1.2246737,-0.008237756,0.002063353,-0.003205434,-9.352173,-2.578717,-1.3832709,-0.0067146104,-0.0013001134,0.0005807635,5.634363,4.2017894,6.8328114,0.010547721,0.00022998541,0.008769214
8.096154,-4.7073474,5.3588486,6.701713,0.0069664433,0.012024014,0.0015368182,-9.522378,1.8939457,-1.2025431,-0.003275307,-0.006406682,-0.0026721295,-9.362531,-2.554726,-1.3674649,-0.0029023488,0.00084638863,0.0034665999,5.627805,4.217776,6.8538713,0.011644139,0.0020310364,0.012116626
8.115385,-4.7267747,5.3761954,6.71126,-0.0015346635,0.010411554,-0.004584372,-9.55193,1.9102267,-1.2371823,-0.004768746,0.0006598204,-0.006801053,-9.354144,-2.5569339,-1.369524,-0.0045428793,-0.0027449124,0.0027671487,5.6056066,4.1909227,6.849335,0.008597897,-0.00011210334,0.013412083
8.134615,-4.7186666,5.3529315,6.725502,-0.0034651277,0.011230949,-0.0032765826,-9.54153,1.8887091,-1.2402251,-0.009502865,-0.0070916656,-0.016048452,-9.382088,-2.558987,-1.3906512,0.0015655836,-0.0029594942,0.0037242013,5.624004,4.192563,6.854521,0.01150336,0.00087998545,0.01177028
8.153846,-4.7385716,5.358846,6.701663,0.00056102156,0.00840988,-0.0016843891,-9.514651,1.9004766,-1.2368139,-0.0009828437,0.0018973233,-0.009298627,-9.384927,-2.5765162,-1.4088032,-0.010088247,-0.0028854131,0.007942801,5.6180882,4.2052937,6.86925,0.0072896834,-0.0016608997,0.019087223
8.173077,-4.74528,5.3377028,6.6881905,-0.0018248344,0.013987215,0.002493994,-9.516052,1.9056209,-1.205681,-0.00332406,-0.0028175397,-0.0034917607,-9.324601,-2.5861104,-1.374655,-0.0018994587,0.0004876163,0.0024478831,5.64624,4.1920366,6.82784,0.00939756,-0.0028836457,0.010604598
8.192307,-4.704193,5.367352,6.696391,-0.0018991331,0.010625671,0.0028537198,-9.548117,1.9021504,-1.2270478,0.0001934977,-0.004928995,-0.0047252732,-9.356008,-2.5761755,-1.3535795,-0.0009006076,-0.0058463984,0.007358243,5.609653,4.1742034,6.870248,0.008435822,0.007082588,0.008466266
8.211538,-4.7399726,5.34669,6.7045894,0.0013231252,0.009493071,0.0018294655,-9.517978,1.8858609,-1.2352138,0.0010765222,0.0007733406,-0.0013776597,-9.373938,-2.5774658,-1.3626713,-0.0022011127,-0.00020501167,0.008032703,5.615893,4.1899824,6.8534894,0.012121613,0.0018411676,0.0133964205
8.230769,-4.7372756,5.3628006,6.6951027,-0.0005884178,0.013688616,0.0062211202,-9.550148,1.9146072,-1.2217261,-0.005661809,0.0015797965,-0.0059675463,-9.352202,-2.5938952,-1.3783123,-0.00042402075,-0.0048568584,-0.0013164645,5.6166906,4.1799994,6.8626556,0.008914425,0.0016088159,0.015267758
8.25,-4.729674,5.3681006,6.714929,0.00028733572,0.013612119,0.002697853,-9.53037,1.9109138,-1.2330234,-0.004248269,0.001208586,-0.010920242,-9.3747015,-2.5736678,-1.3781378,-0.005145178,-0.0065477174,0.0035708933,5.617152,4.1860185,6.8487425,0.011924898,-0.0019468451,0.0089021
8.269231,-4.7370296,5.380361,6.691693,0.0030756276,0.019355375,0.004501081,-9.540544,1.9181725,-1.2360741,-0.0021061013,-0.004225894,-0.006907962,-9.344861,-2.5827296,-1.3630794,-0.00494395,-0.0009773254,0.0006457541,5.617462,4.227641,6.851495,0.013479315,0.0035286357,0.016143974
8.288462,-4.751047,5.351115,6.6994452,0.0026288365,0.016825562,0.003827951,-9.549147,1.8994149,-1.2313673,-0.0069757784,0.0047243126,-0.0059863324,-9.370135,-2.5777984,-1.3578777,-0.0023106604,-0.0030162884,0.0040653716,5.6338944,4.203344,6.8240404,0.011038381,0.0062669003,0.01468351
8.307693,-4.720848,5.3742743,6.70494,-0.004954705,0.008988758,0.0009856026,-9.548204,1.9063939,-1.2031468,-0.003130998,0.0002982654,-0.004871869,-9.366799,-2.563033,-1.40102,-0.0018997225,-0.004508454,-0.0017395765,5.623127,4.200573,6.8657246,0.013637055,-0.0014320754,0.01104597
8.326923,-4.7308598,5.3726783,6.6847696,-0.00043629017,0.01340236,-0.0010874487,-9.559455,1.9107002,-1.2442452,-0.004406155,-0.0032452627,-0.0089434665,-9.358224,-2.5851395,-1.3683776,-0.0014748786,0.00016175608,-0.00198384,5.6430893,4.194921,6.870799,0.012803418,0.0043059816,0.013941419
8.346154,-4.7273545,5.370935,6.7004313,-0.007277462,0.012096414,0.00044318338,-9.529596,1.9143083,-1.2327534,-0.0056519,-0.0007390392,-0.0051338137,-9.3635435,-2.5600338,-1.3778293,-0.0048664203,0.005296511,0.0020260462,5.6448507,4.1841173,6.86087,0.016157571,0.0027297153,0.013595041
8.365385,-4.747592,5.3922257,6.7308264,0.0013733633,0.012340122,-0.002118225,-9.533462,1.9260588,-1.2251171,-0.0030579218,-0.0001082635,-0.005853898,-9.360349,-2.5636258,-1.3716936,-0.0025750126,0.0007822487,0.0056486176,5.630888,4.218304,6.858959,0.011904199,0.0038349242,0.012665493
8.384615,-4.735113,5.3424473,6.7076864,-0.003992053,0.008822919,-0.0006405969,-9.550245,1.8910869,-1.2292862,-0.003398224,-0.0030552428,-0.011622254,-9.3442545,-2.5626192,-1.3819582,0.0009492968,-0.006078279,0.0047897464,5.605332,4.177486,6.8414145,0.0042938404,0.0048294268,0.008564312
8.403846,-4.7042356,5.3834414,6.7009068,-0.0010067316,0.012392307,0.0011694377,-9.552797,1.9197707,-1.2254976,-0.0066228104,-0.0008235015,-0.009453914,-9.361671,-2.575627,-1.3665547,-0.0031371252,0.005229072,-0.0021457886,5.631222,4.19251,6.867414,0.011351353,-0.00015534465,0.01361056
8.423077,-4.7238092,5.3675704,6.696145,-0.0010564764,0.01634352,0.0046212613,-9.549604,1.9071922,-1.2252444,-0.0036226327,0.00034535528,-0.0053407047,-9.352412,-2.5781772,-1.3709254,-0.002317047,-0.0021457071,0.0058219447,5.6139293,4.1925683,6.8614464,0.012354525,0.004520953,0.016017798
8.442307,-4.73578,5.3716893,6.7074137,-0.0023051812,0.009426384,0.0029914805,-9.541372,1.9157065,-1.1976827,0.001498517,-0.004999787,-0.0036462266,-9.369257,-2.5510702,-1.383226,-0.0018671482,-0.005327503,-0.001939862,5.6323094,4.1934114,6.8403735,0.017044967,0.007276001,0.013035931
8.461538,-4.715282,5.381091,6.7065706,0.0009860992,0.016588228,-0.0028453667,-9.535153,1.8775328,-1.2282268,-0.00050759705,-0.0004891991,-0.0073649497,-9.376383,-2.5874534,-1.3787879,-0.0064707203,-0.0034043263,0.0019371359,5.629444,4.1716166,6.825859,0.008908706,0.0068918285,0.01132207
8.480769,-4.735632,5.3556495,6.7151856,5.564256e-05,0.011015038,0.0027468242,-9.541434,1.9046685,-1.2555952,-0.0026620193,0.0067407605,-0.0070495056,-9.339553,-2.5793388,-1.3785152,-0.0036110024,-0.0010812214,0.009113142,5.60835,4.1838474,6.846384,0.0144554395,-0.0029676477,0.009755903
8.5,-4.744178,5.3740463,6.702096,0.0038794763,0.01203832,0.0021059334,-9.535728,1.9050583,-1.2106341,-0.0042155506,-0.00519081,-0.007896372,-9.3565855,-2.5526998,-1.3812411,-0.0058340766,0.0024145765,0.0048742546,5.587245,4.1996336,6.846805,0.011469485,0.0039187693,0.015868433
8.519231,-4.720518,5.380526,6.7229896,-0.0018015215,0.013441067,-0.0011488372,-9.537269,1.9173628,-1.22619,0.0031534878,0.0057337005,-0.004875733,-9.355321,-2.5624976,-1.3712258,-0.0008746589,-0.004670784,-0.0001942951,5.606507,4.191122,6.8690376,0.009573154,0.0022991805,0.011656638
8.538462,-4.745084,5.3682976,6.706936,-0.00089111377,0.010964281,0.004674704,-9.539268,1.9100001,-1.2040163,-0.006108153,-0.00350595,-0.0041851667,-9.365744,-2.5762234,-1.3867421,-0.0013545746,-0.0009831141,0.0021282905,5.6076202,4.2038717,6.8453894,0.014289959,0.0031868056,0.009717275
8.557693,-4.742813,5.3770227,6.7058883,-0.0012308687,0.011138792,-0.0024784582,-9.521948,1.9046476,-1.2285349,0.0009906698,-0.0028147935,-0.010995473,-9.36682,-2.5727954,-1.3688527,-0.00851802,-0.0011615012,0.0021447171,5.635462,4.17398,6.859059,0.004941613,0.006581623,0.013707902
8.576923,-4.7511168,5.374709,6.706896,0.0028535312,0.008880447,0.0032037375,-9.552521,1.8907284,-1.2399527,0.0002759405,-0.0025793083,-0.005398666,-9.375158,-2.589507,-1.3674108,-0.0071820966,-0.00018170824,0.0043492797,5.622816,4.181973,6.8632355,0.00667648,0.0033508139,0.0025356698
8.596154,-4.7342257,5.3478875,6.689989,-0.0044247108,0.012129374,0.0035710647,-9.551322,1.920223,-1.212453,-0.0034521471,6.8584064e-05,-0.003284781,-9.35636,-2.5702958,-1.380639,-0.009569931,0.0014134519,0.0014698359,5.6337295,4.184688,6.8378253,0.011357886,0.0038961582,0.012917676
8.615385,-4.7309666,5.361146,6.711355,-9.756319e-05,0.010859841,0.004399982,-9.540736,1.9213102,-1.2297812,0.00090758415,0.0006314422,-0.014016693,-9.36474,-2.5508337,-1.3845083,-0.008983482,0.0042831167,0.004908159,5.615246,4.203605,6.839727,0.0033655155,-0.000771127,0.017603641
8.634615,-4.7206903,5.3568177,6.725808,-6.4294516e-05,0.008982008,0.0022784767,-9.517941,1.9091533,-1.2173564,-0.0041229073,0.0011458643,-0.01270328,-9.359014,-2.561794,-1.3702569,-0.0022996087,-0.001974671,0.0041460874,5.614331,4.2037168,6.8515744,0.010899401,0.0067170663,0.0030128227
8.653846,-4.729882,5.3456845,6.6931105,0.0013480546,0.0102741765,0.0019235059,-9.532556,1.9107813,-1.2275319,-0.001310369,0.0021015268,-0.010697376,-9.368269,-2.6021595,-1.3715906,-0.006755561,-0.0045566442,0.000104080624,5.6118755,4.1802073,6.8691225,0.013353697,-0.0004728425,0.01631243
8.673077,-4.7187457,5.3764567,6.6947293,-0.004030297,0.009400209,-0.0010568734,-9.542587,1.9048796,-1.2484432,-0.0050274916,0.0017291579,-0.008219809,-9.366039,-2.5821369,-1.3523197,-0.0019739529,4.3723394e-06,0.00216807,5.6469784,4.211858,6.8618693,0.0036449104,-0.0046443543,0.010574333
8.692307,-4.726719,5.3533077,6.70844,-0.0018069465,0.009579836,0.0028301827,-9.537826,1.9191504,-1.2397982,0.0040592337,-0.0028495952,-0.007345599,-9.348577,-2.5596745,-1.360545,-0.0049249963,-0.0027372036,0.006290434,5.63709,4.1938276,6.8399444,0.0109577365,0.004776287,0.01619948
8.711538,-4.731648,5.3727455,6.683238,0.008620472,0.015221763,-0.005356588,-9.549558,1.909549,-1.2284905,-0.0015304777,0.0012855895,-0.004739964,-9.350593,-2.569325,-1.3879218,0.002660272,-0.00058092,0.00477155,5.6302533,4.2069654,6.858104,0.008756196,-6.848438e-05,0.016439375
8.730769,-4.72981,5.3510447,6.7276692,0.0069387006,0.011939682,0.0008247458,-9.545512,1.8959935,-1.2471827,-0.004402244,-0.0015159134,-0.0087121455,-9.356024,-2.5841448,-1.3656288,-0.0027219823,-0.0044042272,0.006591321,5.621427,4.187138,6.864104,0.014140831,0.0071315817,0.010694773
8.75,-4.739765,5.3608303,6.71766,0.00019143822,0.00916623,-0.00062009384,-9.545886,1.8891506,-1.2443057,-0.0024263945,-0.0033720632,-0.007908306,-9.362951,-2.575308,-1.3591496,-0.0030697936,0.003940036,-0.002766925,5.5949383,4.198249,6.8748994,0.016630832,0.0013255787,0.010223029
8.769231,-4.716689,5.3702345,6.720822,-0.0068554357,0.011629709,0.0044845757,-9.550521,1.9117126,-1.230223,-0.0007601092,0.0009798184,-0.008176095,-9.3548975,-2.5822954,-1.3719379,-0.0015365047,-0.0051603387,0.0035136205,5.6172466,4.1905546,6.8720837,0.0100153955,0.0037485883,0.011285339
8.788462,-4.7311726,5.3603764,6.7000413,0.0024365978,0.0042680674,-0.0029519123,-9.531871,1.8916378,-1.2162508,-0.00019432644,-0.0036217298,-0.0055082846,-9.370483,-2.5809152,-1.3837528,-0.0014867663,-0.0019441241,0.003333602,5.6285367,4.187271,6.845063,0.008551736,0.0051293992,0.010452631
8.807693,-4.7137346,5.370831,6.7256794,-0.0029557124,0.009105314,0.0048564756,-9.523679,1.9198877,-1.2164894,-0.00051179243,0.0039354386,-0.0070147454,-9.374155,-2.5800633,-1.3761739,-0.0027883705,-0.0005520684,-0.003988025,5.6123114,4.190811,6.838957,0.012483082,-0.0013714486,0.015724557
8.826923,-4.732463,5.366952,6.6890054,-0.0024766407,0.01034762,0.0057087224,-9.552615,1.9098628,-1.2217584,-0.0014961504,-0.0012741977,-0.009413127,-9.333361,-2.5718083,-1.3818754,-0.004908431,0.0022280982,0.0034199245,5.6141996,4.1730413,6.8520966,0.0043160794,-0.00047476336,0.0060386388
8.846154,-4.738979,5.3780665,6.703555,-0.004612524,0.009667213,0.00089875364,-9.545176,1.9162807,-1.2195473,-0.0023431336,0.001110748,-0.0060110516,-9.378011,-2.5670042,-1.3620284,-0.003719636,0.0024078111,0.006055744,5.635775,4.196462,6.8456554,0.0064395787,0.0016037633,0.011977455
8.865385,-4.705467,5.4017496,6.704506,0.003132697,0.011044972,-0.002262707,-9.543422,1.9217592,-1.2253747,-0.001029332,0.002565847,-0.011761895,-9.352521,-2.5916462,-1.3631332,-0.0044677393,-0.00019437376,0.0020150095,5.6159205,4.2011924,6.8618264,0.0047946675,-0.003689426,0.008488011
8.884615,-4.708571,5.359145,6.709377,-0.00795615,0.009465408,-0.0031670686,-9.524183,1.9242631,-1.2443424,-0.004846265,0.0012995956,-0.007691148,-9.353747,-2.5668328,-1.3817306,-0.0028356134,-0.0062458883,0.0021104412,5.610859,4.1928387,6.853511,0.010720786,0.008297475,0.008360333
8.903846,-4.7447834,5.3447165,6.7164164,-0.0020528387,0.0026893578,0.0019464222,-9.548051,1.9060199,-1.2395214,0.0078311395,-0.0012156125,-0.0035673887,-9.37049,-2.5797067,-1.3701981,-0.0056679524,-0.0006545531,0.0039646653,5.625537,4.1841354,6.8403583,0.0105412835,-0.002860847,0.010842419
8.923077,-4.740856,5.3731737,6.714809,0.002300569,0.012767371,-0.0021525633,-9.539016,1.9050571,-1.2406893,0.00083486695,0.0024018602,-0.004277336,-9.376193,-2.5673554,-1.3810622,-0.0034527387,-0.0033945139,0.00038123011,5.628461,4.1867485,6.860306,0.00875467,0.0034418905,0.00927168
8.942307,-4.7318344,5.360797,6.7041726,-0.0024977343,0.010291514,1.7623239e-05,-9.523464,1.9149414,-1.2108994,-0.0062297545,0.0024563263,-0.0033402445,-9.337837,-2.569066,-1.3955866,-0.0015800785,0.0038486049,0.0064219385,5.630844,4.2020335,6.8645244,0.013625513,0.0013809977,0.010640013
8.961538,-4.702332,5.3670626,6.702707,-0.004330919,0.009606589,0.0019176678,-9.541369,1.8875252,-1.2651327,0.0053317677,-0.002932088,-0.008694825,-9.356956,-2.580754,-1.38771,-0.0042988597,-0.0009796754,0.0038428416,5.636469,4.1813436,6.861603,0.012684821,0.004308865,0.006894684
8.980769,-4.739565,5.351981,6.727614,0.0010722254,0.0077012945,-0.001631235,-9.541418,1.9038999,-1.2083615,-0.0076087764,-0.003034549,-0.0063826893,-9.351717,-2.5992491,-1.3842707,-0.0014044981,-0.0041892002,0.0029477966,5.6128316,4.1967278,6.8656187,0.008957592,0.0040163123,0.005417905
