t,s1_ax,s1_ay,s1_az,s1_gx,s1_gy,s1_gz,s2_ax,s2_ay,s2_az,s2_gx,s2_gy,s2_gz,s3_ax,s3_ay,s3_az,s3_gx,s3_gy,s3_gz,s4_ax,s4_ay,s4_az,s4_gx,s4_gy,s4_gz
0.0,-7.8975725,-5.824779,-0.053203855,0.0062730126,-0.0016305761,0.003615815,-0.12682053,5.2822604,8.256628,-0.007869181,0.009898772,0.001183703,9.718233,-1.3229843,-0.29316342,-0.0040441337,-0.004807876,0.009179299,6.189439,-7.3625803,-1.9510727,-0.007859702,-0.010355835,0.015041315
0.01923077,-7.8966355,-5.819836,-0.058955807,0.0080638295,-0.0038782358,-0.0042001903,-0.1122494,5.2882757,8.275768,-0.0117196385,0.005774984,0.007637495,9.708206,-1.3113676,-0.31340307,-0.0038569185,-0.005172412,0.012495586,6.179374,-7.350434,-1.949067,-0.0064134574,-0.011005126,0.008299165
0.03846154,-7.8849473,-5.8183613,-0.059590176,0.00077878684,-0.006122391,-0.0036299904,-0.12142711,5.2854066,8.261693,-0.004864926,0.012033477,0.0132048875,9.712119,-1.3244307,-0.29699826,-0.007474039,0.006449061,0.025950411,6.1750135,-7.3681955,-1.9623863,-0.0094152745,0.002021165,0.012375852
0.057692308,-7.8901105,-5.8360667,-0.04710877,-0.000214546,-0.006365139,-0.004897068,-0.099580824,5.2798443,8.277272,-0.00096568064,0.0059980415,0.0004987967,9.720585,-1.3290442,-0.3049367,-0.0013484893,0.004775182,0.022973942,6.2079115,-7.3686247,-1.9700565,0.0031428956,-0.0044025155,0.01080208
0.07692308,-7.8855314,-5.8176003,-0.056488138,-0.00638334,-0.0073075215,-0.0075922566,-0.10345581,5.2844367,8.259201,-0.00883529,0.012201986,0.004214477,9.738181,-1.3299625,-0.29565188,-0.021143813,-0.0038629188,0.024520583,6.1828184,-7.358688,-1.9596223,0.00026233922,-0.012333542,0.005836682
0.09615385,-7.894549,-5.822472,-0.05057868,0.00024612265,-0.0009851692,-0.008138505,-0.08696596,5.273915,8.263493,-0.011018022,0.0073480923,0.011287311,9.725021,-1.3261241,-0.2928867,-0.010094769,0.006327696,0.028156837,6.19917,-7.357579,-1.9554659,-0.00461553,0.0015376108,0.009353325
0.115384616,-7.8922668,-5.8253627,-0.06134943,-0.005405488,-0.0028111136,-0.0036177188,-0.08841366,5.2735543,8.269146,-0.0027387978,0.007993317,0.008276124,9.734756,-1.333426,-0.29183334,-0.007984587,-0.0024668528,0.014004745,6.1835194,-7.3538585,-1.949723,-0.0078933155,-0.0015211168,0.0023998537
0.13461539,-7.8694706,-5.8380995,-0.047790915,-0.0039220224,-0.0016659694,-0.012211632,-0.08937291,5.2872825,8.2558,-0.007566037,0.016863728,0.003407426,9.725404,-1.3328785,-0.286247,-0.0027498135,-0.00077143946,0.008050414,6.1746283,-7.351474,-1.9471617,-0.010170014,-0.007841563,0.008305258
0.15384616,-7.8611474,-5.817576,-0.055951092,0.010151281,-0.0018366631,-0.0056021255,-0.059959304,5.288642,8.267707,-0.012173136,0.016441163,0.0023296697,9.728516,-1.3174419,-0.3062369,-0.0026716914,0.0016691629,0.0092209345,6.20971,-7.3620443,-1.957265,-0.010227976,0.00046811943,0.0030727743
0.17307693,-7.8763056,-5.8235407,-0.057453003,0.011156774,0.0017468932,-0.0036623615,-0.08214276,5.28401,8.260335,-0.0088199405,0.0033634014,0.0016570779,9.747157,-1.3141289,-0.28260744,-0.011311044,-0.008067293,0.015898233,6.1906967,-7.3601394,-1.9460196,-0.006622165,-0.0032790222,0.0007591919
0.1923077,-7.8444333,-5.8257194,-0.04093298,0.005649204,0.0008288258,0.002002909,-0.06616315,5.282936,8.273925,-0.0020978942,0.007566113,0.006507877,9.756457,-1.325319,-0.28750387,-0.001995838,0.0017319791,0.020216597,6.189159,-7.3724513,-1.956961,-0.0033435973,0.0069130026,0.015511399
0.21153846,-7.8462057,-5.8185425,-0.05838168,-0.003405981,-0.0008690604,-0.0070396126,-0.052427825,5.274465,8.238555,-0.0027877532,0.0046941717,0.012495279,9.7351,-1.3211643,-0.28453225,-0.015521937,0.010484408,0.016456282,6.243903,-7.3508735,-1.9611949,-0.00439733,-0.0019919956,0.008041151
0.23076923,-7.8261175,-5.8342724,-0.051425558,0.002160706,0.009484877,-0.011379057,-0.06570207,5.280656,8.258985,-0.012839377,0.012364192,0.006468122,9.791341,-1.3264337,-0.30345133,0.0010071375,0.0013241211,0.01785497,6.2401915,-7.3719006,-1.9582232,-0.010709448,-0.0026128164,0.008354505
0.25,-7.8335757,-5.818852,-0.063406065,0.0042694183,0.010027763,-0.0025442506,-0.0010650243,5.285195,8.270084,-0.0016997594,0.010402991,0.0025662936,9.776413,-1.3363729,-0.28790227,-0.0075526023,0.010033412,0.012584802,6.2653313,-7.3527193,-1.9547645,-0.0018337629,0.005323537,0.010721103
0.26923078,-7.7815557,-5.8192472,-0.045174167,0.0038177103,0.006791874,-0.010137117,-0.0037351141,5.2690954,8.259772,-0.008929853,0.014437335,0.0029153235,9.795259,-1.3397398,-0.29866183,-0.0059776967,0.015381316,0.0155220125,6.2791615,-7.3536587,-1.9606229,-0.0037156956,0.010927851,0.009555095
0.28846154,-7.7556105,-5.81335,-0.03212956,0.0037649397,0.007018651,-0.0050888653,0.023031676,5.2756276,8.242599,-0.013877933,0.028867092,0.013771781,9.831547,-1.3241,-0.30436546,-0.019319247,0.009276659,0.012935899,6.3041263,-7.358696,-1.9420222,-0.0043282644,0.005243032,0.015137355
0.30769232,-7.732816,-5.834861,-0.041544445,0.004596655,0.015068983,-0.002047883,0.053429667,5.2763834,8.25649,-0.0063613504,0.022883408,0.007927306,9.842498,-1.3110353,-0.2982017,-0.0098060565,0.013533865,0.011809702,6.3384933,-7.3565497,-1.9542896,0.0008278043,0.00059665804,0.010828023
0.32692307,-7.7075443,-5.8423843,-0.057642512,-0.0047137025,0.012748529,0.0018959569,0.084841505,5.3027115,8.255413,-0.0034408767,0.028686518,0.0018117478,9.914148,-1.3202776,-0.28608528,-0.0037609448,0.011174113,0.017492585,6.357361,-7.374824,-1.953406,-0.0018300338,0.0072690463,0.01485179
0.34615386,-7.6422486,-5.8300567,-0.048171442,-0.0076362295,0.0016845912,0.0055931737,0.12332145,5.2800403,8.248431,-0.017342772,0.01858452,0.005114297,9.928925,-1.3389515,-0.28459308,-0.00046005507,0.010376123,0.013444086,6.409257,-7.353975,-1.9589039,0.0019159928,0.02093256,0.006731528
0.3653846,-7.6015306,-5.819565,-0.04475475,0.0001027613,0.0074517312,-0.008359791,0.1856149,5.281329,8.272866,-0.0049200715,0.032877456,0.010296575,9.994558,-1.3177665,-0.30470356,-0.009691392,0.01607064,0.013493125,6.4671936,-7.347429,-1.949917,-0.0052353167,0.013226854,0.011559992
0.3846154,-7.557398,-5.8236732,-0.039631356,0.0036923992,0.019676114,-0.0034359195,0.23898081,5.279008,8.243831,0.0044985726,0.01914452,-0.0030479638,10.050948,-1.3129374,-0.28429294,-0.0028823756,0.015569376,0.014022987,6.519142,-7.374127,-1.9553319,-0.009400462,0.022514638,0.0010930552
0.40384614,-7.4873457,-5.8134704,-0.05784145,0.012918735,0.022303512,-0.009751846,0.28619188,5.2855744,8.250664,-0.016578967,0.030513614,0.00018070904,10.102186,-1.312108,-0.29015058,-0.0042678793,0.01858664,0.014913246,6.5780177,-7.369477,-1.9365543,-0.008506111,0.022570921,0.012027427
0.42307693,-7.422436,-5.8311496,-0.045946635,0.004784183,0.022184653,-0.014456962,0.38018817,5.2964854,8.269337,-0.011284246,0.02849352,0.014408571,10.179534,-1.326546,-0.27475548,-0.004377444,0.024978558,0.016997073,6.6525283,-7.3469176,-1.9525464,-0.009935614,0.028804755,0.0053949906
0.44230768,-7.3348618,-5.832296,-0.04751811,0.006475157,0.022793123,-0.008071844,0.44573617,5.278543,8.250255,-0.011947056,0.035505686,0.004754932,10.269598,-1.3224789,-0.27021563,-0.0012676212,0.032241628,0.019126402,6.7450767,-7.368052,-1.9680852,-0.0017293514,0.030406456,0.004605328
0.46153846,-7.265097,-5.8389463,-0.052162655,2.0496183e-05,0.018808905,-0.010815064,0.54251635,5.289725,8.253813,-0.006651103,0.033522263,0.004109053,10.343379,-1.3166608,-0.30308974,-0.0044856574,0.028363913,0.016126743,6.786481,-7.369073,-1.9700979,-0.004239036,0.023566086,0.007591272
0.48076922,-7.1660013,-5.8381186,-0.07014772,0.006116877,0.022040779,0.00021271942,0.62919384,5.276248,8.26162,-0.010162704,0.03179444,-0.00059939746,10.437937,-1.3135579,-0.27718854,-0.013868269,0.035144474,0.017191047,6.91427,-7.3696985,-1.9461423,-0.005607992,0.023451813,0.0043023615
0.5,-7.0627527,-5.829935,-0.047446616,0.0093926275,0.01761841,-0.0023890561,0.7274505,5.305319,8.257065,-0.001514531,0.04059487,0.010079899,10.527417,-1.3080264,-0.29752243,-0.00658096,0.03136224,0.017046357,6.984925,-7.3700457,-1.9690437,-0.0027607486,0.025729356,0.008972728
0.5192308,-6.990427,-5.8256016,-0.059729945,0.018552985,0.020701798,-0.0014961951,0.81197023,5.296016,8.251331,-0.011027634,0.040886596,-0.0007368048,10.6309395,-1.322202,-0.28246737,-0.019665578,0.032915127,0.012594867,7.0903535,-7.3617296,-1.9608176,-0.012200957,0.024640221,0.0028323855
0.53846157,-6.877883,-5.8318973,-0.053508483,-0.00025315012,0.0237383,0.003719664,0.9036876,5.292488,8.25441,-0.0006853381,0.041245233,0.0024616874,10.7053175,-1.3227407,-0.30336988,-0.008204028,0.032054845,0.011121183,7.189279,-7.351531,-1.9789386,-0.00972765,0.03149621,0.004352058
0.5576923,-6.7875733,-5.8133965,-0.05750347,-9.985118e-05,0.01927572,-0.0005900322,0.96690893,5.288409,8.265854,-0.0021937594,0.032318182,0.014091346,10.801081,-1.3267028,-0.3087773,-0.012799702,0.029016405,0.02781569,7.27222,-7.355059,-1.9255279,-0.006585059,0.030648708,0.008800878
0.5769231,-6.730028,-5.825373,-0.06715977,0.0012924189,0.023997348,-0.007878553,1.0577796,5.2911487,8.256299,-0.009253193,0.032126658,-0.0064417394,10.86165,-1.3243155,-0.30467764,-0.0074171307,0.037128113,0.014600915,7.336702,-7.358261,-1.9492468,-0.004038678,0.022725534,0.008259713
0.59615386,-6.6502094,-5.8151107,-0.056548044,-0.0020442407,0.024975516,-0.009592992,1.1298362,5.281504,8.259962,-0.016954122,0.035532452,0.006069762,10.957079,-1.3200878,-0.28991598,0.00060950185,0.016354099,0.009756961,7.409249,-7.3582277,-1.956715,-0.0076319096,0.017779468,0.003763107
0.61538464,-6.585622,-5.824364,-0.06945132,0.0022754502,0.006649243,-0.0010577904,1.20351,5.281485,8.263808,-0.011895063,0.03433238,-0.002430958,11.00621,-1.3265355,-0.3030928,-0.010900538,0.016281849,0.013676395,7.4866204,-7.3721595,-1.9487653,-0.0027376178,0.022140691,0.01028082
0.63461536,-6.57009,-5.8306603,-0.06152038,0.0027635577,0.010434611,-0.002623057,1.2618272,5.280611,8.265246,-0.007777056,0.015357967,-0.0022405426,11.076643,-1.3237554,-0.28956762,-0.0038471885,0.015692111,0.021199604,7.512806,-7.362689,-1.9699144,-0.013555262,0.010270747,0.01933764
0.65384614,-6.4988165,-5.835477,-0.041039754,-5.9325146e-05,0.007705136,-0.006539571,1.3002375,5.293564,8.267881,-0.012195908,0.01728022,-0.0008684463,11.097479,-1.3102204,-0.29481524,-0.00051262684,0.019509882,0.010155841,7.5816913,-7.3593507,-1.9639719,-0.012132239,0.012815646,0.0058930498
0.6730769,-6.47012,-5.840127,-0.0638719,0.0075376835,0.0019340604,-0.005238475,1.3385272,5.275095,8.275342,-0.004795005,0.017137697,0.004471385,11.124434,-1.32329,-0.2836497,-0.0047276407,0.0061897067,0.015361185,7.6039143,-7.357708,-1.9761436,-0.003667859,0.0032730056,0.008013349
0.6923077,-6.4320116,-5.822547,-0.05511435,0.006075827,-0.0052226,-0.007653702,1.3472033,5.2896285,8.241794,-0.0054580066,0.010207021,0.0008317436,11.1695385,-1.3183149,-0.28720394,-0.01687646,0.0045022108,0.009524918,7.624957,-7.365294,-1.9558784,-0.0035287342,0.0044448148,0.009466085
0.71153843,-6.430918,-5.8204384,-0.033990797,0.0044365106,0.013738144,-0.0049920445,1.3674214,5.297459,8.262801,-0.0076541193,0.00994939,0.010594738,11.184781,-1.3354968,-0.27408606,-0.0033005162,0.0149220405,0.02019429,7.6470385,-7.363601,-1.9584861,-0.0032164156,-0.0074470355,0.01531859
0.7307692,-6.426514,-5.827976,-0.054640476,0.001574813,-0.003905904,0.00028439306,1.3653954,5.270598,8.259923,-0.0060539627,0.0047923895,0.0052986653,11.188522,-1.3262277,-0.28257573,-0.007967909,0.010493749,0.016626338,7.637754,-7.351617,-1.9357885,-0.0009167803,0.0035130803,0.00031930782
0.75,-6.4242797,-5.8258696,-0.05469112,0.0033707588,-0.014742203,-0.0028822036,1.3497783,5.291284,8.257134,-0.0022036156,0.0064475,0.01061218,11.174477,-1.3418164,-0.2751802,-0.012770039,-0.0059983474,0.016474681,7.6404915,-7.363959,-1.9634725,-0.012861982,-0.014954947,0.015650386
0.7692308,-6.449406,-5.816504,-0.057651926,-0.004725278,-0.020607315,-0.008416159,1.3341761,5.258267,8.254153,-0.011857967,-0.003103808,0.006754436,11.168001,-1.3116999,-0.29094696,-0.0051314523,-0.0033962445,0.009906531,7.6198215,-7.3650203,-1.9615922,-0.008402103,-0.009170575,0.016274888
0.78846157,-6.4709077,-5.84169,-0.047795784,0.0004479041,-0.010766003,-0.007774843,1.3250176,5.298409,8.262534,-0.0032931303,0.012012735,0.011559644,11.143229,-1.3180487,-0.2979352,-0.0071905516,-0.007918506,0.014595055,7.5849485,-7.366951,-1.9701717,0.003585511,-0.021047981,0.008418614
0.8076923,-6.4973965,-5.8238573,-0.05198115,0.00031927892,-0.013771678,-0.009305068,1.2893467,5.2825904,8.263559,-0.01981927,-0.00089736836,0.008841226,11.087699,-1.3269361,-0.30099767,-0.0059221373,-0.006813816,0.012902629,7.565423,-7.38444,-1.9766996,-0.0073080244,-0.021089045,0.008113583
0.8269231,-6.526837,-5.8449078,-0.05330586,-0.0021802569,-0.024621801,-0.010253617,1.2518393,5.286402,8.258922,-0.012747189,0.0029971607,0.0102513395,11.07017,-1.3129714,-0.29611105,-0.003828745,-0.016581995,0.011062877,7.5366344,-7.3621874,-1.9690998,-0.006973555,-0.0038497273,0.001965442
0.84615386,-6.5767274,-5.8285675,-0.069821805,1.0433593e-05,-0.02720218,-0.013106316,1.2002476,5.2876186,8.26217,-0.003135422,-0.011678465,0.0087276,11.016517,-1.3373548,-0.29815236,-0.0024607654,-0.018036604,0.018260932,7.477151,-7.3714046,-1.985746,-0.009168802,-0.021370482,0.013134877
0.86538464,-6.6202054,-5.8378363,-0.04428927,-0.0007680553,-0.02769684,-0.006825591,1.1587777,5.3041677,8.263053,-0.009643531,-0.006578359,0.0005456562,10.980297,-1.3364605,-0.28010038,-0.008736364,-0.012931311,0.012538848,7.440005,-7.3496523,-1.9384301,0.0017935802,-0.020229971,0.009054095
0.88461536,-6.691118,-5.858895,-0.044600375,0.0012925982,-0.025697948,-0.0092606135,1.1056463,5.2924113,8.247196,-0.0070054126,-0.011484496,0.012227855,10.939239,-1.3258514,-0.30650768,-0.011037086,-0.0235976,0.013262417,7.3996396,-7.379777,-1.9581479,0.0012057057,-0.026821407,0.0067856344
0.90384614,-6.730831,-5.836646,-0.073691055,0.0022094706,-0.029771166,-0.009285706,1.0554129,5.2965274,8.249594,-0.0020848366,-0.0147415,0.0007808836,10.857237,-1.3072585,-0.27808717,0.0037145203,-0.02201967,0.011955207,7.345851,-7.350232,-1.9476016,-0.0044417884,-0.023943525,0.006952339
0.9230769,-6.7868266,-5.8180704,-0.049809642,0.0035925251,-0.028942171,-0.009740482,0.9954174,5.284392,8.254944,-0.01450888,-0.011743891,0.0060636206,10.80179,-1.3270035,-0.29778072,-0.011506883,-0.024161115,0.02260541,7.269313,-7.352753,-1.9606965,0.0032511689,-0.020866588,0.012186107
0.9423077,-6.850071,-5.8383603,-0.04373069,0.00013765109,-0.029256018,-0.0051534087,0.9267433,5.2854033,8.261211,-0.006715419,-0.015484424,0.005061145,10.741604,-1.3345107,-0.30773798,-0.0035714593,-0.015595196,0.013497406,7.2065372,-7.3614554,-1.9508001,-0.008676934,-0.026201736,0.015722146
0.96153843,-6.9287324,-5.845249,-0.06864294,0.0038545032,-0.039674032,-0.0084626125,0.86446667,5.3014736,8.254232,-0.0038059975,-0.024135545,0.008990452,10.669147,-1.3307251,-0.27579236,-0.015326868,-0.019575141,0.016074315,7.1297836,-7.365172,-1.9880341,-0.0021578749,-0.027089959,0.009755296
0.9807692,-7.010309,-5.8118634,-0.071315505,0.008848245,-0.03122902,-0.007069506,0.7708301,5.2885375,8.265536,-0.004225042,-0.0156218875,-0.00086030655,10.604416,-1.3315005,-0.2937203,-0.010685147,-0.023091039,0.013460935,7.059716,-7.344264,-1.962013,-0.00025530756,-0.031378556,0.007787306
1.0,-7.080058,-5.8318877,-0.048757385,-0.0052864747,-0.030231034,-0.0072629023,0.7052978,5.282004,8.2516365,-0.0017607289,-0.023367109,0.006638122,10.5352335,-1.3230184,-0.27999717,-0.011751125,-0.01962218,0.016311856,6.9866676,-7.3671303,-1.955911,-0.0073274127,-0.03829195,0.0056584985
1.0192307,-7.160043,-5.8114276,-0.0752128,0.0052629057,-0.036021978,0.00270515,0.6344957,5.285859,8.254338,-0.0072870217,-0.021020794,0.002623033,10.461947,-1.3231725,-0.3080964,-0.0115575055,-0.017525168,0.014846686,6.90663,-7.3479276,-1.9537565,-0.0076967627,-0.03554235,0.013254671
1.0384616,-7.2356834,-5.811182,-0.03964846,8.4408195e-05,-0.033043675,-0.0061524035,0.56018,5.3046265,8.257172,-0.0069622505,-0.016692175,0.00041040205,10.352982,-1.3310281,-0.2858276,-0.008808579,-0.02354104,0.015817557,6.8316903,-7.3555865,-1.9311059,-0.009745551,-0.03025502,0.0052809403
1.0576923,-7.326668,-5.8479767,-0.05100584,-0.004343834,-0.03760332,-0.00022583433,0.46954128,5.287487,8.256935,-0.0013293948,-0.026218094,0.0129398415,10.288938,-1.3274112,-0.2870159,-0.004093584,-0.03223191,0.014271555,6.7480574,-7.349737,-1.9422591,-0.008606158,-0.030551251,0.0035336383
1.0769231,-7.3927903,-5.8062186,-0.048354104,0.0031595724,-0.039444316,-0.0018944247,0.3820184,5.286054,8.271399,-0.005880652,-0.02415404,-0.0007107976,10.198951,-1.3088688,-0.3132378,-0.010724958,-0.032408472,0.01859925,6.655547,-7.3560233,-1.9490904,0.00036504734,-0.0343481,0.004955339
1.0961539,-7.480346,-5.8400755,-0.06628008,-0.008499954,-0.038872812,-0.009436889,0.3150157,5.296048,8.269566,-0.0087878145,-0.01086914,0.00073584344,10.118908,-1.3284498,-0.2971947,-0.007889595,-0.03998321,0.023681525,6.580215,-7.3668947,-1.981656,-0.0072620865,-0.034310214,-0.004564477
1.1153846,-7.566794,-5.8309517,-0.06207379,0.0043370174,-0.03782237,-0.0017860497,0.2186018,5.2889557,8.266788,-0.01662914,-0.029764855,0.004514885,10.025795,-1.3148013,-0.28169188,-0.0021049848,-0.029508108,0.022042137,6.502547,-7.3376365,-1.954074,-0.0077213496,-0.035655312,0.008746729
1.1346154,-7.6521974,-5.8236637,-0.036037244,0.00030871987,-0.042321585,-0.007319216,0.14533032,5.2878275,8.245314,-0.011098173,-0.021299878,0.0104580065,9.939976,-1.316723,-0.30720606,-0.001758058,-0.028464684,0.00983268,6.42115,-7.367713,-1.9552511,0.0032515395,-0.036591776,0.0015012092
1.1538461,-7.7552257,-5.8017817,-0.08892516,-0.008286233,-0.04335017,0.00022788694,0.045228764,5.2707577,8.264651,-0.011099059,-0.026270604,0.0075347857,9.859547,-1.3271449,-0.2916413,-0.014687312,-0.02968854,0.014150123,6.3287697,-7.3700075,-1.9743392,-0.00925878,-0.031585913,0.00046483535
1.1730769,-7.830412,-5.8257294,-0.07021203,0.006521186,-0.036276344,0.00091951876,-0.03979327,5.2957153,8.246105,-0.0055316854,-0.018430207,0.009916835,9.756394,-1.314137,-0.28096995,-0.010508624,-0.032478284,0.016569523,6.228403,-7.3653193,-1.9495533,-0.007483994,-0.030213721,0.005542415
1.1923077,-7.920128,-5.834993,-0.057206128,0.0031808636,-0.038936697,-0.0019568212,-0.123573594,5.2747974,8.256716,-0.0015665356,-0.013752201,0.012102241,9.691275,-1.3268499,-0.27433,-0.008565746,-0.030415019,0.010354969,6.129681,-7.367018,-1.9593176,0.0016432927,-0.038147673,-0.0003324485
1.2115384,-8.017387,-5.8250475,-0.051193595,-0.0043171975,-0.032797847,-0.0006894043,-0.23507324,5.288763,8.251649,-0.011212715,-0.028321002,0.0046625636,9.602129,-1.3281451,-0.29859367,-0.013231631,-0.03181979,0.0149790235,6.0596614,-7.3604846,-1.9550302,-0.009153631,-0.032549605,0.012119902
1.2307693,-8.110629,-5.8163023,-0.054288592,0.0049710693,-0.038954686,-0.010085526,-0.3129233,5.2926435,8.26995,-0.0115844095,-0.024095096,0.008209069,9.509264,-1.3451295,-0.30117583,-0.013607153,-0.030151645,0.010395413,5.9826107,-7.3609695,-1.9831774,-0.010927338,-0.036819283,0.0035697904
1.25,-8.201612,-5.821586,-0.050182145,0.0077920808,-0.038238365,-0.0042916895,-0.41394082,5.2787466,8.272976,-0.0012238219,-0.025486495,0.0045862193,9.396041,-1.3223019,-0.30629247,-0.0042591477,-0.029384535,0.011551924,5.875712,-7.354739,-1.9488015,-0.005634538,-0.03374407,0.012230217
1.2692307,-8.277007,-5.82628,-0.040794097,0.004885014,-0.034136128,-0.0052501974,-0.48397642,5.2930984,8.258567,-0.012655108,-0.020359091,0.005539121,9.309157,-1.3052057,-0.2913877,0.0008946663,-0.030612236,0.014878298,5.7941256,-7.358761,-1.9739354,-0.0068133725,-0.029868849,0.0069597675
1.2884616,-8.341668,-5.8350263,-0.040172335,-0.0017392015,-0.034742564,-0.0070576044,-0.57772434,5.282919,8.241183,-0.0009900143,-0.01542996,0.004492977,9.231696,-1.3092121,-0.28725097,-0.0080405725,-0.025008528,0.0033788523,5.7020974,-7.3754215,-1.9654361,0.0048751687,-0.025314918,0.007858428
1.3076923,-8.438723,-5.8277535,-0.054600053,0.005475801,-0.044184215,0.0054448093,-0.6663483,5.262231,8.263994,-0.003110091,-0.019336803,0.016534094,9.1573,-1.3198595,-0.2795512,-0.007076217,-0.037002217,0.012491091,5.6297235,-7.34524,-1.9532915,-0.012206605,-0.035034947,0.0031641515
1.3269231,-8.548187,-5.82536,-0.065499626,0.0025875892,-0.029279765,-0.0068898327,-0.7407405,5.2962756,8.251179,-0.0060544596,-0.018302849,-0.0013960275,9.067088,-1.3317003,-0.2745614,-0.00690111,-0.03042534,0.016565667,5.5304914,-7.35787,-1.9640025,-0.008642494,-0.025268862,0.00647486
1.3461539,-8.606102,-5.825868,-0.04440214,0.003246196,-0.034351733,-0.006067485,-0.81831527,5.2834897,8.256938,-0.012828839,-0.023773849,-0.00071830314,8.970599,-1.3245322,-0.31282845,-0.011474129,-0.037084278,0.011770674,5.4458294,-7.376574,-1.972325,-0.0025034202,-0.035462435,0.014522398
1.3653846,-8.704064,-5.835085,-0.04637746,-0.0040859436,-0.028635599,0.00046520654,-0.88744783,5.2860303,8.261415,-0.0069041625,-0.020129278,0.013322157,8.9094925,-1.3291991,-0.28716567,-0.015558376,-0.019992514,0.012251605,5.364228,-7.3732495,-1.9669813,0.0019322044,-0.027711138,0.0077020205
1.3846154,-8.769416,-5.8206325,-0.05272153,0.00081391464,-0.035208914,0.0024648302,-0.96379083,5.2666917,8.266461,0.0049752495,-0.021603545,0.004799266,8.824571,-1.3069725,-0.3093376,-0.010683229,-0.02948975,0.020406874,5.298854,-7.355698,-1.968521,-0.0054973853,-0.026006786,0.013867028
1.4038461,-8.832079,-5.8251925,-0.036462255,0.013037504,-0.0330847,-0.0013013105,-1.0605811,5.2910967,8.249388,-0.0063690483,-0.015720023,-0.0025056454,8.761841,-1.3227189,-0.29994488,-0.01070976,-0.019647004,0.008177935,5.2140484,-7.3653507,-1.961668,0.003516154,-0.033257917,0.02084318
1.4230769,-8.898145,-5.8270726,-0.054494783,0.004208131,-0.028130392,-0.0074352995,-1.120315,5.29162,8.2578745,-0.009477659,-0.017534783,0.011222709,8.686102,-1.3131452,-0.2781109,-0.0064555546,-0.027611742,0.015992055,5.159243,-7.3586907,-1.966525,-0.015209893,-0.026946649,0.009647641
1.4423077,-8.97788,-5.8146296,-0.068697505,0.0016335143,-0.01764359,-0.005451478,-1.2049017,5.2896156,8.256257,-0.004419883,-0.019557057,0.00060444826,8.630691,-1.3103819,-0.28618857,-0.014216947,-0.010465875,0.026802797,5.0835752,-7.3774004,-1.964695,0.0005445784,-0.025476467,0.007538268
1.4615384,-9.063449,-5.8088408,-0.057372935,0.00040609197,-0.029864723,-0.011104441,-1.2731268,5.2744155,8.256414,-0.012067664,-0.015086561,-0.003384379,8.5510235,-1.3339566,-0.28899524,-0.0054936125,-0.017013345,0.018653762,4.9998574,-7.3747797,-1.9514296,-0.007619097,-0.02198158,0.016279332
1.4807693,-9.110117,-5.8115253,-0.054660577,0.0030901553,-0.034861952,-0.004637775,-1.3382523,5.2904024,8.276154,-0.011225767,-0.014932811,0.0091816895,8.496316,-1.3065968,-0.28887904,-0.015861508,-0.009518712,0.012544271,4.95116,-7.375196,-1.9585555,0.00037360573,-0.03970884,0.015519841
1.5,-9.162864,-5.8294525,-0.045236036,0.001241226,-0.030959688,-0.015292312,-1.385035,5.283418,8.264952,-0.006473711,-0.009907065,0.012180764,8.425081,-1.3128215,-0.29562655,-0.006656627,-0.016040156,0.018037273,4.9162703,-7.383911,-1.9652913,-0.0014048045,-0.026082736,0.0003932539
1.5192307,-9.228151,-5.825453,-0.030792374,0.005412922,-0.027930206,-0.008436484,-1.4438802,5.276462,8.233018,-0.0035151609,-0.0034726907,0.0015568816,8.367556,-1.3406992,-0.30115473,-0.013864132,-0.015134591,0.007971006,4.846178,-7.3576107,-1.9760273,-0.006926167,-0.016705623,0.009193494
1.5384616,-9.287947,-5.830834,-0.058267217,-0.00043556432,-0.03667159,-0.012487599,-1.5032502,5.272971,8.261322,-0.008981722,-0.015452571,0.006961937,8.303047,-1.3211567,-0.2993585,-0.008815418,-0.017427726,0.031345915,4.7743645,-7.3681912,-1.9465582,-0.0026544812,-0.01859228,0.013308071
1.5576923,-9.336435,-5.8240156,-0.05959793,-0.0007594371,-0.026925331,-0.0034508605,-1.5538396,5.271218,8.25879,-0.005306059,-0.0087731965,0.009130267,8.254507,-1.3029691,-0.27275187,0.0015198026,-0.0051131677,0.017073646,4.714385,-7.3595505,-1.9774909,-0.0072295126,-0.019461814,0.011197133
1.5769231,-9.376416,-5.8135376,-0.03435761,-0.00039777556,-0.0257668,-0.003167003,-1.6108735,5.2949758,8.242536,0.0015736234,-0.011101923,0.006681083,8.213025,-1.3186282,-0.28128088,-0.0076284204,-0.0024467553,0.017686307,4.67904,-7.36292,-1.9836491,-0.006090067,-0.017343415,0.004590332
1.5961539,-9.417498,-5.828976,-0.043894798,0.00957153,-0.022482777,-0.0037730576,-1.6341939,5.2659135,8.245155,-0.009964602,-0.004120472,0.00453519,8.169249,-1.2990247,-0.2989158,-0.011514793,-0.014346029,0.0055505903,4.654985,-7.366976,-1.9536994,-0.01190985,-0.018183239,0.017550878
1.6153846,-9.484674,-5.828809,-0.06181206,-0.011700353,-0.012479213,-0.0067764437,-1.6800092,5.2928834,8.2576065,-0.011626638,-0.009824709,0.020488396,8.12137,-1.3049194,-0.28532425,-0.0025663946,-0.008742993,0.016035127,4.586148,-7.354167,-1.9550515,-0.00621055,-0.023692278,0.0047190837
1.6346154,-9.489268,-5.83447,-0.05194907,-0.0026753685,-0.021701876,-0.00062582525,-1.7228488,5.28907,8.269863,-0.0112262955,-0.0059160506,-9.78787e-06,8.096724,-1.3199072,-0.28974813,-0.0053997342,-0.009969154,0.022627482,4.5714025,-7.358313,-1.9558219,-0.0046446063,-0.012322359,0.005505984
1.6538461,-9.5311365,-5.822663,-0.044870343,0.0075408123,-0.015967222,-0.0073591946,-1.7407215,5.291797,8.255979,-0.00012601232,-0.002334088,0.0133227715,8.0790205,-1.3238242,-0.2776855,-0.008014835,-0.018107062,0.01090557,4.530843,-7.3633685,-1.969532,-0.0067622033,-0.013965202,0.008813817
1.6730769,-9.562912,-5.830853,-0.046704497,0.0074365395,-0.016701322,0.004352392,-1.783029,5.289982,8.273179,-0.011376314,0.0022086143,0.0040366123,8.039698,-1.3224308,-0.2752667,-0.00470965,-0.005963193,0.019141322,4.5047083,-7.351802,-1.97052,-0.002186605,-0.015117985,0.0066155037
1.6923077,-9.567102,-5.823278,-0.066845156,0.0037637285,-0.00806185,-0.005507602,-1.7888488,5.2804813,8.253909,-0.008419985,-0.0024307454,0.006795304,8.036578,-1.3096241,-0.2759994,-0.0153635405,-0.008447953,0.01736522,4.500189,-7.3483944,-1.9605545,-0.00796663,-0.0133009525,0.0046149776
1.7115384,-9.586986,-5.8381653,-0.054526735,0.0017841578,-0.01367153,-0.008855811,-1.8047203,5.294573,8.248974,-0.007543687,0.0075187795,0.006008281,7.9877796,-1.3220773,-0.30044502,-0.0016599757,-0.0066246055,0.017796576,4.4691515,-7.3571506,-1.9498101,0.001952414,-0.006623854,0.005246535
1.7307693,-9.6068735,-5.8212256,-0.046424888,-0.004557275,-0.012545195,-0.0100145945,-1.8238585,5.274376,8.256761,-0.0012647661,0.0020477688,0.008028646,7.9930267,-1.3276538,-0.2982165,-0.0048185266,-0.0035414586,0.008749793,4.449716,-7.3730483,-1.9575797,0.0019414878,-0.008618798,0.012992049
1.75,-9.6182165,-5.8472967,-0.057274524,0.0019292654,-0.002466907,-0.0068588746,-1.8483888,5.2969894,8.278851,-0.005457924,0.008736639,0.008155878,7.993532,-1.3175932,-0.28197145,-0.009106777,-0.0013115996,0.016812019,4.4506435,-7.3370776,-1.9598168,-0.010923216,-0.006384264,0.005753832
1.7692307,-9.630763,-5.851646,-0.054627452,0.005178415,-0.008984508,0.0015004755,-1.8390462,5.2839975,8.249216,-0.015909588,0.0069935434,0.010140374,7.9532404,-1.3282417,-0.29232365,-0.016033676,0.0045304587,0.01921498,4.4487753,-7.3528275,-1.9590627,-0.0068203886,-0.009941017,0.010771606
1.7884616,-9.607472,-5.820301,-0.05530983,0.0019549872,0.007043865,0.0018761333,-1.8392307,5.288328,8.269444,0.0034117636,0.010665622,0.00010030936,7.976829,-1.3197786,-0.2849368,-0.0037239424,5.9310907e-05,0.01287108,4.451577,-7.3509254,-1.9479444,-0.00025721375,0.0005799363,0.0029637397
1.8076923,-9.608607,-5.8330364,-0.03478642,-0.0022888929,-0.0037805971,-0.00086817075,-1.810414,5.28081,8.255947,-0.006597532,0.010094283,0.0054924013,7.9759974,-1.3283165,-0.2709981,-0.013670321,0.004341737,0.01616173,4.4573646,-7.3490267,-1.9671025,-0.014141194,-0.0015262358,0.013878546
1.8269231,-9.623962,-5.834531,-0.074551895,0.0021594602,0.0014884318,-0.0061268318,-1.8162802,5.282651,8.256184,-0.010130514,0.014706896,0.014318892,7.992335,-1.3323145,-0.29308563,-0.006340435,0.010494391,0.01272462,4.480449,-7.3705993,-1.9611647,-0.0002811562,0.0009124493,0.0059451256
1.8461539,-9.585706,-5.830961,-0.053798735,-0.0043122824,0.00024465742,-0.01411104,-1.7926773,5.269709,8.249236,-0.0100363605,0.011518191,0.008161205,8.018609,-1.3336889,-0.3040629,-0.008954852,0.012621141,0.021397823,4.4685674,-7.35342,-1.9508294,0.0067210277,-0.000109589295,0.009974485
1.8653846,-9.586768,-5.8331633,-0.043592263,0.0095007075,-0.0014724699,-0.01421966,-1.7938429,5.293863,8.259971,-0.0008825922,0.012113664,0.0028940018,8.008743,-1.3225923,-0.29390636,-0.0107549075,0.007868942,0.009755831,4.4775763,-7.3626814,-1.9578927,-0.011506731,0.013142782,0.009799658
1.8846154,-9.569959,-5.8285317,-0.05856862,0.0074620284,-0.0005350001,-0.0041208607,-1.7615573,5.295625,8.261138,-0.007539642,0.015807183,0.012468636,8.031304,-1.3116188,-0.2876593,-0.009784732,0.015171729,0.025856273,4.5049825,-7.360207,-1.944528,-0.011339152,0.016054021,0.004661412
1.9038461,-9.534752,-5.834661,-0.0654161,0.0072930604,0.007335307,-0.010061564,-1.7379509,5.2940063,8.254776,-0.008875355,0.020381603,0.008222757,8.060239,-1.3068637,-0.27444056,-0.01503097,0.014146998,0.020563599,4.5428805,-7.3548794,-1.9589632,-0.005208159,0.009222076,0.007875059
1.9230769,-9.502154,-5.8148265,-0.065098435,0.0043224436,0.0041085053,-0.008150634,-1.6997615,5.279628,8.27302,-0.006308201,0.022318633,0.008576774,8.106448,-1.3268871,-0.28033522,-0.0073126457,0.019332118,0.0064789634,4.5839863,-7.3636355,-1.9644921,0.0014649403,-0.003783515,0.01057193
1.9423077,-9.439692,-5.8304014,-0.050744373,-0.00023242483,0.0015578853,0.0054856897,-1.6743271,5.2939305,8.265079,-0.01350748,0.016714128,0.0026756183,8.138641,-1.308197,-0.29491886,-0.0022500192,0.021099208,0.015509623,4.612438,-7.350287,-1.95842,-0.0015496413,0.01820862,0.007678643
1.9615384,-9.415925,-5.8208876,-0.037911665,0.0037733018,0.0013388683,-0.012023223,-1.6112214,5.280881,8.251671,-0.013229249,0.023953117,0.008877155,8.174549,-1.3304529,-0.2922487,-0.007670076,0.018309003,0.014854265,4.644354,-7.344292,-1.9677758,-0.0099384,0.01555327,0.012993539
1.9807693,-9.385664,-5.8335752,-0.05806703,0.003918293,0.017722525,-0.005826248,-1.5912267,5.2925406,8.246275,-0.016319618,0.017873436,0.01348838,8.208108,-1.3034936,-0.27610466,-0.012246822,0.0101151485,0.0021514678,4.6962824,-7.3583426,-1.966158,-0.007567139,0.017669803,0.0035102752
2.0,-9.33669,-5.818833,-0.076711625,0.00087993336,0.007224573,-0.0075142784,-1.5368841,5.2799015,8.2692795,-0.011923263,0.019395476,0.0114913285,8.278023,-1.3086494,-0.29689145,-0.0098134,0.012764357,0.0177768,4.7448816,-7.3579564,-1.9486831,0.0020811874,0.013428118,-0.0021733257
2.0192308,-9.2990885,-5.821318,-0.061235648,0.0005935203,0.010642988,-0.010187729,-1.4920154,5.2692895,8.266034,-0.008726226,0.023099631,0.011343549,8.330282,-1.3085636,-0.27324268,-0.010409491,0.022846425,0.013332087,4.809564,-7.3645887,-1.9828888,-0.00814107,0.011936328,0.0063392576
2.0384614,-9.228186,-5.82287,-0.052588664,0.0017135332,0.009276997,-0.005424035,-1.4319074,5.272405,8.241057,-0.0048331157,0.025253672,0.0018268799,8.364842,-1.3133014,-0.29556116,-0.017313335,0.017894778,0.014492832,4.8566885,-7.3533726,-1.9685202,-0.0041252687,0.015514733,0.0060816044
2.0576923,-9.163277,-5.8511767,-0.056900736,0.003019998,0.016094668,-0.008799504,-1.397837,5.292854,8.264443,-0.011830038,0.03326798,0.009935667,8.446583,-1.303568,-0.28022343,-0.0066698887,0.020546306,0.011754495,4.908853,-7.3660975,-1.9637642,-0.012267953,0.013478122,0.0014031703
2.0769231,-9.094738,-5.820671,-0.05860744,-0.004462782,0.017958838,-0.0008600771,-1.3124027,5.2957125,8.251038,-0.008619403,0.032176193,0.01138495,8.506596,-1.316353,-0.27853653,-0.009149778,0.016103484,0.016877478,4.975135,-7.362711,-1.9717193,-0.0036828697,0.024465464,0.013065795
2.0961537,-9.037775,-5.814673,-0.042262442,0.00046809728,0.01497125,-0.008130482,-1.2635529,5.2939215,8.263434,-0.013758281,0.03733295,0.008769854,8.578298,-1.333513,-0.29801404,-0.0043772003,0.025599584,0.013427851,5.0321193,-7.3722105,-1.9512129,-0.0022454525,0.022318779,0.01067869
2.1153846,-8.972671,-5.826919,-0.060760844,-0.0052575734,0.022529118,0.0070267315,-1.2032434,5.289094,8.256389,-0.0015287457,0.022657657,0.014918841,8.641504,-1.3323432,-0.3035658,-0.0021567054,0.027930858,0.015273816,5.089757,-7.3716273,-1.9607253,-0.00407966,0.016058985,0.011335645
2.1346154,-8.902015,-5.8079443,-0.027543854,0.010871598,0.021140398,-0.012013244,-1.1103252,5.298083,8.263643,-0.0026279672,0.022333184,0.0072680735,8.678262,-1.3334721,-0.27700117,-0.018780764,0.022636766,0.015080884,5.1513896,-7.3528886,-1.9583387,-0.015700538,0.01892075,0.0037139624
2.1538463,-8.817168,-5.817009,-0.07477403,0.0048502814,0.016782522,-0.007405059,-1.0448394,5.286958,8.259442,-0.0031801441,0.035703853,-0.003464686,8.779787,-1.3331492,-0.2828492,-0.005419364,0.034456525,0.013507564,5.2303424,-7.369352,-1.9644341,-0.0037557157,0.033279534,0.007126781
2.1730769,-8.762,-5.8291664,-0.051806558,0.0011837038,0.021766383,-0.0125726415,-0.9749808,5.276405,8.275911,-0.0031872585,0.037437525,0.006283444,8.848765,-1.3206486,-0.27144545,-0.00995279,0.02879566,0.008576302,5.319118,-7.356164,-1.9633523,-0.005641871,0.01594466,-0.0018131164
2.1923077,-8.671048,-5.8309474,-0.052498244,0.0019375209,0.022899985,-0.004491613,-0.8863031,5.2991242,8.250857,-0.015765736,0.040011235,0.005445336,8.923982,-1.305358,-0.30176708,-0.0088176755,0.025656221,0.0057755886,5.393036,-7.359747,-1.9660109,-0.0049384865,0.017777892,0.010846121
2.2115386,-8.579757,-5.825571,-0.059048824,0.0025439882,0.02286336,-0.0060752393,-0.8172431,5.304656,8.269486,-0.012927406,0.02789389,0.0042082863,9.00907,-1.3205855,-0.30395323,-0.0067864982,0.016580602,0.016370544,5.4575415,-7.3553796,-1.9632946,-0.0026971535,0.02896592,0.015568796
2.2307692,-8.507146,-5.8436685,-0.045814723,-0.0011766438,0.031300656,-0.0026304747,-0.7220514,5.266817,8.242959,-0.01586619,0.03168065,0.006997897,9.096979,-1.3376787,-0.28341258,-0.007893993,0.033118743,0.015453374,5.549748,-7.351041,-1.9656492,0.0027797786,0.025242673,0.0071083005
2.25,-8.440342,-5.821715,-0.03035102,0.0040911343,0.021721706,0.0014035648,-0.63002616,5.2885666,8.258006,-0.014806362,0.031732447,0.008929918,9.158615,-1.3033843,-0.29499942,0.0035408314,0.028153798,0.02033929,5.6355257,-7.3421574,-1.9592808,-0.007852595,0.029278524,0.0057048793
2.2692308,-8.362517,-5.8089943,-0.048527937,-0.001664465,0.036811057,-0.003486117,-0.5484345,5.292252,8.248613,-0.008396638,0.042262398,0.0036900446,9.25189,-1.3315942,-0.2786699,-0.0069100503,0.023861062,0.015781766,5.705323,-7.364981,-1.9570526,0.0014017076,0.021983515,0.008371667
2.2884614,-8.251685,-5.8276563,-0.035820547,-0.007346819,0.017912561,-0.0024797472,-0.47270876,5.257521,8.25294,-0.011455628,0.029447174,0.013992778,9.347958,-1.3168187,-0.2873757,-0.0019220159,0.033352748,0.018138,5.809393,-7.3628397,-1.9830897,-0.0053959806,0.033682454,0.008734784
2.3076923,-8.188481,-5.816439,-0.057777323,0.0005600965,0.026305743,-0.00889538,-0.38720298,5.2709517,8.257619,-0.008621714,0.036235396,-0.0006878023,9.4215145,-1.3302264,-0.28745756,-0.010050416,0.033669222,0.009579159,5.8844395,-7.3762527,-1.9604304,-0.004282912,0.027262509,0.0015198585
2.3269231,-8.119147,-5.824751,-0.04359529,0.0028147344,0.016370941,-0.013436537,-0.29308647,5.2683053,8.259367,-0.0063606123,0.037778787,0.002401809,9.500766,-1.3162662,-0.2828028,-0.0054403725,0.04080217,0.019466328,5.9844995,-7.3493757,-1.9698229,-0.0038707755,0.029845254,0.013305162
2.3461537,-7.991768,-5.8370075,-0.04964707,0.0035194673,0.025333466,-0.0027690907,-0.22110532,5.28204,8.263833,-0.016111497,0.042980097,-0.00056578417,9.61325,-1.3217684,-0.2976086,-0.0009946468,0.031005356,0.012690771,6.0747256,-7.362705,-1.9684963,-0.011924021,0.030408865,0.006851515
2.3653846,-7.905553,-5.833969,-0.031500977,-0.01760086,0.0287742,-0.0068320013,-0.116449185,5.269233,8.258948,-0.008927903,0.031259265,0.0067028105,9.707675,-1.3244815,-0.3073023,-0.00850684,0.029395731,0.018754667,6.157417,-7.3415046,-1.9488248,-0.0078166,0.024113916,0.0061104973
2.3846154,-7.8208447,-5.829575,-0.06659702,0.010152029,0.026131418,-0.010912685,-0.012121409,5.273041,8.2594,-0.012913862,0.042646047,0.0073727705,9.784404,-1.3223957,-0.30173552,-0.0069233514,0.02727765,0.014078456,6.25555,-7.3593664,-1.9641135,-0.0014390993,0.020491792,0.012574498
2.4038463,-7.717484,-5.825852,-0.06506364,0.0021297224,0.025586197,-0.012528618,0.053531453,5.285785,8.265298,-0.013351209,0.035848267,0.0053440044,9.882561,-1.3393278,-0.2917124,-0.0049105133,0.022610623,0.01846869,6.3325434,-7.3744774,-1.9718354,0.00040269512,0.024891397,0.007769707
2.4230769,-7.650481,-5.8144026,-0.07872142,-0.0051242886,0.023914983,-0.014663884,0.13301276,5.279111,8.2587185,-0.0002922986,0.03217992,0.009844546,9.949098,-1.3088652,-0.28902498,-0.018780963,0.038742296,0.016467366,6.413594,-7.351759,-1.9633703,0.0037055956,0.029018644,0.007884319
2.4423077,-7.5474634,-5.8286376,-0.047589153,-0.000105433646,0.025380844,-0.008377717,0.21971947,5.299314,8.259908,-0.004968147,0.03467759,0.009308381,10.058064,-1.31148,-0.29410824,-0.005575236,0.030513763,0.018020019,6.531584,-7.3602433,-1.9520938,0.0036058677,0.023975011,0.016092878
2.4615386,-7.474317,-5.8252015,-0.036361787,0.0012169287,0.020881915,-0.01206178,0.2925118,5.2800527,8.244511,-0.004451427,0.03984577,0.00918579,10.12962,-1.3128874,-0.30522028,-0.011157972,0.03225505,0.0025593992,6.6071124,-7.347969,-1.974296,-0.0035007535,0.028312344,0.0050840136
2.4807692,-7.374713,-5.826139,-0.052563716,-0.0048689763,0.016678441,-0.0044999667,0.41712552,5.297349,8.274546,-0.004800613,0.03702911,0.008044836,10.218935,-1.315146,-0.2972094,-0.0076184617,0.035691608,0.014175828,6.675874,-7.3466673,-1.9616508,0.00057072483,0.028986365,0.009168161
2.5,-7.3099184,-5.822154,-0.039430417,-0.0020890194,0.023027869,-0.009940178,0.47534245,5.2739487,8.271311,-0.00039670637,0.038342047,0.001725667,10.292512,-1.3319175,-0.29302523,-0.010698371,0.023225328,0.010275009,6.7562475,-7.354068,-1.9596435,9.273189e-05,0.024286052,0.00788476
2.5192308,-7.2330003,-5.8039384,-0.0458462,0.0015029814,0.032706015,0.0002103003,0.56067854,5.280678,8.2557535,-0.010168273,0.025595495,0.017595295,10.3657675,-1.3136011,-0.28031018,7.781352e-05,0.027271641,0.018017337,6.847321,-7.367948,-1.9624951,0.0040014493,0.022023005,0.018450428
2.5384614,-7.138182,-5.836758,-0.05132646,-0.00044596288,0.02000934,-0.012182773,0.65205234,5.2980633,8.264727,-0.0007333934,0.03129307,0.021093499,10.469183,-1.2972791,-0.2971715,-0.010405977,0.020407746,0.017272215,6.928383,-7.3501945,-1.9496834,-0.0013819657,0.031474426,0.015039411
2.5576923,-7.0720296,-5.8124075,-0.055826105,-0.011790556,0.02291057,-0.005563751,0.731228,5.2841907,8.256343,-0.005813105,0.022910174,0.0061260043,10.546229,-1.3284026,-0.2893257,-0.004829054,0.026825957,0.01600354,6.988777,-7.34266,-1.9653914,0.0002990771,0.034268737,0.0140688615
2.5769231,-6.976996,-5.827592,-0.048959974,0.001686029,0.023517571,-0.011737776,0.8034819,5.2823834,8.277579,-0.007839287,0.030430103,0.014091447,10.628012,-1.3121834,-0.29583862,-0.003461199,0.02568356,0.0046663703,7.093064,-7.368042,-1.9670708,0.008769145,0.020036072,0.009295597
2.5961537,-6.9190803,-5.826308,-0.04512187,-0.0016376573,0.025074432,-4.842809e-05,0.86341906,5.2811403,8.262035,-0.009180467,0.034183707,0.006055492,10.690021,-1.3169881,-0.30606782,-0.004233485,0.028094318,0.017342223,7.1531806,-7.3533626,-1.9324502,-0.01873549,0.022663595,0.009025423
2.6153846,-6.82797,-5.8217487,-0.068665065,-0.00566602,0.014220836,-0.0031319577,0.94581366,5.2866635,8.2562685,-0.008877383,0.030647589,0.008061357,10.75756,-1.3121676,-0.2994584,-0.0046729734,0.023290612,0.012979989,7.235867,-7.3495626,-1.9674714,-0.004719218,0.022769876,0.0038537567
2.6346154,-6.774142,-5.818269,-0.059275575,0.00038413977,0.01462822,-0.012622241,1.0169487,5.2754965,8.262442,-0.0058352826,0.025591401,0.013305048,10.832067,-1.3283259,-0.29812837,-0.0049696593,0.02641796,0.0128263915,7.3057823,-7.366647,-1.9464238,0.0018288532,0.027030947,0.012959484
2.6538463,-6.7016706,-5.815906,-0.039590877,-0.0018513169,0.019068774,-0.002462282,1.0868074,5.2743793,8.248027,-0.015586981,0.026929734,0.00011834349,10.892252,-1.3261296,-0.30306622,-0.010586407,0.01605817,0.01878064,7.3657207,-7.356699,-1.9652557,0.0032030013,0.016740492,-0.0013189082
2.6730769,-6.6274295,-5.822975,-0.06146582,0.001612493,0.008242407,-0.0037159598,1.1628641,5.285526,8.262834,-0.005725372,0.024613326,0.008170462,10.960521,-1.3201425,-0.29502568,-0.003695979,0.02060212,0.012072346,7.4354234,-7.3389897,-1.9519656,0.0052057602,0.019916631,-0.00071793783
2.6923077,-6.586551,-5.840091,-0.059048645,-0.0061586685,0.01467147,-0.0031585672,1.2151898,5.2788057,8.262543,0.00023291567,0.03167881,0.00435569,11.031533,-1.3417195,-0.28751105,-0.007861488,0.025122108,0.016017606,7.473662,-7.3533597,-1.9693617,-0.0006212682,0.015983237,0.0065657273
2.7115386,-6.524384,-5.8138185,-0.052648395,0.0073225424,0.015172551,-0.0064370623,1.2569252,5.2803025,8.256982,-0.0114600565,0.02114941,0.0017301015,11.082204,-1.3090136,-0.2873677,-0.0060490584,0.022830445,0.016638067,7.563274,-7.348045,-1.9578488,-0.00215427,0.010248082,0.0067498046
2.7307692,-6.473491,-5.821517,-0.04420485,0.012756021,0.016653618,-0.0037185098,1.3300077,5.2868896,8.248288,-0.0071741845,0.023025269,0.003674784,11.123105,-1.3242139,-0.2953848,-0.006920265,0.01405562,0.022293879,7.586021,-7.3538604,-1.9458933,-0.0029313427,0.009876762,0.010961059
2.75,-6.4220524,-5.819185,-0.02514381,-0.0069816234,0.0058092666,0.0059494707,1.3677491,5.2836137,8.25786,-0.0030760018,0.018737404,0.009477049,11.184303,-1.3253205,-0.27751532,-0.008818179,0.019162178,0.01728271,7.6467924,-7.35371,-1.9795518,-0.0013977747,0.01601649,0.013231087
2.7692308,-6.368007,-5.830866,-0.033948634,2.3259301e-05,0.0043194178,-0.0102259945,1.4052464,5.294704,8.25653,-0.013518304,0.021857258,0.005453101,11.217951,-1.3185046,-0.29395834,-0.004423831,0.021438856,0.013505156,7.6994133,-7.374722,-1.9582218,0.0059173363,0.00979707,0.012940075
2.7884614,-6.3238797,-5.8432727,-0.06078214,0.0061241947,0.010478853,-0.0029952347,1.4480183,5.2693005,8.251101,-0.0047243647,0.014613176,0.0004771518,11.27972,-1.3330158,-0.30197066,-0.012408041,0.012992094,0.01597534,7.734388,-7.3564386,-1.960322,0.0038189967,0.010660188,0.012930354
2.8076923,-6.306298,-5.8152294,-0.044108815,0.009619056,-0.0023915314,-0.0055552563,1.5173023,5.2703404,8.259198,-0.015956134,0.016013423,0.008963347,11.307415,-1.32701,-0.29284087,-0.0064197313,0.018630708,0.018252663,7.7747684,-7.371171,-1.9731025,-0.008325628,0.007750451,0.012884673
2.8269231,-6.2576423,-5.827221,-0.045402933,0.0072453627,0.0019818714,0.0042084665,1.5120914,5.2704477,8.247739,-0.011688076,0.016570818,0.0029550127,11.324257,-1.3163425,-0.30034703,-0.014119771,0.02004723,0.020960525,7.806933,-7.357237,-1.9576116,-0.003334901,0.009315858,0.009217735
2.8461537,-6.228092,-5.8224664,-0.04978962,0.002909457,0.00053899817,-0.0040339623,1.5587851,5.2800946,8.271421,-0.005667271,0.020904092,-0.0042834226,11.356451,-1.3368286,-0.2970141,-0.0067427442,0.015070349,0.014042372,7.8261476,-7.3743258,-1.9453095,-0.00394189,-0.002350419,0.013245694
2.8653846,-6.2027445,-5.822773,-0.053603135,-0.0059665567,0.006596949,-0.006811157,1.594117,5.279199,8.244891,-0.0053312886,0.0046417294,0.002286935,11.366911,-1.3191231,-0.2970298,-0.013059474,0.016354455,0.013975375,7.8346868,-7.358651,-1.9657506,-0.0032212767,0.0020818643,0.008946484
2.8846154,-6.179529,-5.8163414,-0.055992283,-0.005168391,-0.00084424886,-0.014010732,1.5961162,5.2815323,8.271576,-0.012332108,0.018251734,0.0035541696,11.407373,-1.319558,-0.29352978,-0.012747121,0.01181704,0.015698427,7.86619,-7.3612757,-1.9675342,0.00123239,-0.0012327654,0.008168796
2.9038463,-6.155246,-5.7929697,-0.05552914,-0.005662597,0.002460586,-0.008929955,1.5996349,5.297435,8.259395,-0.012760461,0.015726171,0.00056059693,11.418886,-1.3253491,-0.27709845,-0.015699046,0.0017768454,0.01944645,7.901593,-7.381519,-1.955924,-0.006024558,-0.00089785544,0.007380849
2.9230769,-6.1620784,-5.822262,-0.060126614,0.008087664,0.0056275455,-0.0051576956,1.6326196,5.270211,8.2657,-0.0122291995,0.002642705,0.008938429,11.432548,-1.3160778,-0.28439474,-0.014871194,0.0008797924,0.011475434,7.894735,-7.3700047,-1.9598249,-0.010173165,0.006417811,0.005153477
2.9423077,-6.1601996,-5.825555,-0.04276123,-0.0036599215,-0.0030904666,0.0033554758,1.6201471,5.289175,8.276369,-0.0031708276,0.018141914,0.009482039,11.452698,-1.3280864,-0.29015017,-0.01364959,0.0013570932,0.024931336,7.891064,-7.3589044,-1.9673365,-0.0059548593,-0.0057360586,0.00786483
2.9615386,-6.153897,-5.821525,-0.051458333,0.0020713038,-0.013458791,-0.0026265732,1.6470783,5.2847357,8.282484,-0.006875527,0.0012531147,0.0026884514,11.45445,-1.3323013,-0.27623087,-0.000982955,0.00246297,0.0077316593,7.935697,-7.372971,-1.9550759,0.00016539135,-0.016695507,0.007903687
2.9807692,-6.1635017,-5.815802,-0.060993623,-0.0009806972,-0.0043461192,-0.0069822036,1.639344,5.294577,8.27545,-0.009226968,0.007109573,0.006862782,11.428516,-1.3131388,-0.29387,-0.0066963695,0.007149824,0.008735811,7.932222,-7.362533,-1.9661258,-0.008773887,-0.0069704056,0.013258208
3.0,-6.1618977,-5.816677,-0.051210605,-0.0031808962,-0.019329857,-0.00066706515,1.641796,5.2905746,8.2543125,-0.002066394,0.0029237787,0.0091591,11.450047,-1.3135111,-0.27536818,-0.023667676,-0.00066992635,0.012754403,7.904275,-7.329265,-1.9638988,-0.0014483599,-0.008819733,0.0044044266
3.0192308,-6.19732,-5.8330436,-0.055233058,-0.0077331746,-0.003405536,-0.0029162576,1.6211537,5.2909226,8.2667675,-0.008801862,0.0009633659,0.0047221747,11.426445,-1.3416862,-0.29562238,-0.014504231,-0.0012529781,0.008924276,7.8953605,-7.3748407,-1.9591955,-0.0036629182,-0.011602908,0.012929632
3.0384614,-6.193343,-5.8344636,-0.045779724,0.0046686996,-0.012863406,-0.00055493205,1.5862387,5.2903028,8.271573,-0.007904853,-0.005564553,0.004334398,11.385471,-1.3092957,-0.2969122,-0.009868108,-0.00617205,0.018388571,7.866986,-7.3785276,-1.9622955,-0.003680234,-0.0005637758,0.014850444
3.0576923,-6.193973,-5.829067,-0.06315259,-0.0023033943,-0.01771869,-0.006413516,1.584489,5.2867146,8.271197,-0.012755062,-0.00072010333,0.0026463314,11.390576,-1.3155833,-0.29280528,-0.0141320685,-0.0009697015,0.013719273,7.850617,-7.36312,-1.9585893,-0.007386443,-0.0055055134,0.0048208665
3.0769231,-6.239209,-5.8288684,-0.069041625,-0.005729134,-0.017284041,-0.0014413241,1.5510923,5.2889094,8.269163,-0.009091675,0.010494404,0.012588395,11.366456,-1.3364398,-0.30069768,-0.0076512075,-0.010888242,0.02170451,7.846558,-7.3495874,-1.9521217,-0.005313047,-0.013838743,0.011562069
3.0961537,-6.2657194,-5.8321924,-0.056931745,-0.00348365,-0.017939955,-0.013154428,1.5074235,5.2900543,8.266508,-0.0124604255,-0.0024827227,0.005609955,11.341633,-1.3213614,-0.2977378,-0.012712717,-0.0034481527,0.0117576625,7.790939,-7.3561163,-1.9672667,0.0025366596,-0.013818553,0.012907089
3.1153846,-6.306228,-5.832523,-0.0606876,-0.0044864034,-0.016001951,-0.004963221,1.4792494,5.2950444,8.262547,-0.009766016,-0.0062634638,0.005698245,11.316138,-1.32394,-0.29848677,-0.0035727003,-0.016485494,0.017870896,7.774326,-7.3504963,-1.953058,0.0014747559,-0.014875332,0.008811915
3.1346154,-6.3543763,-5.8368945,-0.033368204,0.0022255015,-0.021733157,-0.011649414,1.4528431,5.2916503,8.257421,-0.0087827025,0.00017082939,0.011051484,11.277927,-1.3086237,-0.30299717,-0.006706364,-0.016068058,0.018009288,7.7351956,-7.3523397,-1.9542416,-0.004630001,-0.018895404,0.009329605
3.1538463,-6.380699,-5.8098974,-0.05762071,0.008401915,-0.010195389,-0.0015486106,1.4098002,5.2782693,8.253193,-0.0092707025,-0.012212864,0.010468529,11.224338,-1.3245151,-0.28252792,-0.014544903,-0.009777688,0.012716421,7.6939526,-7.348951,-1.9665767,-0.012231161,-0.022249622,0.016698288
3.1730769,-6.422192,-5.8162003,-0.06613043,0.010997285,-0.02750693,-0.0019946685,1.3666806,5.30591,8.249351,-0.011948519,-0.014840315,0.005943355,11.173665,-1.321243,-0.29045758,-0.004190994,-0.010495077,0.017780747,7.644557,-7.3434324,-1.9744076,-0.0029732354,-0.03024924,0.0143141495
3.1923077,-6.4772987,-5.8209553,-0.050763752,-0.0012810387,-0.023092462,-0.007008627,1.3152376,5.279104,8.250326,-0.0013906469,-0.018929208,0.004585415,11.140683,-1.299323,-0.26394656,-0.005822263,-0.009748076,0.0073301643,7.5919495,-7.363226,-1.9585637,-0.0041276934,-0.018630404,-0.00041646403
3.2115386,-6.5160723,-5.82695,-0.06400719,0.0003204748,-0.031899557,-0.007535231,1.2656165,5.290089,8.257555,-0.00044350952,-0.016960863,0.006103349,11.076504,-1.3078249,-0.2849131,-0.0050141285,-0.024503732,0.016753534,7.5451016,-7.3613467,-1.9517192,-0.017157461,-0.021682505,0.008960216
3.2307692,-6.587633,-5.813078,-0.05503043,0.0033301918,-0.026642203,-0.00643417,1.2029229,5.2912173,8.269921,-0.0014942156,-0.009856819,0.0015089571,11.027067,-1.3298082,-0.28892103,-0.008020885,-0.021287873,0.014613754,7.4906936,-7.362052,-1.963906,-0.004342364,-0.026802208,0.014125201
3.25,-6.629738,-5.838429,-0.05495058,0.0042411583,-0.034688275,-0.011823817,1.15404,5.299776,8.254214,-0.020532481,-0.010387452,0.0058019743,10.965285,-1.3115584,-0.28115582,-0.0079921745,-0.023254951,0.018744782,7.4175653,-7.370223,-1.9522594,0.0019762646,-0.019103773,0.017365053
3.2692308,-6.6995883,-5.81831,-0.051265746,-0.00556069,-0.03593833,-0.014081956,1.0762483,5.282546,8.275269,-0.0037112252,-0.014328077,0.005895355,10.881812,-1.3154492,-0.2896893,-0.008541191,-0.016084392,0.01638787,7.38934,-7.3538837,-1.9549936,-0.0105564585,-0.023362085,0.016905114
3.2884614,-6.7790203,-5.8394794,-0.04642676,-0.0020041107,-0.025770944,-0.0025574397,1.0080936,5.2960696,8.27641,-0.012416551,-0.013481597,0.0048823277,10.832253,-1.3338193,-0.2777176,-0.00620338,-0.021851534,0.018196361,7.295552,-7.38769,-1.9719195,-0.0034695724,-0.027898693,0.01572471
3.3076923,-6.8313713,-5.8182063,-0.06972128,0.0060413727,-0.034487277,-0.009337007,0.9635641,5.2863345,8.26809,-0.014616105,-0.017589938,-0.0017040271,10.754902,-1.3223207,-0.28110135,0.0008019345,-0.020602038,0.0199023,7.226274,-7.352461,-1.9713199,-0.006328799,-0.028722063,0.006191667
3.3269231,-6.9115434,-5.835884,-0.06143766,0.0052934797,-0.030613407,-0.005266614,0.8816062,5.3002357,8.26194,-0.0054465793,-0.012217293,0.0064947773,10.694724,-1.3020091,-0.28620154,0.0024809053,-0.01491768,0.008697524,7.1489224,-7.35877,-1.9543478,-0.00017243008,-0.027710205,0.00876441
3.3461537,-6.974442,-5.8403397,-0.058523685,-0.00050555344,-0.028723404,-5.836996e-05,0.80458117,5.29069,8.271842,-0.017903874,-0.02223848,0.0097607905,10.620372,-1.316248,-0.2819514,-0.009025806,-0.023631698,0.0128676705,7.0800447,-7.3491244,-1.9475673,-0.0017609199,-0.026921967,0.0028071438
3.3653846,-7.0595036,-5.8249044,-0.04901023,-0.004423272,-0.04673624,-0.011990443,0.728464,5.309583,8.241463,-0.005910021,-0.022259375,0.010009591,10.552059,-1.3142718,-0.28966424,-0.015484572,-0.03174805,0.0131221935,7.0097847,-7.364666,-1.9774781,-0.005656891,-0.030229531,0.010576272
3.3846154,-7.1389775,-5.8193474,-0.026559182,0.008416035,-0.038484484,-0.00952919,0.6505353,5.2700973,8.257128,-0.003663373,-0.030155487,0.012387799,10.475474,-1.3399214,-0.28951377,-0.004503976,-0.03001306,0.013338227,6.9260063,-7.3674655,-1.9654115,-0.004236372,-0.026034031,0.011883404
3.4038463,-7.231489,-5.8384833,-0.06767712,-0.007191373,-0.02550932,-0.0021011767,0.5717422,5.284799,8.254859,-0.0049821753,-0.024520135,0.002695752,10.381349,-1.3192288,-0.28853285,-0.0018596979,-0.02775568,0.006960949,6.8511934,-7.357373,-1.9657681,-0.0064436425,-0.03413532,0.010993011
3.4230769,-7.3083496,-5.834016,-0.0540275,0.009623527,-0.030161219,-0.0033157894,0.48534843,5.302936,8.257264,-0.011858181,-0.012381828,0.009257823,10.299892,-1.3144832,-0.29985318,-0.004635296,-0.029969774,0.018655537,6.773313,-7.3669505,-1.9484695,-0.0017499962,-0.037754413,0.0052684783
3.4423077,-7.3836346,-5.8358674,-0.076358154,0.0037368154,-0.03218975,-0.0061294534,0.41517946,5.2705674,8.259283,-0.0068845074,-0.02461027,0.008839075,10.212841,-1.3264759,-0.290971,-0.008277285,-0.024560899,0.014836592,6.6892257,-7.3606305,-1.9616426,-0.008139943,-0.03913715,-0.0025801964
3.4615386,-7.4697185,-5.846926,-0.056889903,0.007912737,-0.038768053,-0.0060247486,0.3287494,5.278036,8.244851,-0.012810654,-0.021020917,0.0058959336,10.135973,-1.3110049,-0.2765697,-0.009837848,-0.0338784,0.021068875,6.6045814,-7.3351855,-1.9632901,-0.008819137,-0.036238737,0.011190621
3.4807692,-7.5494933,-5.8213134,-0.0390556,-0.010744507,-0.041905154,-0.008384237,0.25506127,5.2880983,8.254964,-0.009094314,-0.024312055,0.0079483865,10.065581,-1.3262455,-0.299235,0.0006381847,-0.030800944,0.011402356,6.5285444,-7.353249,-1.9647529,-0.013489702,-0.03425881,0.0074569415
3.5,-7.6327505,-5.8201365,-0.051421348,0.0045669624,-0.0353492,-0.007972256,0.15361798,5.283478,8.259916,-0.016861819,-0.027971417,-0.00011744038,9.959281,-1.3244677,-0.3011902,-0.0021383038,-0.025226442,0.012573852,6.42979,-7.359563,-1.9672635,-0.0011271333,-0.041320704,0.008708354
3.5192308,-7.7422347,-5.819448,-0.042381644,0.0013835491,-0.035545696,-0.003673801,0.06421027,5.2862005,8.247106,-0.005843848,-0.024192067,0.0054023736,9.859286,-1.3163048,-0.297739,-0.008503371,-0.03438686,0.013030403,6.3429484,-7.358476,-1.9689233,0.002323655,-0.032392286,-0.00488506
3.5384614,-7.81972,-5.8164573,-0.065590754,-0.0065590297,-0.037829425,-0.0067253034,-0.028964886,5.2773213,8.260877,-0.006031169,-0.023020511,0.0053957035,9.7895355,-1.3354172,-0.28792307,-0.0074303695,-0.02789005,0.023385558,6.2526994,-7.3712664,-1.9449371,-0.001947749,-0.035030074,0.0054171802
3.5576923,-7.9073844,-5.828414,-0.05590533,-0.006027877,-0.034896486,-0.0069119832,-0.1104929,5.269786,8.245172,-0.0067687086,-0.024867168,0.014694723,9.705867,-1.3195262,-0.29335684,-0.0056494586,-0.026101327,0.011636812,6.1592817,-7.3599534,-1.9526529,0.0029637287,-0.035129536,0.009724506
3.5769231,-8.013267,-5.8373375,-0.04996805,-0.007771856,-0.040240802,-0.004967364,-0.20694682,5.2704597,8.266808,-0.008548849,-0.028681057,0.01193361,9.6173935,-1.3048357,-0.2893481,-0.010119492,-0.029627228,0.022286348,6.0651956,-7.3679667,-1.9669945,-0.010210122,-0.037832394,0.012379149
3.5961537,-8.078524,-5.8161597,-0.053442426,0.0037636005,-0.035307113,-0.009493536,-0.290648,5.2734656,8.256594,-0.012094907,-0.03215368,0.022226572,9.532397,-1.3111737,-0.29651353,-0.007211386,-0.037234526,0.021439843,6.002738,-7.3625445,-1.956918,-0.0011537735,-0.037916522,0.012442489
3.6153846,-8.164678,-5.8220425,-0.050593775,0.0027713862,-0.036540817,-0.0036041315,-0.38985124,5.301447,8.269727,-0.0064753573,-0.030999629,0.0010945535,9.436196,-1.3410524,-0.29094008,-0.011988624,-0.033673603,0.019007243,5.9072757,-7.3558626,-1.9642731,-0.010866495,-0.030626472,0.014295404
3.6346154,-8.25594,-5.8223233,-0.023743432,0.011161146,-0.039684486,-0.0076436326,-0.4650723,5.2946177,8.264336,-0.0020160412,-0.019843237,0.009355193,9.346213,-1.326612,-0.28596577,-0.017951593,-0.024763016,0.012321891,5.7977543,-7.379546,-1.9555179,-0.00026898473,-0.022411235,0.009092904
3.6538463,-8.329058,-5.832115,-0.057127237,0.0012646108,-0.036279798,-0.008876271,-0.56144506,5.2958946,8.251024,-0.01203866,-0.020641943,0.0011880192,9.25343,-1.3196769,-0.30526185,-0.003957676,-0.028390097,0.0128988465,5.7376585,-7.37107,-1.9677982,-0.0044102524,-0.033348072,0.007672781
3.6730769,-8.44167,-5.822289,-0.068087354,-0.0029785258,-0.03189073,0.000110599896,-0.6317734,5.2733917,8.264541,-0.009854899,-0.028795656,0.0028052412,9.186927,-1.3158668,-0.28518513,-0.007896436,-0.024794437,0.016119625,5.63932,-7.3653455,-1.9701476,-0.0026210789,-0.035988115,0.008473687
3.6923077,-8.503736,-5.8389306,-0.06160918,0.00018200003,-0.040667202,-0.017580573,-0.7283444,5.283417,8.279193,-0.003175093,-0.02890042,0.009899008,9.09222,-1.3156937,-0.29423785,-0.008711537,-0.029510666,0.020842351,5.544729,-7.352821,-1.9616363,-0.012782682,-0.026176685,0.014644942
3.7115386,-8.585718,-5.825062,-0.05866915,0.0055760127,-0.03209118,-0.009386615,-0.8010609,5.278688,8.24388,-0.005291536,-0.021979133,-0.0022922459,9.019078,-1.3341937,-0.27724075,-0.0024127897,-0.022049632,0.010577579,5.472176,-7.3623195,-1.965679,-0.001924026,-0.023951089,0.010761088
3.7307692,-8.659336,-5.8286233,-0.05801291,-0.0005565055,-0.032365847,-0.0069430573,-0.8723162,5.295248,8.27732,-0.006563059,-0.02340396,0.0062672175,8.941359,-1.3280286,-0.2935467,-0.008603861,-0.040224116,0.018497357,5.390952,-7.3688273,-1.9716678,-0.00013556787,-0.033308506,0.012128038
3.75,-8.750503,-5.815151,-0.055119824,0.0055060475,-0.03518232,-0.0042662285,-0.95062745,5.306161,8.26754,-0.014533513,-0.029710619,0.009094627,8.838835,-1.3191333,-0.30130866,-0.008629647,-0.032911185,0.013454207,5.345711,-7.3628,-1.9578571,-0.0043550627,-0.029480007,0.0062194103
3.7692308,-8.825748,-5.807686,-0.05319649,0.0024394062,-0.029216502,0.00074633653,-1.0585989,5.2645674,8.261091,-0.006041549,-0.01896912,0.0028181577,8.792969,-1.3297961,-0.29221958,-0.008712972,-0.02637709,0.02159124,5.2463984,-7.372172,-1.9669135,0.00036539798,-0.027563762,0.0049350276
3.7884614,-8.87848,-5.838946,-0.059039757,-0.0073687434,-0.032769375,-7.620572e-05,-1.1250402,5.284448,8.251781,-0.007025293,-0.023181783,0.007894689,8.701002,-1.3245063,-0.31638324,0.003991284,-0.0209066,0.02236492,5.1679077,-7.373883,-1.9378875,-0.0002897481,-0.03873378,0.004980233
3.8076923,-8.949796,-5.83079,-0.048006684,0.003594717,-0.039637383,-0.004963843,-1.1673577,5.3043947,8.263187,-0.008573552,-0.01613553,0.00853096,8.609293,-1.3238032,-0.27690154,-0.0035226846,-0.009047526,0.016754273,5.097249,-7.364734,-1.958764,-0.009757955,-0.0304003,0.00996
3.8269231,-9.041827,-5.8157477,-0.06339555,0.0015785346,-0.033064906,-0.009731509,-1.2380359,5.288829,8.250697,-0.011772506,-0.012149628,-0.0040380126,8.570702,-1.3092409,-0.29320258,-0.005184861,-0.017264586,0.015343867,5.0354133,-7.34259,-1.9622926,-0.009294001,-0.022583963,0.0021370056
3.8461537,-9.097178,-5.8298726,-0.06987647,0.010079945,-0.026455423,-0.008375905,-1.3122436,5.290575,8.24312,-0.012494191,-0.009017462,0.008632971,8.477815,-1.317195,-0.28259814,-0.0187057,-0.015837187,0.013671026,4.961405,-7.353276,-1.9382262,-0.002675417,-0.020855311,0.0002895651
3.8653846,-9.163665,-5.8244743,-0.051122505,0.0044516134,-0.021473372,-0.003784224,-1.3774251,5.2972674,8.277883,-0.008880913,-0.011966142,-0.000465701,8.44172,-1.3168838,-0.2793703,0.00060501194,-0.030213516,0.011014074,4.9131274,-7.3484187,-1.9550399,-0.009678209,-0.027390366,0.01256175
3.8846154,-9.222845,-5.833413,-0.029115414,-0.00061648025,-0.024138622,-0.0056786784,-1.4434612,5.30271,8.252663,-0.009009701,-0.016082587,0.00614207,8.37751,-1.3235673,-0.2766532,-0.0020332325,-0.027369723,0.01973892,4.8614287,-7.3481402,-1.9662921,-0.00596426,-0.02403044,0.017266696
3.9038463,-9.266663,-5.816156,-0.04472835,0.011091756,-0.027625015,0.0019735342,-1.4895144,5.279698,8.24556,-0.014710166,-0.012459627,0.004032576,8.336331,-1.3089974,-0.3055867,-0.006849972,-0.020014763,0.021787956,4.7867274,-7.3498936,-1.9510183,-0.006150598,-0.016330972,0.005833649
3.9230769,-9.344886,-5.822345,-0.06308543,-0.007842127,-0.01991128,-0.013786632,-1.5499989,5.2924066,8.273283,-0.0011004691,-0.012189874,-0.0006020173,8.2654915,-1.33381,-0.30566683,-0.0044172592,-0.035105485,0.013297791,4.730111,-7.358256,-1.9666407,-0.008118005,-0.019341847,0.004977552
3.9423077,-9.381124,-5.8211436,-0.06688673,-0.0086081065,-0.022322437,-0.004067815,-1.5970236,5.288911,8.254537,0.0013520021,-0.011088861,0.008230386,8.221333,-1.2990223,-0.28908646,-0.00096435554,-0.008906209,0.011444982,4.6805573,-7.3660207,-1.9516636,-0.0076180245,-0.023464493,0.009957627
3.9615386,-9.429325,-5.8128905,-0.04891097,-0.0046375017,-0.020722575,-0.0035786915,-1.6142077,5.29545,8.250875,-0.006824327,-0.011745913,0.017611057,8.16688,-1.3273293,-0.27507362,0.0034027274,-0.021510862,0.024028366,4.6377444,-7.357611,-1.9324746,0.0007253295,-0.00908245,0.0051301783
3.9807692,-9.476488,-5.8308945,-0.052270904,-0.008760761,-0.009371993,-0.009985562,-1.6704228,5.305169,8.260664,-0.0049925153,0.0009936283,0.010940301,8.135845,-1.3219154,-0.29980773,-0.0037023195,-0.00805174,0.013295264,4.623285,-7.3663983,-1.9667795,-0.003062799,-0.019840421,0.0036980838
4.0,-9.496173,-5.816877,-0.04926442,0.007492588,-0.026894586,-0.0066898614,-1.7036542,5.2786393,8.257063,-0.007116273,0.00032891906,0.0053008017,8.091809,-1.3194908,-0.267916,-0.012594296,-0.0127481,0.012210572,4.576551,-7.3531485,-1.9520767,-0.0019148596,-0.01803063,0.018405303
4.019231,-9.500194,-5.832716,-0.05591693,0.0044190343,-0.01366243,-0.004330881,-1.7199317,5.2814226,8.244937,-0.011977366,-0.007414938,0.0060878512,8.077622,-1.3091267,-0.29726747,-0.022896912,-0.007482549,0.017117912,4.5505676,-7.3374276,-1.9546918,-0.0018271444,-0.012085844,0.009081774
4.0384617,-9.557813,-5.8222895,-0.06565367,-0.004805507,-0.016238406,-0.00035530355,-1.7658575,5.292174,8.272597,-0.011372688,0.0020180373,0.002993358,8.04555,-1.319685,-0.28149313,-0.00814163,-0.011382341,0.016279953,4.524095,-7.363165,-1.9519703,-0.004472588,-0.009929054,0.014797901
4.0576925,-9.5850525,-5.821376,-0.05877396,0.00093765586,-0.0073423404,-0.012006897,-1.7893502,5.2739143,8.258309,-0.0011498167,-0.003375217,0.012204918,8.023034,-1.3321018,-0.30203125,-0.018792832,-0.005145251,0.0199281,4.495947,-7.340466,-1.9455072,-0.0020834708,-0.016292179,0.007305281
4.076923,-9.586336,-5.8379126,-0.07180555,7.765669e-05,-0.011811773,-0.0043759868,-1.8137182,5.2941127,8.251858,-0.012478663,0.0038325132,-0.004073322,8.005291,-1.3176675,-0.28622058,-0.016525578,-0.0016628603,0.014454992,4.4645452,-7.3482375,-1.9665498,-0.0009996291,-0.01076416,0.0076307566
4.0961537,-9.618882,-5.817851,-0.07125063,0.0018172275,-0.013612267,-0.00883506,-1.8214155,5.2806773,8.240557,-0.009281623,0.00037212306,0.011476776,8.00549,-1.3250967,-0.29932347,-0.004328348,0.0003075023,0.027170908,4.4463544,-7.3509016,-1.960264,-0.0036872486,-0.007881494,0.012866818
4.1153846,-9.63437,-5.809428,-0.047350455,-0.0077604204,-0.016994124,-0.00574404,-1.8330283,5.2782025,8.24828,-0.0051889205,0.0020260445,0.0071183103,7.9920077,-1.3250806,-0.29218414,-0.012110342,-0.00069044036,0.005828334,4.4534545,-7.358894,-1.9522748,-0.0021444345,-0.013472827,0.011634072
4.1346154,-9.65157,-5.828825,-0.06130898,0.0033434478,-0.005655754,-0.004671906,-1.8326232,5.297094,8.257053,-0.008766933,0.006289553,0.012437204,7.977259,-1.3260661,-0.2922097,-0.014831487,8.854724e-05,0.0017374288,4.4454956,-7.373616,-1.9561368,-0.00546039,-0.01464044,0.009489263
4.1538463,-9.607874,-5.8222656,-0.05331201,0.0022616345,-0.004070289,0.003568962,-1.816906,5.2896867,8.253979,-0.013460746,0.012196824,0.012110752,7.9833827,-1.3330947,-0.28099757,-0.008941094,0.011607248,0.010837417,4.4462795,-7.359981,-1.957188,-0.007151903,-0.002401795,0.0011779406
4.173077,-9.601059,-5.837795,-0.057962112,-0.00070324936,0.002233319,-0.004151314,-1.833601,5.297513,8.250127,-0.0005130136,0.007047418,0.0105757015,7.978963,-1.3243148,-0.29311314,-0.00043394684,0.0034329349,0.012623703,4.4418306,-7.3526077,-1.9591848,-0.0064502987,-0.0048432285,0.006416521
4.1923075,-9.616088,-5.828952,-0.05990281,-0.0036147183,-0.012215366,-0.0019879458,-1.8158695,5.3004622,8.242926,-0.009790465,0.02191721,0.011809632,8.005364,-1.3183525,-0.29122475,-0.0050042258,6.3734275e-05,0.023553342,4.4591427,-7.3585477,-1.9672147,-0.0053487173,-0.0027717361,0.005983867
4.2115383,-9.584878,-5.818949,-0.061100222,0.00027265179,0.006617965,0.0023330816,-1.7960223,5.290236,8.235207,-0.014082736,0.014594735,0.009400923,8.000197,-1.3266413,-0.2740944,-0.014313341,0.00830759,0.0086713685,4.471782,-7.3454165,-1.9689006,-0.003651231,0.0018019077,0.012622383
4.230769,-9.597132,-5.834315,-0.06697254,-0.0014518042,0.0038140481,-0.0021551254,-1.7966061,5.286968,8.25353,-0.018218538,0.016564313,0.005019618,8.017916,-1.3079624,-0.2890749,-0.0061739306,0.0070690042,0.018594962,4.4838734,-7.3607125,-1.9666545,-0.008247279,0.0037625418,0.007398392
4.25,-9.566546,-5.8314013,-0.048092242,0.010460852,-0.003184491,-0.01203179,-1.7736967,5.289485,8.26157,-0.013534868,0.015360634,0.00083040947,8.045552,-1.3318928,-0.2868404,-0.005907597,0.012517512,0.016902732,4.515884,-7.360255,-1.9587368,0.0033204113,0.009076778,0.008663278
4.269231,-9.542251,-5.814448,-0.072522335,-0.0070336666,0.008631812,-0.008301112,-1.7470492,5.2810574,8.246412,-0.005745519,0.015753426,0.010055646,8.072995,-1.31248,-0.2881959,-0.005792259,0.019027723,0.021395016,4.5483036,-7.3863435,-1.965208,0.0021537188,0.0032877305,0.010362593
4.2884617,-9.507353,-5.8191195,-0.054897133,-0.005400542,0.0144006405,-0.007329322,-1.7153302,5.276774,8.259851,-0.0026009034,0.027210034,0.007994862,8.111348,-1.3099477,-0.29399592,-0.007860352,0.00871089,0.007969313,4.5603776,-7.349225,-1.9581865,-0.0030022399,0.013442075,0.003962125
4.3076925,-9.4675255,-5.822716,-0.041810535,-0.0031450705,-0.0017591866,-0.0036664668,-1.6972164,5.283189,8.242485,-0.0078051696,0.016462991,0.010304781,8.1291485,-1.3146466,-0.28351146,-0.0071904724,0.018150287,0.01010864,4.613128,-7.364616,-1.94886,-0.0025235394,0.013352653,0.009366211
4.326923,-9.449845,-5.834145,-0.062934436,-0.0061302613,0.0015468735,-0.007803019,-1.6453861,5.3000336,8.266262,-0.007921466,0.024760785,0.00046434425,8.16534,-1.3085816,-0.2857076,-0.007963417,0.009150701,0.014830627,4.63554,-7.349273,-1.971665,0.0015884206,0.015349853,0.0063236244
4.3461537,-9.378884,-5.824444,-0.06930328,0.004255023,0.014029496,0.0070182937,-1.6065395,5.295257,8.267554,-0.011718369,0.022209136,0.004877927,8.209205,-1.3137009,-0.28307393,-0.013047184,0.018832365,0.011249294,4.6801934,-7.3591585,-1.9670775,-0.0051656654,0.018463615,0.008453969
4.3653846,-9.341641,-5.8192606,-0.0502766,0.0055241957,0.010585853,-0.013320573,-1.5473197,5.2894526,8.277418,-0.0053848983,0.018660532,0.006998597,8.252238,-1.319605,-0.29649848,-0.008748778,0.019850474,0.022529582,4.728585,-7.3464437,-1.9792871,-0.0054849028,0.009450862,0.00621676
4.3846154,-9.296787,-5.8147182,-0.051711272,0.007734641,0.020223191,-0.0063074543,-1.4957409,5.303031,8.253493,-0.0046071047,0.021176511,0.0074118436,8.304203,-1.3234696,-0.30414015,-0.013578466,0.018537778,0.0048630424,4.772115,-7.381092,-1.9372257,-0.003083822,0.011695081,0.016880805
4.4038463,-9.250129,-5.8255634,-0.068717495,-0.008276049,0.011439373,-0.005679854,-1.4448063,5.2740474,8.258815,-0.0075645167,0.019265477,0.0015106675,8.3554535,-1.3195609,-0.27576044,-0.008148255,0.020277992,0.021445401,4.840226,-7.343405,-1.9563972,-0.007731707,0.009922336,0.012135686
4.423077,-9.195698,-5.833031,-0.046075765,0.0026823827,0.011025874,0.003298098,-1.3896606,5.284827,8.276778,-0.01089324,0.020314649,0.01435584,8.413551,-1.3332893,-0.29932508,-0.0047470084,0.011258921,0.013720619,4.877951,-7.359127,-1.9515883,-0.005906399,0.0074862745,0.014137505
4.4423075,-9.122552,-5.807303,-0.052533597,0.0004789179,0.02414469,-0.008649401,-1.3441826,5.2741957,8.25626,-0.005503473,0.028953386,0.010638537,8.48892,-1.3126074,-0.27424434,0.00095947145,0.030637264,0.01828932,4.931464,-7.3622,-1.9539639,-0.0065559875,0.028606132,-0.0022120334
4.4615383,-9.04713,-5.8157926,-0.05647052,0.0042692097,0.017146181,0.007471603,-1.2666266,5.283667,8.257519,0.003577985,0.034952037,-0.0012526979,8.544496,-1.3260702,-0.29890475,-0.012852901,0.014583742,0.004853082,5.0110993,-7.3532662,-1.9704914,-6.3892376e-06,0.019424835,0.009122275
4.480769,-8.984687,-5.811395,-0.03439751,0.0005793359,0.0106475325,-0.014590642,-1.1962707,5.2648377,8.268815,0.0039961464,0.026892455,-0.0012691339,8.624969,-1.3293904,-0.28680727,-0.007295917,0.03212286,0.018108763,5.085831,-7.367655,-1.9481008,-0.006865613,0.017963754,0.011356981
4.5,-8.9341755,-5.808983,-0.05196475,-0.0008536122,0.020833096,-0.0075164884,-1.1262661,5.2924085,8.265243,-0.014370253,0.026398882,0.004417958,8.684264,-1.3113871,-0.28579485,-0.011975674,0.016541459,0.013035154,5.1391215,-7.365908,-1.959216,-0.0040870984,0.030208835,0.005544547
4.519231,-8.847335,-5.8317976,-0.06526112,-0.008055751,0.019172074,-0.008967411,-1.0479715,5.2803755,8.260705,-0.008350286,0.032938197,0.0008520492,8.7627125,-1.3311837,-0.28023472,-0.009670772,0.015127147,0.009491202,5.205243,-7.3645344,-1.9637934,-0.0020347752,0.021170937,0.010209016
4.5384617,-8.789398,-5.8231635,-0.05468601,0.0008738338,0.019835604,-0.013871651,-0.98540837,5.2779093,8.265442,0.00871739,0.03926271,0.013288166,8.833497,-1.3163978,-0.29617673,-0.0034848445,0.032776248,0.016026238,5.298594,-7.356043,-1.9702196,-0.0023899828,0.019010194,0.0031633705
4.5576925,-8.6714325,-5.823023,-0.04952743,0.0045891847,0.026997091,0.0047960035,-0.91576666,5.285773,8.257677,-0.00012971154,0.045098554,0.019833794,8.900799,-1.3283564,-0.27880213,-0.0075578666,0.02969838,0.012034622,5.375258,-7.3528056,-1.9736735,-0.012141923,0.01782126,0.0137035465
4.576923,-8.611846,-5.828987,-0.057941966,0.0016535271,0.025640197,-0.0024362716,-0.8116247,5.26049,8.255443,-0.0056902114,0.035609774,0.006550913,8.991657,-1.3141063,-0.27854103,-0.0071072225,0.033847433,0.017197318,5.452812,-7.3810987,-1.9855882,-0.010102839,0.027604539,0.0053757085
4.5961537,-8.512832,-5.8301864,-0.055319708,0.0044558565,0.024076233,0.0006546241,-0.74415904,5.280178,8.250302,-0.016844712,0.032491628,0.0078845015,9.061706,-1.3116219,-0.29742032,-0.017261775,0.02790732,0.014226277,5.5276957,-7.365973,-1.9673845,-0.0055129244,0.024426024,0.006992716
4.6153846,-8.4386425,-5.8341804,-0.054657333,0.010796739,0.008852227,-0.00883982,-0.6596333,5.292907,8.263313,-0.004758569,0.031585023,0.005766528,9.149072,-1.3350264,-0.2882989,-0.01360392,0.032137748,0.010951444,5.629659,-7.3613057,-1.9801278,-0.0017647903,0.03406995,0.0056683305
4.6346154,-8.370224,-5.8177037,-0.0467433,0.00337121,0.030100489,-0.0028605515,-0.5783874,5.287523,8.240073,-0.011536278,0.04223481,0.008185572,9.225129,-1.320053,-0.3003771,-0.013761099,0.03234564,0.020377066,5.6835446,-7.369368,-1.9576683,-0.007961489,0.028170494,0.0025426059
4.6538463,-8.276072,-5.820283,-0.04025098,0.003037955,0.022307523,-0.010251355,-0.50347555,5.274852,8.238642,0.0011465934,0.04179418,0.0101906,9.313142,-1.329149,-0.29478508,-0.009652452,0.032409403,0.015808932,5.805884,-7.3579855,-1.9569253,0.0036049816,0.027969407,0.012341085
4.673077,-8.199314,-5.820801,-0.063547045,-0.004028613,0.02509775,-0.014663864,-0.40257555,5.29685,8.266092,-0.012964248,0.039688293,0.0044819275,9.413023,-1.3236108,-0.29534703,-0.006879498,0.025299164,0.018259805,5.8737097,-7.3415284,-1.9635562,0.00018387391,0.025512235,0.008347468
4.6923075,-8.117563,-5.8176246,-0.037265807,0.0052853557,0.021899343,0.0009403613,-0.30840504,5.292805,8.264415,-0.008504385,0.03906755,0.015466033,9.508194,-1.306215,-0.2770729,-0.0057347473,0.040392235,0.017547617,5.9791336,-7.3611026,-1.9614495,-0.00788324,0.016191565,0.009099186
4.7115383,-8.019973,-5.808085,-0.057723735,0.0079886485,0.018304344,-0.006776976,-0.22460663,5.276115,8.265766,-0.008182208,0.027539177,0.0043770485,9.581859,-1.323306,-0.27796865,-0.002483011,0.034021337,0.022511307,6.055868,-7.3609867,-1.9371313,-0.0013318894,0.01922117,-0.0027686392
4.730769,-7.91988,-5.8199697,-0.034320652,0.01124272,0.029220488,-0.00667644,-0.13987252,5.300164,8.266944,-0.015622065,0.038631134,0.011015429,9.684087,-1.3269311,-0.2853811,-0.016657006,0.03748457,0.013300257,6.146197,-7.348914,-1.9563353,-0.014191149,0.027770722,0.01030435
4.75,-7.8410773,-5.818345,-0.043059446,0.0027158197,0.024772301,-0.00054210215,-0.049026728,5.284176,8.241989,-0.002321536,0.043494545,0.006378467,9.768277,-1.3277974,-0.29073417,-0.0062521454,0.031890158,0.017518511,6.2279997,-7.361736,-1.9515022,0.0029784222,0.021844301,0.006922209
4.769231,-7.759879,-5.8173885,-0.040724255,-0.008236779,0.032352384,0.0013040148,0.051071476,5.296057,8.2538,-0.0144653,0.0305129,0.0032289114,9.847087,-1.3117043,-0.29680663,0.0033734308,0.034309875,0.010637873,6.3006797,-7.3696384,-1.9615026,-0.008417474,0.03074518,0.010324972
4.7884617,-7.665297,-5.822376,-0.04799205,0.0049539204,0.022036495,-0.010406737,0.13082568,5.298371,8.255522,-0.0088978065,0.045055535,0.0021599375,9.958339,-1.3014452,-0.28051817,-0.0032360384,0.035239242,0.012148834,6.406755,-7.362369,-1.9758247,-0.00047517326,0.02894185,0.00801464
4.8076925,-7.580788,-5.8237677,-0.06365245,0.0021267084,0.025369788,-0.006339225,0.22408763,5.2753057,8.266423,-0.017143516,0.022953346,0.00938705,10.021679,-1.3318076,-0.27863342,-0.014782261,0.03395374,0.015341913,6.48624,-7.344425,-1.9772981,-0.009483381,0.02817494,0.0067956736
4.826923,-7.5057917,-5.8282714,-0.06157246,0.002236473,0.028210359,-0.010298276,0.3032827,5.297171,8.242666,-0.006728949,0.032459334,0.0026053123,10.112932,-1.3362352,-0.27030426,0.009119277,0.036188673,0.016582645,6.5755935,-7.3520274,-1.9710915,-0.013073204,0.02947275,0.00803965
4.8461537,-7.3935595,-5.8241854,-0.073069446,0.008665466,0.016304826,-0.005289586,0.38314512,5.2883415,8.263505,0.0016872187,0.03559677,0.009744696,10.192242,-1.3247441,-0.28650662,-0.009281727,0.028692055,0.01608315,6.644801,-7.345513,-1.9618227,5.2832635e-05,0.030935802,0.005222736
4.8653846,-7.3278155,-5.838294,-0.04508768,-0.0006472594,0.022947064,0.004552094,0.47547454,5.300384,8.276444,-0.0143166995,0.0333264,0.014715577,10.270451,-1.333672,-0.3003927,-0.009253011,0.029936824,0.012567742,6.7415767,-7.3569617,-1.980411,-0.008692511,0.017921483,0.016122784
4.8846154,-7.223274,-5.820482,-0.06148112,-0.006728352,0.017851172,-0.0069312965,0.5472686,5.2885275,8.264403,-0.0031262657,0.031636827,0.010213252,10.347744,-1.3251783,-0.29199466,-0.007967435,0.027556164,0.015620266,6.8205256,-7.361946,-1.9619268,-0.001969528,0.015731003,0.004415498
4.9038463,-7.1521897,-5.8324533,-0.048127614,0.0052593765,0.02303611,-0.007263797,0.63865155,5.286713,8.256583,-0.0054345625,0.038739968,0.009336439,10.462699,-1.3289994,-0.27459666,-0.01000776,0.04649095,0.016965074,6.9056425,-7.3530793,-1.9573468,-0.005340568,0.019000165,0.01620132
4.923077,-7.0566616,-5.838923,-0.06289479,0.004045826,0.027443117,-0.0048395614,0.70486027,5.2882233,8.264927,-0.011165764,0.03734065,0.008582711,10.537711,-1.3266876,-0.28832525,-0.00097057445,0.033922635,0.010940788,6.999723,-7.368101,-1.9517144,-0.0028950225,0.027134877,0.013075257
4.9423075,-7.015182,-5.8171988,-0.035882395,-0.0154786715,0.01968298,-0.008939535,0.79008514,5.2873497,8.264497,-0.00714506,0.038861375,0.010103807,10.595882,-1.29917,-0.3147435,-0.006384308,0.0233488,0.011248201,7.0698476,-7.3656354,-1.9615003,-0.010670543,0.027176041,0.009141093
4.9615383,-6.920124,-5.8132443,-0.04389353,0.0063351793,0.027130708,-0.0055615157,0.86224777,5.287415,8.262291,-0.0046107993,0.036348637,0.0023143145,10.674655,-1.3333031,-0.2964445,-0.013950768,0.02945445,0.013833999,7.1372843,-7.355514,-1.9599197,0.0028240927,0.021262959,0.0006800472
4.980769,-6.8583875,-5.8038087,-0.053641167,-0.0069866125,0.017425258,-0.004015019,0.9263138,5.281681,8.283414,-0.00416288,0.03520812,0.0018327109,10.742316,-1.3303832,-0.29261932,-0.0027653298,0.024383377,0.013825118,7.21321,-7.3638706,-1.9439127,-0.004058729,0.027762488,-0.0050064772
5.0,-6.7743096,-5.817831,-0.05089051,-0.0040469,0.015745474,-0.006289913,1.0186596,5.2774267,8.262088,-0.016772699,0.034449432,-0.0005277825,10.812924,-1.3150167,-0.29176632,-0.0060153906,0.023629587,0.013817993,7.3031454,-7.364741,-1.9504005,-0.0077273827,0.01589352,0.010126883
5.019231,-6.719875,-5.828388,-0.055468086,0.003868032,0.018605152,-0.008726591,1.0880426,5.2896414,8.249851,-0.001936822,0.030616377,0.0017295339,10.862969,-1.326572,-0.2794566,-0.017813608,0.015048191,0.016415082,7.3439546,-7.365363,-1.9550647,-0.011794391,0.02142552,0.0050472864
5.0384617,-6.6583567,-5.8118668,-0.046606373,-0.0003355787,0.018979581,-0.00781913,1.1395036,5.2799144,8.244737,-0.0102894055,0.032063093,0.009758132,10.938201,-1.3092387,-0.284533,-0.00755958,0.029599067,0.007800444,7.412438,-7.3566813,-1.9431946,-0.006112551,0.010405754,0.009011523
5.0576925,-6.5847473,-5.83669,-0.048950654,-0.0022554141,0.016586965,-0.005958368,1.1994395,5.2806807,8.266237,-0.001903801,0.02049938,0.00644338,11.000448,-1.3246523,-0.28772712,-0.0043626763,0.025820294,0.016490065,7.459599,-7.351022,-1.9865841,-0.00014448389,0.013556805,0.013010398
5.076923,-6.516878,-5.8068085,-0.057372004,-0.0007489467,0.017885104,-0.006771676,1.2384366,5.3054166,8.284512,-0.0018385027,0.021161387,0.01024761,11.072042,-1.3222108,-0.2857697,-0.0075925323,0.013824013,0.018931702,7.5497837,-7.3613524,-1.9747792,-0.006142413,0.016481113,0.009524915
5.0961537,-6.455649,-5.828769,-0.057150647,0.0037330696,0.0053207753,-0.0016163287,1.2855021,5.2798553,8.245034,6.7628265e-05,0.021787535,0.0050590155,11.131622,-1.3386787,-0.29341626,-0.0149196945,0.023837682,0.015830752,7.58417,-7.3436604,-1.9750198,-0.0047472953,0.017259153,0.009441965
5.1153846,-6.424565,-5.8356924,-0.043287512,0.009756769,0.00753725,-0.009111081,1.3450195,5.304715,8.270955,-0.006525953,0.019916225,0.009645187,11.183543,-1.3213098,-0.29603925,-0.014825684,0.023761217,0.014844984,7.6300817,-7.3636966,-1.9736795,-0.00231825,0.014784813,0.009574777
5.1346154,-6.4001875,-5.8152995,-0.06043391,-0.00025451567,0.0034836712,-0.0012663321,1.4048697,5.287536,8.24439,-0.011906922,0.016690277,0.0017782346,11.201847,-1.3223436,-0.29493827,-0.010684437,0.018756982,0.0037394091,7.6966906,-7.364653,-1.9713988,-0.005482291,0.015073293,0.011463025
5.1538463,-6.3499384,-5.817989,-0.05519157,0.00022803013,0.006273093,-0.011518868,1.4470564,5.2797084,8.248808,-0.006312586,0.019232763,0.0040277694,11.25369,-1.329518,-0.28906676,-0.014322966,0.009388276,0.0167637,7.7130904,-7.3610644,-1.9620761,2.540749e-06,0.0065381145,0.007257242
5.173077,-6.318473,-5.8305006,-0.042363834,-0.0007820553,0.010855377,-0.013671352,1.4958463,5.282214,8.254535,-0.005412202,0.022507673,0.012985852,11.299973,-1.3262864,-0.27612528,-0.00022508844,0.012052009,0.009966063,7.741203,-7.353096,-1.9576422,-0.006565648,0.0073094093,0.0152856745
5.1923075,-6.269811,-5.8476024,-0.045683227,0.0043601883,-0.0038659305,-0.0018320817,1.5180067,5.2792125,8.262409,-0.0018340491,0.019173887,0.007140879,11.321781,-1.3213987,-0.29819778,-0.006862351,0.017680598,0.023521665,7.8155937,-7.3661222,-1.9560215,-0.014573901,0.008540173,-3.503715e-05
5.2115383,-6.2292824,-5.830383,-0.040877208,-0.0023995761,0.012596821,-0.014662807,1.5521868,5.28818,8.265363,-0.004329604,0.010636993,0.012034203,11.360398,-1.3264012,-0.30528715,-0.010265681,0.014986482,0.008533998,7.8048186,-7.364134,-1.9536333,-0.009144039,0.008675474,0.009410582
5.230769,-6.215508,-5.836068,-0.057841755,0.0060595013,0.004930547,-0.004585002,1.5686105,5.3005486,8.236268,-0.005826545,0.025024125,0.008610204,11.409801,-1.3106532,-0.29760838,-0.00995145,0.011832402,0.022447899,7.8488817,-7.359666,-1.9597373,-0.00563187,0.002203757,0.0070219208
5.25,-6.191702,-5.815259,-0.063097395,-0.005540577,0.0037149477,-0.00029417293,1.604276,5.2718773,8.250779,-0.0051749074,0.012593733,0.012327848,11.412412,-1.3443671,-0.2812002,-0.0064275125,0.007338766,0.014315412,7.900531,-7.345892,-1.9719551,-0.005243089,0.0029031422,0.013685037
5.269231,-6.165142,-5.819278,-0.056493808,0.0044269054,-0.006269426,0.0014094722,1.6112609,5.285466,8.268812,-0.013904471,0.008342902,0.0014926879,11.409776,-1.3086717,-0.29233503,-0.00343399,-2.3160821e-05,0.0068671396,7.8823824,-7.3695846,-1.9426211,-0.016595041,0.0036210427,0.0096354615
5.2884617,-6.16748,-5.8277054,-0.0554461,0.0013357962,0.0026975323,-0.007793169,1.6128281,5.2907357,8.25561,-0.0050773798,0.004992182,0.008383042,11.439203,-1.3117579,-0.28686675,-0.015410306,0.0032847766,0.017904889,7.8938055,-7.3513885,-1.9704329,-0.00095921976,-0.00076194137,0.0115988
5.3076925,-6.1537833,-5.8252788,-0.063248456,-0.00015946002,-0.00077919307,-0.0033526577,1.6162865,5.2788935,8.2634115,-0.0020584285,0.011353224,0.011499202,11.435288,-1.3285173,-0.27315626,-0.0056127603,0.004800587,0.020818373,7.948272,-7.356839,-1.9581261,0.004223365,-0.007482736,0.0038540734
5.326923,-6.1557946,-5.827166,-0.040828805,0.0032548425,-0.0035327584,0.0043068654,1.6312469,5.28469,8.259346,-0.004893874,0.015814353,-0.0028423343,11.432948,-1.3046964,-0.29277474,-0.0023508735,0.0054910765,0.022315176,7.9128003,-7.362166,-1.9584632,-0.0010049216,0.0027274995,0.009556153
5.3461537,-6.1606307,-5.8154807,-0.061548676,-0.002201797,-0.004559585,0.0060673277,1.639804,5.2843904,8.269747,0.00014931084,0.0022583937,0.0078056,11.437869,-1.3113233,-0.31359574,-0.01054589,0.0010031129,0.011405962,7.905799,-7.354917,-1.969611,-0.0032555328,-0.008553706,0.0037696108
5.3653846,-6.162302,-5.8211985,-0.06633042,0.00624447,-0.009076188,-0.012847467,1.625667,5.2927823,8.261062,-0.007186716,0.01147601,0.008035558,11.431751,-1.3165754,-0.28896433,-0.010173827,-0.0009438634,0.0061963536,7.8872695,-7.37503,-1.9472058,-0.0011088691,-0.0024307382,0.012112094
5.3846154,-6.1720924,-5.827414,-0.05342531,-0.0011951599,-0.014127683,-0.0065899147,1.6143073,5.283311,8.24994,-0.0032633801,0.0101899635,0.012292925,11.425009,-1.3444097,-0.30226114,-0.000653935,-0.012418997,0.017955469,7.894671,-7.3545766,-1.9674464,-0.0061104223,0.0013128007,0.0077017527
5.4038463,-6.1763783,-5.825899,-0.04255965,-0.003299367,-0.01210693,-0.003327304,1.5930527,5.2871785,8.270361,-0.010885815,0.00466425,0.007707141,11.42118,-1.3139322,-0.29362425,-0.006512044,-0.0058650095,0.01952837,7.891913,-7.3629794,-1.9502147,-0.006597006,-0.0145948725,0.010228797
5.423077,-6.219861,-5.813431,-0.051557284,-0.0043146457,-0.017052159,-0.003855763,1.567417,5.276064,8.259551,-0.008600972,0.0025540204,0.0038463154,11.388843,-1.3264831,-0.2857745,-0.019014867,-0.012489751,0.015462938,7.868395,-7.37586,-1.9496077,-0.011315312,-0.013441817,0.0075003672
5.4423075,-6.2130437,-5.8282065,-0.045835562,0.0055888724,-0.010098753,-0.0064770514,1.568572,5.30059,8.281503,-0.0044961856,0.0060482384,0.0068383766,11.379853,-1.3250196,-0.29523697,-0.013866739,-0.013724616,0.010857322,7.838599,-7.338017,-1.9618373,-0.0023192412,-0.0123515865,0.017035091
5.4615383,-6.2492294,-5.8271937,-0.0588177,0.0021233782,-0.009003832,-0.0039780485,1.5156813,5.2872357,8.251979,-0.012573253,-0.0042352467,0.013752705,11.361191,-1.3160611,-0.2901688,-0.011281251,-0.006325466,0.013862826,7.829717,-7.359087,-1.9673909,-0.008517734,-0.015242042,0.0018158691
5.480769,-6.28459,-5.828071,-0.06469214,-8.22571e-05,-0.018048463,-0.009042085,1.5083301,5.2768936,8.270256,-0.013150749,-0.010705568,0.01591299,11.31259,-1.326896,-0.29813668,-0.004721576,-0.006170194,0.0085057365,7.7788987,-7.3701687,-1.9794325,-0.0008017778,-0.012748403,0.005267901
5.5,-6.309334,-5.8128834,-0.069042064,0.0019912317,-0.020118622,-0.004988269,1.4412278,5.288249,8.246022,-0.004130402,-0.0025463349,0.0055548875,11.279193,-1.3292265,-0.31681508,-0.005935005,-0.005701157,0.013142495,7.7382097,-7.3620515,-1.9452738,0.0017397959,-0.020880017,0.008801236
5.519231,-6.3558865,-5.8328333,-0.05303922,-0.0027121084,-0.016865473,0.005651344,1.4238938,5.2791576,8.27214,-0.0021539584,0.00016957082,0.004143955,11.230783,-1.310632,-0.2952843,-0.018840859,-0.0052791336,0.018043164,7.7089586,-7.35897,-1.9583426,-0.00011037187,-0.0240366,0.009442859
5.5384617,-6.3975844,-5.8250456,-0.07076542,0.0046617184,-0.01735745,-0.0060980315,1.3808205,5.2893,8.2720375,-0.009243429,-0.01242266,0.0039247517,11.199686,-1.3110789,-0.28412607,-0.0050608874,-0.01624522,0.023340788,7.637148,-7.355466,-1.9569727,-0.0107036615,-0.026299149,0.009059413
5.5576925,-6.459927,-5.8284283,-0.05009647,-0.004582591,-0.022575626,0.0038777597,1.330702,5.295366,8.245345,0.00060702424,-0.007601807,-0.0072292015,11.133293,-1.304857,-0.28292122,-0.01587345,-0.01154335,0.019542687,7.613231,-7.360628,-1.95523,-0.012620634,-0.018146103,0.0064917104
5.576923,-6.5002003,-5.812775,-0.05944596,0.0031981491,-0.03404501,-0.0093607465,1.2772716,5.269406,8.266087,-0.009636327,-0.020241262,0.0018825274,11.088862,-1.3359932,-0.2982035,-0.0074920626,-0.02694604,0.013373868,7.556525,-7.361676,-1.9774067,0.0013846146,-0.024555866,0.012026538
5.5961537,-6.551863,-5.821905,-0.040477175,0.007352044,-0.020932466,-0.004953054,1.2036731,5.307902,8.269687,-0.007042718,-0.022653425,0.0061862217,11.048326,-1.3246112,-0.28583273,-0.005151738,-0.017921474,0.011472964,7.4870014,-7.376246,-1.9545723,-0.0102865305,-0.027948,0.019126674
5.6153846,-6.6183825,-5.8243203,-0.049595986,0.0006196389,-0.02852642,-0.009619074,1.1587842,5.288754,8.250161,-0.0043123537,-0.007837412,0.012243964,10.976134,-1.3170633,-0.29513344,-0.0130766565,-0.023108441,0.014921299,7.447562,-7.3653045,-1.9645914,-0.0066674175,-0.021649176,0.0067374837
5.6346154,-6.665611,-5.827467,-0.06391426,0.00507584,-0.024506455,0.0041480106,1.0914371,5.2918525,8.250066,-0.004451635,-0.014786984,0.0017247399,10.908886,-1.3333751,-0.3184532,-0.0014074723,-0.028313352,0.017441578,7.39198,-7.3571734,-1.9545505,-0.004215413,-0.023850469,0.007204178
5.6538463,-6.7627974,-5.8363047,-0.06388014,-0.0006339621,-0.027790971,-0.006469334,1.040925,5.3045015,8.26028,-0.012655642,-0.016613508,0.0014248419,10.843283,-1.3315451,-0.29375005,-0.015817232,-0.03148844,0.024971254,7.3198833,-7.3638844,-1.9625694,-0.007992004,-0.032723513,-0.0013747531
5.673077,-6.8275094,-5.8172493,-0.052907582,-0.0065140696,-0.03654959,-0.00405463,0.9715541,5.293809,8.269714,-0.0101292385,-0.009872817,0.0057454216,10.780205,-1.3372592,-0.29614088,-0.016687065,-0.024954282,0.02078349,7.2448535,-7.3444757,-1.9633846,-0.01458304,-0.021937363,0.006595844
5.6923075,-6.903373,-5.8216825,-0.048132077,-0.005943019,-0.04054649,0.0015911071,0.90101475,5.290691,8.275276,-0.0051875305,-0.023122068,0.006551112,10.71222,-1.3394574,-0.2697502,0.0015373487,-0.029124252,0.0126825115,7.1830716,-7.360335,-1.9470134,0.009649766,-0.025470339,0.006826053
5.7115383,-6.96003,-5.824106,-0.0463847,0.0038035267,-0.030409891,-0.0031324876,0.8113841,5.2728825,8.253572,-0.01803895,-0.022215376,0.0029071283,10.626932,-1.3163236,-0.28756487,-0.020153962,-0.026257463,0.008176486,7.0904155,-7.356735,-1.9688764,0.000540719,-0.027703237,0.0052191336
5.730769,-7.029727,-5.832566,-0.032095157,0.0016540356,-0.032634396,0.0078004994,0.75576323,5.2690387,8.259437,-0.008783976,-0.011293077,0.0012007694,10.553518,-1.3220752,-0.28016305,-0.0051485873,-0.025139857,0.018512778,7.0293593,-7.3553815,-1.933165,-0.0075630723,-0.03215945,0.0060885823
5.75,-7.118723,-5.8340554,-0.058278542,0.0032961604,-0.039958052,-0.009735414,0.6754793,5.295466,8.2700205,-0.008270802,-0.015035804,0.010234358,10.508713,-1.3321483,-0.29429057,-0.0014939484,-0.029481933,0.012504627,6.9753056,-7.3481364,-1.9430473,-0.008801727,-0.035167377,0.0036199319
5.769231,-7.1753955,-5.8247924,-0.050604656,0.001769773,-0.025143912,-0.009424683,0.5979828,5.3030214,8.256866,-0.004998593,-0.015121103,0.0052147773,10.415138,-1.3416809,-0.29307064,-0.0057348423,-0.029022865,0.019233,6.8796988,-7.342809,-1.9401159,0.0017158362,-0.033260036,0.0141318785
5.7884617,-7.275164,-5.830179,-0.050826814,0.0060765734,-0.03523087,-0.009457822,0.50842035,5.292193,8.247794,-0.013802182,-0.02079706,0.00022286769,10.335227,-1.329753,-0.283369,0.0012139358,-0.021782879,0.009526671,6.780909,-7.3423686,-1.9691403,-0.013680166,-0.03601695,0.0058109416
5.8076925,-7.3638844,-5.833762,-0.04887462,-0.0056093615,-0.037139613,-0.0018300742,0.42775077,5.2625623,8.255531,-0.0056462227,-0.019926688,-0.001613795,10.255738,-1.3285273,-0.29283503,-0.0029679502,-0.027593607,0.023252647,6.6798954,-7.353715,-1.9681003,0.00069209107,-0.028224045,0.0052866954
5.826923,-7.447176,-5.8159394,-0.044555757,-9.030489e-05,-0.03339904,-0.0027910206,0.3420843,5.2953563,8.250308,-0.00559549,-0.015533759,0.006072394,10.14909,-1.3315445,-0.28300294,0.00061952847,-0.029065974,0.015330367,6.6343513,-7.343271,-1.9606594,-0.01239042,-0.037693,0.005068883
5.8461537,-7.509652,-5.8226433,-0.053209122,0.0017016854,-0.031535465,0.0040951543,0.25430065,5.281122,8.266834,-0.0038897295,-0.02329969,0.009392421,10.082048,-1.3297286,-0.26640627,-0.004063706,-0.022403257,0.014356052,6.528402,-7.351886,-1.9659373,-0.0014431159,-0.036924556,0.003634713
5.8653846,-7.602223,-5.8305335,-0.062186506,0.010096661,-0.034447085,-0.0054784347,0.16580516,5.2829285,8.266922,-0.006971509,-0.02147785,0.01316855,9.997654,-1.3190252,-0.2894344,-0.008879391,-0.03686598,0.012919627,6.4485874,-7.3600965,-1.9418665,-0.0026493815,-0.029372856,0.01318739
5.8846154,-7.698503,-5.8220196,-0.046775777,-0.004685806,-0.035158314,0.0004077663,0.09324129,5.29719,8.26182,-0.017735133,-0.02686212,0.0074866936,9.879614,-1.3339002,-0.30259243,-0.002799282,-0.021333827,0.013145325,6.340861,-7.364503,-1.9629034,-0.008200616,-0.03348686,0.013766617
5.9038463,-7.7976637,-5.8281946,-0.05733237,-0.00522012,-0.038704645,-0.00348232,0.00088855997,5.304034,8.251393,-0.0073414124,-0.026947016,0.0057713827,9.822825,-1.3267109,-0.30127275,-0.0053243255,-0.02948907,0.01253493,6.2665753,-7.371692,-1.9570197,-0.0109845735,-0.03786374,0.011353057
5.923077,-7.878561,-5.828222,-0.04652384,-0.004464699,-0.038661316,-0.007830361,-0.09696431,5.2914815,8.242076,-0.011501647,-0.026163695,0.008464526,9.709834,-1.3193642,-0.29808462,-0.010498734,-0.021570332,0.019105708,6.195183,-7.368523,-1.9619582,-0.004062321,-0.033446245,0.003074739
5.9423075,-7.965299,-5.8162327,-0.050316967,-0.005357067,-0.032744683,-0.0024339897,-0.1776453,5.303951,8.242658,-0.011566714,-0.028676022,0.008128487,9.647418,-1.3210428,-0.29589203,-0.009625497,-0.035171796,0.011295487,6.100962,-7.3488817,-1.9656162,-0.009547819,-0.031945683,0.0070508607
5.9615383,-8.072715,-5.8263903,-0.030961849,0.008982144,-0.03708094,-0.0008791352,-0.2681387,5.303136,8.253269,-0.0077433432,-0.020946098,0.010887855,9.542393,-1.3098996,-0.2932513,-0.0028362942,-0.027346851,0.009738562,6.0209875,-7.3666034,-1.942317,-0.0010782477,-0.02830299,0.008627203
5.980769,-8.148468,-5.83935,-0.06429882,-0.0018520182,-0.038438868,-0.012871057,-0.35125792,5.286617,8.272347,-0.0022655574,-0.03147562,0.010176432,9.439658,-1.3201569,-0.28628132,-0.008032097,-0.034064464,0.016595004,5.9208007,-7.361002,-1.9620898,-0.0097240405,-0.030062515,0.0101934895
6.0,-8.234179,-5.819793,-0.047001053,0.0016299327,-0.03956941,-0.0017088654,-0.45753106,5.2710648,8.255139,-0.0020671843,-0.025605325,0.009940805,9.364303,-1.3200974,-0.28703868,-0.013424516,-0.031015676,0.012540452,5.8564644,-7.341391,-1.9676901,-0.0030344683,-0.03908481,0.005784219
6.019231,-8.3272,-5.846916,-0.05794044,0.003725123,-0.03084657,0.004130325,-0.55270183,5.290829,8.252231,-0.0075931135,-0.028564686,0.0011432929,9.291352,-1.3251561,-0.26695156,-0.012709074,-0.023789987,0.014584566,5.741041,-7.3516784,-1.9530576,-0.00469686,-0.03339858,0.00019521745
6.0384617,-8.400908,-5.822291,-0.05531308,-0.00459249,-0.037344802,-0.008553645,-0.61717963,5.2752814,8.272938,-0.017484035,-0.020870032,0.010429891,9.17786,-1.3355082,-0.304221,-0.0011744754,-0.03215349,0.015316416,5.6315684,-7.364788,-1.9533454,0.003339672,-0.029157998,0.009849145
6.0576925,-8.495809,-5.8329983,-0.040063355,0.010675431,-0.041328583,-0.0039975536,-0.7074307,5.264544,8.248422,-0.0067701084,-0.023237137,0.010417724,9.107648,-1.3273455,-0.28664625,0.0005407656,-0.018892203,0.027069695,5.5780764,-7.3657985,-1.9503605,-0.0038411594,-0.03950903,0.010604968
6.076923,-8.558022,-5.831956,-0.039949756,0.006561421,-0.03221271,-0.011537274,-0.792163,5.284767,8.249896,-0.013043653,-0.020261776,0.0077152164,9.000119,-1.3180147,-0.2799375,-0.017327903,-0.024601988,0.014535204,5.4838867,-7.362845,-1.9609519,-0.0016676859,-0.031671125,0.008762289
6.0961537,-8.660508,-5.823867,-0.05678251,-0.0012959937,-0.034288965,0.002742661,-0.8511127,5.28899,8.24609,-0.0102980435,-0.019020708,-0.0001741663,8.951332,-1.3358448,-0.2882261,-0.011240109,-0.02335906,0.009097656,5.3981514,-7.363293,-1.9586536,-0.0020037314,-0.033336625,0.008841287
6.1153846,-8.742768,-5.828958,-0.053289514,-0.004048788,-0.037704755,-0.006269878,-0.9347273,5.2766824,8.268547,-0.013943636,-0.011633094,0.004144437,8.863945,-1.3269242,-0.2999966,-0.002449461,-0.024200184,0.021438556,5.330606,-7.352001,-1.9632084,-0.000120137716,-0.03495824,0.004564252
6.1346154,-8.818956,-5.8168297,-0.06800758,0.011489069,-0.032655142,-0.00850904,-1.0137507,5.2811832,8.258278,-0.013146902,-0.016482236,0.00490838,8.804856,-1.3238082,-0.27602056,-0.016697492,-0.029837737,0.019408703,5.272899,-7.370076,-1.9562713,-0.014919312,-0.033834886,0.014134766
6.1538463,-8.8881235,-5.815486,-0.07466407,0.0006401587,-0.027200842,-0.010054436,-1.10844,5.298727,8.2711935,-0.006758865,-0.020065667,0.0053980476,8.73113,-1.3086038,-0.29087508,-0.01187396,-0.024760034,0.011763766,5.1843085,-7.3501444,-1.9636784,0.0014297959,-0.031125413,0.0023524521
6.173077,-8.962559,-5.8064947,-0.04490418,-0.0026144974,-0.031181958,-0.007908193,-1.1552615,5.29438,8.279073,-0.0042950646,-0.01604297,0.008261914,8.646815,-1.3321604,-0.28755853,-0.011885292,-0.028977867,0.022188753,5.1053815,-7.3674817,-1.9679649,-0.0035231174,-0.03813354,0.0088911345
6.1923075,-9.017125,-5.8335195,-0.052566893,0.00044139882,-0.028458374,-0.0053386334,-1.2306306,5.297832,8.262812,-0.008456183,-0.020742733,0.0043983893,8.575309,-1.3127238,-0.29661933,-0.009544929,-0.025158616,0.0041713947,5.0423136,-7.3454175,-1.9524543,-0.008588926,-0.029707374,0.012334713
6.2115383,-9.0935955,-5.8281894,-0.06142832,-0.0044911206,-0.02714444,-0.004555569,-1.290915,5.312595,8.243802,-0.012750165,-0.022313815,0.010890169,8.487544,-1.3381655,-0.28244674,-0.016977381,-0.022531215,0.021896707,4.994262,-7.365674,-1.9449971,-0.014820598,-0.0230697,0.0045396346
6.230769,-9.139335,-5.8269615,-0.034409296,-0.0029390275,-0.023707222,-0.0026744679,-1.3455117,5.2797747,8.267551,-0.012090369,-0.015746597,0.008989561,8.449152,-1.3154919,-0.28083244,-0.0116398875,-0.019437732,0.01067686,4.920587,-7.3347793,-1.959742,-0.0040679895,-0.020807123,0.015594858
6.25,-9.206983,-5.825145,-0.040772244,0.002159416,-0.020964378,3.297835e-05,-1.4218194,5.2897563,8.240593,0.00094652484,-0.00199767,0.0062817996,8.397492,-1.3127009,-0.27824464,-0.0117593575,-0.021699786,0.015436188,4.855851,-7.369258,-1.9600552,0.000761178,-0.017972264,0.009507849
6.269231,-9.276761,-5.819153,-0.06887952,0.008566692,-0.033562336,0.001510449,-1.4624926,5.2946916,8.263643,-0.008577538,-0.014902488,-0.002280011,8.353875,-1.3376255,-0.2924208,-0.0010649398,-0.0072084907,0.017703248,4.7972264,-7.3666925,-1.9474803,-0.0012632195,-0.019230176,0.009318717
6.2884617,-9.317911,-5.8107,-0.059460934,0.017016908,-0.01898905,-0.013254636,-1.5262008,5.3052163,8.261138,-0.011678039,-0.01941125,0.0077704894,8.28112,-1.3354179,-0.282853,-0.008883703,-0.015545115,0.0015398618,4.7568226,-7.360133,-1.9573692,-0.0013729586,-0.018322475,0.006236915
6.3076925,-9.363551,-5.819269,-0.060900956,0.0071042194,-0.02658705,-0.005843857,-1.5740769,5.295486,8.2640705,-0.0068842815,-0.01963945,0.0048795124,8.235744,-1.305667,-0.2807629,-0.0030734653,-0.0077230725,0.008711626,4.677865,-7.345569,-1.9741724,-0.012148766,-0.025993342,0.0039190073
6.326923,-9.407206,-5.8171673,-0.063308,0.009884482,-0.021681163,-0.002624196,-1.6106457,5.2984324,8.255012,-0.0044328114,-0.00372732,0.011548836,8.20485,-1.3175311,-0.2871061,-0.0030437072,-0.021128373,0.018695798,4.6581817,-7.3704414,-1.922667,-0.0019049459,-0.017677795,0.011704111
6.3461537,-9.441453,-5.8211107,-0.04018472,-0.009730624,-0.012288981,-0.008777375,-1.6480831,5.2921004,8.255112,-0.009343523,-0.003349327,0.0111105135,8.147603,-1.330633,-0.29562786,-0.015501212,-0.013909137,0.019296976,4.627942,-7.353384,-1.9591874,-0.00745667,-0.013729539,0.010636983
6.3653846,-9.490394,-5.8423615,-0.0581459,-0.0046351147,-0.016969375,-0.00080087106,-1.6814257,5.29095,8.249734,-0.0032310013,-0.0079903705,0.0032304695,8.128535,-1.3380919,-0.2799772,-0.010082474,-0.006235679,0.013754558,4.57451,-7.351021,-1.9591445,-0.0019637104,-0.02301871,0.005113596
6.3846154,-9.501824,-5.815604,-0.06501612,0.0014589262,-0.019020924,0.011952667,-1.7393966,5.287446,8.278397,-0.0067204093,-0.0036385916,0.010504062,8.087144,-1.3159674,-0.27718505,-2.8853647e-05,-0.007160169,0.011050511,4.552528,-7.3566995,-1.9702783,-0.011623653,-0.01654759,0.013370336
6.4038463,-9.541225,-5.819501,-0.04713435,0.0013056329,-0.024025828,0.0068355626,-1.762555,5.291366,8.264207,-0.008666511,-0.0013117963,0.0020943976,8.056863,-1.3172455,-0.27632484,-0.018220697,-0.012861946,0.017213145,4.5200043,-7.3587265,-1.9556394,-0.0064157885,-0.015879402,0.004203993
6.423077,-9.563343,-5.838194,-0.04495231,0.011108991,-0.020387635,-0.0076969657,-1.8042402,5.292004,8.256569,-0.0038718071,0.0052068657,0.012595107,8.013189,-1.3213581,-0.29608187,-0.007998863,-0.014162945,0.021877173,4.4802456,-7.3482475,-1.9577441,-0.020425381,-0.008102973,0.016057976
6.4423075,-9.568238,-5.82399,-0.061031494,-0.0075439867,-0.005223821,-0.00821709,-1.7988075,5.275903,8.257846,-0.014561181,-0.0023638585,0.0033042175,8.021078,-1.3173008,-0.30435902,-0.009107172,-0.008460376,0.01968892,4.4696336,-7.357385,-1.9428171,0.00032053477,-0.008571774,0.011663457
6.4615383,-9.615471,-5.824702,-0.056085184,-0.009550696,-0.012365717,-0.0051353793,-1.8032659,5.304615,8.253133,-0.010251802,0.004669276,0.012970524,7.989607,-1.3308065,-0.28873134,-0.0037013835,-0.005023544,0.019670507,4.4700704,-7.3734903,-1.9636729,9.556868e-06,-0.0058790506,0.014242315
6.480769,-9.622289,-5.8141274,-0.054056875,-0.0054194517,-0.011498947,-0.016827412,-1.826619,5.273019,8.248717,-0.003772692,0.010493934,0.0040521985,7.993368,-1.3096043,-0.26928112,-0.008311554,-0.016154129,0.02496286,4.4495406,-7.362831,-1.9614817,-0.00839212,-0.0149829965,0.018358227
6.5,-9.622521,-5.829544,-0.044976436,0.009438471,-0.0027266229,-0.01004016,-1.830956,5.2690864,8.244611,-0.008760318,0.008057358,0.006238446,7.9565353,-1.3167902,-0.2759244,-0.008884843,-0.013645955,0.009976783,4.4367423,-7.347238,-1.9450519,-0.00035695653,-0.0066226483,0.008962489
6.519231,-9.6233,-5.822395,-0.047635365,0.0036301601,-0.0054496317,-0.004899296,-1.851138,5.3082223,8.258149,0.0016378278,0.010408548,0.0019239302,7.9774714,-1.3103616,-0.2875531,-0.0076890565,-0.006745272,0.015439841,4.4485292,-7.354459,-1.9702117,-8.716147e-06,0.00042468536,0.013920787
6.5384617,-9.637101,-5.8102827,-0.06403852,-0.0043898,-0.0012432166,-0.0067702606,-1.8512615,5.2727175,8.273871,-0.0062834923,0.008378192,0.012722049,7.9793267,-1.3108906,-0.2813724,-0.01671812,0.0024762098,0.014000215,4.453068,-7.3598084,-1.9578531,-0.00092757226,5.1332845e-05,0.009926938
6.5576925,-9.604279,-5.820592,-0.04692133,-0.0028943412,-0.0027769052,-0.0030507357,-1.8416919,5.283367,8.266664,-0.012795564,0.020187538,0.0077198613,7.986005,-1.3239281,-0.3073608,-0.012350419,0.0062067346,0.011843976,4.4474196,-7.3723583,-1.9480497,-0.0016343031,-0.0019920326,0.012157391
6.576923,-9.605546,-5.826491,-0.06173993,0.0041128127,-0.002220218,-0.0072377315,-1.8086672,5.279147,8.281254,-0.01380905,0.017408049,0.010941591,8.006739,-1.3249563,-0.29694048,-0.005862598,0.0014655386,0.01862759,4.4692745,-7.351471,-1.9794548,-0.009624374,0.0011622206,0.008780141
6.5961537,-9.593001,-5.810382,-0.044847757,-0.0025640267,0.0055404794,-0.008827958,-1.7988027,5.271835,8.260579,-0.006822845,0.029077219,0.00941569,8.019484,-1.3378742,-0.27801895,-0.0027199325,0.007486863,0.022662638,4.4753976,-7.3555517,-1.9435318,-0.0032610518,0.008215752,0.005431769
6.6153846,-9.562352,-5.834005,-0.046663426,0.012173829,0.0019775862,-0.008286572,-1.7791476,5.2872953,8.266076,-0.0075421636,0.022415977,0.008446993,8.032679,-1.3294029,-0.29271454,-0.011794593,0.010226364,0.015674034,4.503555,-7.3537,-1.9464197,-0.004701304,-0.00066924666,0.008355389
6.6346154,-9.537076,-5.8239236,-0.041694257,-0.0016489242,0.0034081,-0.008101488,-1.7595625,5.2763205,8.27,-0.016380653,0.017064637,0.014450702,8.065742,-1.325344,-0.2772301,-0.001542882,0.0062750205,0.0105444025,4.5337434,-7.354425,-1.9558681,0.0013226887,0.012731739,0.013639643
6.6538463,-9.522433,-5.823163,-0.051177364,-0.0020025992,0.00999823,-0.0054788436,-1.7159239,5.282658,8.260155,-0.0046285465,0.024238192,-5.770814e-05,8.094697,-1.3449239,-0.29462343,-0.013947805,0.015766228,0.019161329,4.5608077,-7.3794265,-1.9735695,-0.006753442,0.00917573,0.016627394
6.673077,-9.488844,-5.83186,-0.053202312,0.0060437117,0.011650278,-0.00071011647,-1.7052603,5.2949333,8.281134,-0.00029195772,0.023172645,-9.362646e-05,8.132245,-1.3196434,-0.30125433,-0.013290838,0.0101056,0.014898553,4.5795918,-7.3594594,-1.9672855,-0.0043752976,0.0013743815,-0.000709758
6.6923075,-9.421977,-5.811619,-0.03735315,-0.0065963445,0.007169628,-0.008457311,-1.6471671,5.279079,8.269028,-0.0073980773,0.028216254,0.013131323,8.159284,-1.3238215,-0.2766891,0.003762149,0.019323613,0.016644504,4.637678,-7.361288,-1.9593753,-0.009672218,0.013550911,0.011466294
6.7115383,-9.381986,-5.822237,-0.05967713,0.000288709,0.007890909,-0.008476972,-1.61862,5.301524,8.263486,-0.0069834567,0.025418878,0.0084396545,8.191846,-1.3278254,-0.28551114,-0.013993139,0.016274696,0.0074965693,4.6583853,-7.3697033,-1.9364811,-0.009796947,0.008267467,0.008814511
6.730769,-9.361086,-5.8287034,-0.06509414,0.0024850871,0.020386258,-1.5350308e-05,-1.5527765,5.295051,8.260008,-0.0019942003,0.022009494,0.008772968,8.2515545,-1.3130956,-0.291432,-0.009584649,0.016946996,0.019149382,4.713497,-7.354594,-1.9569353,-0.0037527848,0.015016885,0.009198967
6.75,-9.306988,-5.814294,-0.037041243,-0.0018863144,0.008247793,-0.0031077508,-1.5262059,5.2933726,8.251258,-0.016198687,0.017206363,0.007630181,8.299905,-1.3186527,-0.27791163,-0.0016666198,0.016776998,0.015057773,4.750212,-7.3662596,-1.9724373,-0.0073826825,0.01232437,0.0011385485
6.769231,-9.247894,-5.833767,-0.06033345,0.0026982683,0.023198536,-0.009185943,-1.4739735,5.304553,8.256025,-0.0050693974,0.020041682,6.5064385e-05,8.376541,-1.3042938,-0.28917557,-0.009348815,0.014828026,0.025183607,4.8084908,-7.363613,-1.9603087,0.005045681,0.012699754,0.0072040884
6.7884617,-9.196634,-5.827473,-0.059984986,0.007091423,0.010976806,0.0009133627,-1.4105988,5.2973742,8.2668495,0.0015550193,0.024396596,0.013130626,8.422638,-1.2974579,-0.29179788,-0.007391114,0.02096051,0.009295602,4.8802724,-7.351509,-1.9617467,-0.0059006345,0.019948123,0.0022333974
6.8076925,-9.133545,-5.8257847,-0.06471756,0.003320737,0.017868401,-0.0014127232,-1.3358302,5.2849174,8.263285,-0.0034498663,0.03307674,0.0056797415,8.465111,-1.3123751,-0.27706847,-0.004876333,0.016494803,0.004748052,4.9326296,-7.358934,-1.9584548,-0.0071477005,0.018504284,0.012200028
6.826923,-9.064053,-5.821148,-0.056305464,0.00041913963,0.014162361,0.002265684,-1.2908044,5.287648,8.263955,-0.005662227,0.017799644,0.0083337715,8.537492,-1.3292775,-0.30471605,-0.0058442033,0.018005544,0.0176682,4.9964905,-7.348449,-1.9515874,-0.009971882,0.018716289,0.01258412
6.8461537,-8.989201,-5.8232155,-0.061057456,-0.0038906995,0.0080382135,-0.0053917468,-1.2099781,5.2841735,8.269806,-0.00062457164,0.040009007,0.0037194006,8.591188,-1.2887503,-0.2945459,-0.010802715,0.026766118,0.0141730895,5.051345,-7.3509097,-1.9797536,-0.0030065347,0.027338512,0.0059186737
6.8653846,-8.9332285,-5.82823,-0.028379839,-0.0031984488,0.018002853,-0.016528603,-1.1504306,5.285606,8.242476,-0.011733844,0.028609542,0.011402673,8.645073,-1.3144964,-0.29769963,-0.011223027,0.020817481,0.021949068,5.129038,-7.3476977,-1.9501196,0.0039528734,0.017507771,0.012641147
6.8846154,-8.854485,-5.8303304,-0.06137678,-0.006098568,0.012328214,0.002188721,-1.0824991,5.2831154,8.246728,-0.01189388,0.03637393,-0.0016706177,8.745516,-1.3342463,-0.2952892,-0.005750275,0.025252186,0.023718392,5.183025,-7.360966,-1.9432342,0.0012707004,0.02276129,0.009696691
6.9038463,-8.784518,-5.8241515,-0.044757675,0.004052797,0.017499773,-0.016860913,-0.99035877,5.2915044,8.257197,-0.008714199,0.0375689,0.0036983478,8.827996,-1.3054873,-0.2929109,-0.008952058,0.03333032,0.013476415,5.285165,-7.3520446,-1.9580721,0.00055564113,0.015682619,0.0068600033
6.923077,-8.707123,-5.8321543,-0.05559223,0.0026007842,0.021175766,-0.011031671,-0.9296534,5.283731,8.258636,-0.005548491,0.035147253,0.008320643,8.881443,-1.3100061,-0.27331144,-0.012723484,0.026438972,0.012082347,5.3614774,-7.3568754,-1.9636579,-0.01625288,0.02325167,0.002860064
6.9423075,-8.627953,-5.8329005,-0.061672878,-0.0010356059,0.021638954,-0.0082494775,-0.85711294,5.27367,8.2878475,-0.014827283,0.039063822,0.011316997,8.962026,-1.3212442,-0.3095634,-0.005452623,0.032227404,0.017483322,5.4477906,-7.3579206,-1.9496903,-0.0013720327,0.024342358,0.008148072
6.9615383,-8.534912,-5.821775,-0.071209654,-0.0006985157,0.022037463,-0.0039947615,-0.7578696,5.277872,8.242766,-0.002531137,0.03560938,0.0029226888,9.046919,-1.3400565,-0.29814357,-0.0020270024,0.027682034,0.022473821,5.506623,-7.356293,-1.9709288,-0.008813454,0.021001875,0.004017633
6.980769,-8.48158,-5.806926,-0.05522294,-0.007561261,0.028154867,0.005005486,-0.6815079,5.292653,8.265842,-0.0064885165,0.03768472,0.011054587,9.123519,-1.3222334,-0.29211763,-0.0056395205,0.02554211,0.012213333,5.580346,-7.352585,-1.9621063,-0.0029063008,0.01710851,0.009128869
7.0,-8.370118,-5.818548,-0.0490838,0.0005994385,0.0212384,-0.0031974984,-0.59436834,5.2979445,8.262076,-0.01285727,0.03677193,0.0064774184,9.216261,-1.3143646,-0.2954252,-0.00075968576,0.0286586,0.011217101,5.682728,-7.373285,-1.9523418,-0.00996621,0.025814781,0.021168584
7.019231,-8.296739,-5.821966,-0.05120558,-0.0007964766,0.025086148,-0.0021467153,-0.5459558,5.2833576,8.250565,-0.008003822,0.031845547,0.009108456,9.302552,-1.3241204,-0.27578625,-0.009892293,0.031266198,0.026346823,5.7726736,-7.3640227,-1.9581033,-0.0010888748,0.033089902,0.016214127
7.0384617,-8.212587,-5.8181024,-0.058236636,0.0010156044,0.026182367,-0.003158506,-0.43511233,5.3021526,8.246441,-0.009341151,0.038694397,-1.970506e-05,9.386018,-1.3150702,-0.28472906,-0.004762156,0.04097119,0.014611189,5.856589,-7.3449945,-1.9436604,-0.0070371996,0.020191738,0.004175297
7.0576925,-8.1213,-5.825564,-0.03947046,0.0051886626,0.020535208,-0.00086158304,-0.35186654,5.28644,8.238823,-0.0028403394,0.04059313,-0.011118868,9.479845,-1.3139389,-0.28184336,0.00048385898,0.021529982,0.009253985,5.9531193,-7.3731675,-1.9709309,-0.0046701985,0.024833582,0.018835135
7.076923,-8.030778,-5.816452,-0.064294204,-0.0069984337,0.01733253,-0.004552287,-0.25447115,5.291176,8.27078,-0.016651496,0.031555917,-0.003507633,9.570717,-1.3300488,-0.28971928,-0.00625687,0.03002871,0.017487017,6.04893,-7.349057,-1.9477227,-0.00465651,0.027456913,-0.0025084547
7.0961537,-7.953855,-5.8261156,-0.05892348,-4.350512e-05,0.023440331,-0.0039214776,-0.16898926,5.285693,8.2458105,-0.002382314,0.036564365,0.013015802,9.658533,-1.3101207,-0.29252437,-0.009779637,0.03846524,0.017415669,6.119512,-7.3603134,-1.9602516,-0.0016483489,0.03416086,0.01923647
7.1153846,-7.8354955,-5.826399,-0.058216322,-0.0020536399,0.020101603,-0.0035142032,-0.09070847,5.2870135,8.253106,-0.0060338755,0.036340658,0.003535551,9.741747,-1.2987449,-0.286906,-0.008200599,0.031127682,0.016546762,6.20604,-7.34339,-1.9704568,0.0012392743,0.035079163,0.013772079
7.1346154,-7.7694216,-5.8295646,-0.055874147,-0.004770706,0.014518964,-0.0072072824,0.025524,5.277869,8.25161,-0.005496483,0.041582726,0.006953584,9.823915,-1.3222661,-0.3160576,-0.0066768043,0.03437609,0.013057912,6.2915273,-7.349766,-1.9577857,-0.005425622,0.026026838,0.0070169
7.1538463,-7.691144,-5.8108735,-0.0534576,-0.00509245,0.021020563,-0.008500926,0.11265471,5.2871666,8.246858,-0.0007774445,0.028806023,0.004713616,9.923921,-1.307754,-0.28830254,-0.00093192037,0.032184895,0.00702445,6.407468,-7.361145,-1.9601365,-0.006720336,0.03593354,0.012673962
7.173077,-7.5900116,-5.827754,-0.05750086,0.00069254433,0.026429456,-0.0075602555,0.19306196,5.2789545,8.257788,-0.010974516,0.039804555,0.0070116203,9.997841,-1.3260044,-0.2962744,-0.0028130638,0.030700019,0.01396033,6.474748,-7.3576345,-1.9722657,-0.0075769783,0.020209834,0.00281452
7.1923075,-7.5151067,-5.823629,-0.050269432,0.0015923457,0.01701376,0.0053206296,0.296553,5.277939,8.25964,-0.0069783665,0.042855404,0.01721137,10.085919,-1.3210945,-0.28389457,-0.013018208,0.034859776,0.024408476,6.550493,-7.355948,-1.9576709,-0.013517315,0.022115303,0.006855812
7.2115383,-7.4215364,-5.8282824,-0.044794265,-0.0032740727,0.031907044,0.0017859719,0.37260354,5.2948904,8.262135,0.0025081097,0.04012946,0.0067937775,10.202012,-1.3060826,-0.29211378,-0.007455595,0.022161333,0.023208577,6.6397033,-7.363333,-1.9487073,0.00019190098,0.027478103,0.011283749
7.230769,-7.3446956,-5.833727,-0.045428377,0.0037140006,0.026473258,-0.0117157865,0.4447054,5.267165,8.243315,-0.0075341226,0.04454006,0.0052263783,10.265676,-1.3270075,-0.28700957,-0.015476216,0.025426209,0.013104716,6.72687,-7.3586683,-1.9801766,-0.0035368507,0.021783348,0.0077763977
7.25,-7.245546,-5.8299694,-0.0381919,0.002808994,0.026004689,-0.0015642452,0.55252,5.310238,8.249226,-0.00413415,0.038584094,0.012329079,10.349842,-1.3052107,-0.29404476,-0.013665651,0.028793111,0.011268206,6.8175683,-7.35734,-1.9505094,-0.0061410517,0.02969603,0.001525629
7.269231,-7.171132,-5.826281,-0.048134327,0.009270264,0.025610792,-0.006496347,0.6128593,5.2736998,8.274683,-0.0037914112,0.036309823,0.005962691,10.427978,-1.3106006,-0.29970562,-0.00989413,0.020704752,0.011724661,6.882457,-7.3783665,-1.9562058,0.00036304686,0.017295027,0.009752144
7.2884617,-7.072226,-5.842854,-0.048770793,-0.010723945,0.025263472,-0.0024833528,0.7019739,5.279302,8.257395,-0.0134378495,0.034987796,0.014710759,10.484087,-1.308055,-0.2916028,0.00028834364,0.031606067,0.009757489,6.976758,-7.3666778,-1.9644773,0.0010042201,0.031448457,0.015726829
7.3076925,-7.0281043,-5.8367553,-0.07279912,-0.009349599,0.018472929,-0.00366998,0.7800282,5.279295,8.261261,-0.0068531865,0.0329242,0.008043036,10.596328,-1.3119311,-0.27694482,-0.006472006,0.029271249,0.015610334,7.0381155,-7.361743,-1.9712447,-0.008011317,0.021766486,0.0038840605
7.326923,-6.9479933,-5.8285146,-0.05824983,0.0035540028,0.026038902,-0.008260145,0.8462482,5.291118,8.262746,0.0024394833,0.03849325,0.0070928293,10.6567545,-1.3129135,-0.2936225,-0.0089264605,0.033946637,0.025101556,7.122602,-7.354028,-1.9385165,0.008921141,0.018253809,0.008512558
7.3461537,-6.870643,-5.813396,-0.054330286,0.0057949484,0.018245172,-0.004759574,0.91193956,5.289463,8.25348,-0.0064611044,0.023566434,0.01240998,10.757532,-1.3195996,-0.3042656,-0.012984472,0.021788819,0.019360257,7.1913514,-7.3770328,-1.9642398,-0.001685893,0.020181747,0.012273884
7.3653846,-6.792867,-5.8359866,-0.051190924,0.0009727366,0.009126161,-0.0022722257,0.9862365,5.286491,8.277966,-0.0035651887,0.022852063,0.0005441181,10.7988825,-1.3343022,-0.2925796,-0.0056496724,0.021439703,0.014068768,7.2627573,-7.3606386,-1.9674134,-0.0020089045,0.0053921654,0.0068943626
7.3846154,-6.7437477,-5.8371882,-0.05227379,0.009040582,0.023357503,0.00062203803,1.0640798,5.3061986,8.261187,-0.00077845826,0.02240332,0.0028787304,10.872899,-1.3138586,-0.29832304,-0.013093851,0.025157021,0.0103768585,7.3330812,-7.3605614,-1.9471666,-0.0026626938,0.009466053,0.005642573
7.4038463,-6.6524773,-5.821321,-0.043719538,0.001459727,0.017598026,-0.0075077675,1.1267018,5.298388,8.261637,-0.0025995916,0.026395842,0.0030880172,10.937508,-1.3337799,-0.28583336,-0.010204733,0.026251249,0.010462989,7.3924217,-7.375536,-1.9581547,0.0018290362,0.013965547,0.008644977
7.423077,-6.6207886,-5.8342595,-0.06826243,-0.0022698676,0.011205499,-0.0069518336,1.1827843,5.2918057,8.269373,0.0048451363,0.021870075,0.005044526,11.007767,-1.30745,-0.28734717,-0.01155512,0.020049365,0.0099299215,7.476253,-7.3599353,-1.9611437,-0.0061782897,0.011720183,0.010554721
7.4423075,-6.548649,-5.822604,-0.052484997,7.277224e-06,0.010582946,0.003091972,1.2257897,5.279275,8.255142,-0.0071204775,0.028758684,0.0020954225,11.042687,-1.3209198,-0.3040759,-0.0075634383,0.020504642,0.0070887133,7.5293818,-7.3734326,-1.9685994,-0.005665251,0.022157632,0.008324019
7.4615383,-6.482608,-5.838909,-0.045130115,-0.0055832714,0.013493684,4.021659e-05,1.307143,5.295404,8.25193,-0.011427275,0.018170347,0.003462951,11.10047,-1.3136904,-0.30104518,-0.007069458,0.010787912,0.027356213,7.574918,-7.356313,-1.9501677,-0.0008224804,0.014298552,0.012957905
7.480769,-6.428229,-5.821972,-0.061922498,0.004313285,0.009619364,-0.004468496,1.3476181,5.2773438,8.256878,-0.004166589,0.025768325,0.012846798,11.177153,-1.3169487,-0.28879505,-0.0040662433,0.020477857,0.016201539,7.635267,-7.361301,-1.9627533,-0.01144108,0.017894551,0.003977918
7.5,-6.410924,-5.799765,-0.032425255,-0.0036939012,0.01028417,-0.005912962,1.3970845,5.303574,8.267812,-0.011419433,0.019987764,0.01183753,11.209344,-1.3196927,-0.2995944,-0.011447302,0.018453652,0.016880173,7.6833754,-7.3692346,-1.9546847,-0.0029210486,0.013551073,0.0064678635
7.519231,-6.3370323,-5.811951,-0.07669459,-0.0013743531,0.0069957953,-0.013006776,1.4453781,5.285361,8.267312,0.0028185763,0.024288146,0.00081269525,11.251629,-1.3317374,-0.29825988,-0.001667681,0.015233635,0.0104274405,7.7158575,-7.3675017,-1.9726449,0.0025768904,0.014391215,0.012880733
7.5384617,-6.3085365,-5.827437,-0.03922451,0.00020137067,0.00040545937,-0.00810583,1.4636523,5.2905393,8.256516,-0.005420926,0.014447236,0.008017349,11.28303,-1.3281995,-0.2824185,-0.009743505,0.012781865,0.01918999,7.7623725,-7.3572135,-1.9774643,-0.0021044794,0.0070193266,0.016709808
7.5576925,-6.2688985,-5.817834,-0.06814454,-0.0038947056,-0.0003193352,-0.008231878,1.505074,5.2923236,8.275926,-0.003227771,0.018578779,0.013392918,11.327075,-1.3182675,-0.28840137,-0.007398642,0.0007071462,0.010822849,7.7797127,-7.3635235,-1.9529783,-3.9618826e-05,0.0133587,0.013308524
7.576923,-6.270279,-5.8304653,-0.06641366,7.036408e-05,0.0015435714,-0.009502925,1.5283642,5.291668,8.268713,-0.009478012,0.019037131,0.015594505,11.343658,-1.3376122,-0.27843514,-0.014804143,0.0037355798,0.01444789,7.8200254,-7.3588853,-1.9691316,-0.0041508796,0.0027463695,0.0046904935
7.5961537,-6.231921,-5.82766,-0.058593985,-0.003945463,0.006651641,-0.0011389314,1.5717438,5.297903,8.251972,-0.0045926357,0.013990808,0.00894265,11.379277,-1.3162347,-0.2949358,-0.005887764,0.006337187,0.022650003,7.8589864,-7.366574,-1.9532397,-0.0033672112,0.00024153816,0.011117815
7.6153846,-6.1961384,-5.8062506,-0.06345981,-0.0033096026,0.0049158777,0.0004024843,1.5973074,5.281803,8.260841,-0.006343195,0.011080925,0.026536573,11.3904915,-1.3136967,-0.286015,-0.011871608,0.002766266,0.02129581,7.8747287,-7.353497,-1.9612845,0.0023351698,0.008460104,0.0059660426
7.6346154,-6.171288,-5.8290915,-0.05326456,-0.0034042255,0.0013223755,-0.0077189105,1.6234946,5.267594,8.245807,-0.012171122,0.015474241,0.00924661,11.417838,-1.3298107,-0.28400904,0.0018201541,0.007765039,0.015209748,7.8961473,-7.372831,-1.9470155,-0.0062311883,-0.002484511,0.010613876
7.6538463,-6.174099,-5.8198514,-0.05716677,-0.0061482694,-0.00867794,-0.009460401,1.6154197,5.285859,8.270428,-0.0056061693,0.009429629,0.0067064455,11.428656,-1.287567,-0.29346138,-0.008491241,0.007957927,0.012753062,7.902784,-7.360374,-1.9468279,0.0025093518,0.002494904,0.009271787
7.673077,-6.179982,-5.8414907,-0.062087424,0.0023900983,0.0022627101,-0.0001828631,1.6307107,5.258594,8.263003,-0.0037379584,0.017806636,0.014371776,11.446692,-1.3299754,-0.3020318,-0.0039508236,0.004210357,0.014456894,7.893203,-7.3609543,-1.958799,-0.004909411,-0.012365097,0.0009037639
7.6923075,-6.1450706,-5.835799,-0.06046111,0.00377431,0.003882445,-0.0036089488,1.6353503,5.28588,8.2660055,-0.0063461694,0.014655529,0.007847972,11.44188,-1.338103,-0.29406285,-0.012162826,0.00907429,0.02499318,7.8911767,-7.3433414,-1.9504998,-0.01923778,-0.001182601,0.008403196
7.7115383,-6.1532526,-5.830997,-0.05145959,-0.0024793888,-0.011075725,-0.004948951,1.6375057,5.260564,8.244739,-0.008434522,0.0033827466,-0.0042435946,11.454853,-1.3177608,-0.2946057,-0.009900656,-0.00044574117,0.016070766,7.918953,-7.377507,-1.9749099,-0.0039101797,-0.006132241,0.009520066
7.730769,-6.157332,-5.825891,-0.06926338,0.00061278115,-0.008636863,-0.0016693017,1.645732,5.2853827,8.271788,-0.008365021,0.006092544,0.00632744,11.441259,-1.3211842,-0.2987526,-0.0059633823,-0.0027840117,0.009187753,7.891493,-7.338629,-1.9724056,0.0040814946,-0.0016207616,0.0073892903
7.75,-6.182686,-5.8163695,-0.054704543,0.0061114985,-0.011061789,-0.008742697,1.6354933,5.2946157,8.258531,-0.010464161,0.0011372428,-0.0008224632,11.440922,-1.3226347,-0.30032304,-0.0043018986,-0.00522855,0.01130255,7.904413,-7.3417883,-1.9460754,-0.0070062177,-0.0056798225,0.012159401
7.769231,-6.189649,-5.8102403,-0.03901992,-0.002994396,-0.015842566,0.004433354,1.6096814,5.2981887,8.249986,-0.005363255,-0.00049958116,0.0043405294,11.449561,-1.3234673,-0.29586184,-0.008227358,-0.0048531205,0.014333391,7.888953,-7.3571033,-1.9657633,-0.005456532,-0.00645375,0.0008009785
7.7884617,-6.1999707,-5.8082404,-0.04913169,-0.0030173764,-0.009848918,0.008743205,1.5931288,5.302586,8.247295,0.0018988766,0.0003835821,0.010263158,11.399397,-1.3131201,-0.2796421,-0.013680162,-0.0025730545,0.01383015,7.8529387,-7.3735313,-1.9759417,-0.002641671,-0.010019666,0.012153916
7.8076925,-6.200143,-5.80712,-0.049792193,-0.0019523391,-0.010332995,-0.006775606,1.5708535,5.3011875,8.267137,-0.0052094343,-0.005389812,0.0038713678,11.392388,-1.327451,-0.29311523,-0.004345378,-0.0018188725,0.012603388,7.8337774,-7.3536177,-1.9478021,-0.005112403,-0.011909618,0.0109179765
7.826923,-6.261214,-5.8183284,-0.05029263,0.0026460814,-0.017148633,-0.009586243,1.5484585,5.2755466,8.256649,-0.0124925785,-0.011818663,0.0022781913,11.338342,-1.3182572,-0.29733205,-0.00931742,-0.008900533,0.014024139,7.8152843,-7.359158,-1.9561695,0.0016821205,-0.0076971585,0.021902941
7.8461537,-6.26394,-5.802263,-0.05807323,0.0028031021,-0.012011083,-0.009519203,1.4967239,5.2852297,8.274653,-0.0048282165,-0.006857715,0.004802006,11.33138,-1.3114697,-0.2753409,-0.009641976,-0.009009328,0.018279692,7.8083773,-7.3616104,-1.9444982,-0.011261195,-0.012920196,0.008501008
7.8653846,-6.3217216,-5.8362117,-0.043777112,0.0060204268,-0.022771081,-0.012297433,1.4833645,5.2830987,8.261814,-0.003949227,-0.011547976,0.0047061387,11.29875,-1.3282021,-0.28656313,-0.017669328,-0.012665844,0.011076017,7.748882,-7.3549,-1.9526345,-0.009359276,-0.015436356,0.014811183
7.8846154,-6.3622084,-5.8138046,-0.034849577,-5.6759595e-06,-0.027975358,0.0010047609,1.4288373,5.2811384,8.245285,-0.010684312,-0.0063449633,0.014018191,11.235133,-1.3295273,-0.29180554,-0.009423864,-0.02171484,0.010256703,7.700426,-7.359404,-1.9709828,-0.00021833823,-0.018812716,0.008671879
7.9038463,-6.4024367,-5.834713,-0.04973793,-0.007206711,-0.02239813,-0.0077774394,1.3838134,5.2809525,8.261146,-0.0014967036,-0.00829974,0.008967172,11.198285,-1.3003188,-0.2847742,-0.0053906892,-0.022809055,0.021805981,7.6783905,-7.3718643,-1.9507848,-0.002725271,-0.02402181,0.008767618
7.923077,-6.466501,-5.8250427,-0.07277573,-0.004324843,-0.022370057,-0.006565747,1.3389343,5.2738633,8.240817,-0.009430738,-0.008307913,0.014657445,11.161441,-1.3312852,-0.27864155,-0.010921903,-0.019775067,0.020505015,7.607278,-7.3469586,-1.973594,0.0019425257,-0.022545263,0.00901072
7.9423075,-6.488872,-5.8015795,-0.053297184,0.0006048089,-0.034388524,0.00014628911,1.2846873,5.29119,8.265168,-0.0016497995,-0.014985461,0.009105148,11.098223,-1.3138936,-0.30336696,-0.009915627,-0.018828666,0.0031230897,7.558664,-7.357856,-1.9620831,-0.004931731,-0.025694266,0.015975948
7.9615383,-6.5642962,-5.817755,-0.054546483,0.0053773304,-0.028478194,-0.008008298,1.2423344,5.268785,8.254013,-0.0070649288,-0.019325405,0.014809988,11.062827,-1.3288205,-0.30041707,-0.007364813,-0.015408753,0.009625514,7.5102634,-7.3549113,-1.9702033,0.00068622886,-0.03270316,0.0047998535
7.980769,-6.6124825,-5.851766,-0.06640867,-0.0032524776,-0.029515253,-0.009020508,1.1633955,5.269398,8.261121,-0.010262444,-0.004511127,0.009641164,10.996113,-1.3104846,-0.2804626,-0.018377572,-0.016618375,0.01975939,7.470822,-7.3497376,-1.9742048,-0.0063139554,-0.021054085,0.0068550794
8.0,-6.658792,-5.82628,-0.057054754,-0.0012574579,-0.01823825,-0.0070630363,1.1048766,5.276836,8.260625,0.0010294367,-0.008812732,0.0015296022,10.915419,-1.3240584,-0.30263352,-0.00075268175,-0.021478074,0.016303917,7.396522,-7.35839,-1.9630923,-0.0029088317,-0.0277371,0.009369483
8.019231,-6.7265353,-5.8208733,-0.055604722,-0.0026722997,-0.038220175,0.0005209169,1.0528939,5.276874,8.251492,-0.008870118,-0.018370671,0.0065430356,10.852043,-1.3089302,-0.27938002,-0.0004966202,-0.019040931,0.011666852,7.3302803,-7.354098,-1.9688383,0.0036172345,-0.019782905,0.0027374548
8.038462,-6.810432,-5.824854,-0.05617214,0.0037071162,-0.026256146,-0.0024313878,0.98255754,5.273319,8.253898,-0.01897904,-0.015212141,0.004190366,10.80302,-1.315905,-0.288597,-0.007762014,-0.021814782,0.013830461,7.256153,-7.3479147,-1.9608802,-0.0046701645,-0.037040725,0.007088214
8.057693,-6.87302,-5.8253465,-0.053563498,0.008095221,-0.024254685,-0.011898947,0.8973173,5.2693515,8.270286,-0.0075953607,-0.022126002,0.017736476,10.72265,-1.3283018,-0.29058373,-0.0049334415,-0.028038895,0.021876263,7.1889024,-7.362907,-1.9657485,-0.002617428,-0.027176507,0.022473056
8.076923,-6.954343,-5.8203635,-0.05299293,0.0077843377,-0.02976736,-0.001751618,0.8375377,5.2970085,8.248717,-0.009810667,-0.020821063,0.010977153,10.641394,-1.3309026,-0.28671578,-0.0048658377,-0.0211663,-0.0029986799,7.1132555,-7.338855,-1.9494907,0.008113077,-0.035594102,0.0070186364
8.096154,-7.022235,-5.821772,-0.052961066,0.0028564422,-0.03828131,-0.0024128282,0.7772359,5.3018284,8.247302,-0.006604661,-0.01855371,0.01470628,10.581766,-1.3182895,-0.29543245,-0.0046056714,-0.026623406,0.0069767646,7.0462637,-7.354173,-1.9824265,-0.0075678085,-0.03260668,0.016678838
8.115385,-7.0934095,-5.8205967,-0.058779597,-0.0006389045,-0.037834786,0.0018384482,0.6826691,5.29529,8.254407,-0.0069264797,-0.010686112,0.0038175578,10.480174,-1.3235435,-0.30910215,-0.008819207,-0.031060206,0.012431442,6.9602222,-7.366065,-1.9556698,-0.00640734,-0.03134572,0.01547549
8.134615,-7.170201,-5.8277473,-0.053507794,0.002866728,-0.029534869,-0.0126001015,0.6070643,5.2759843,8.271416,-0.0029735474,-0.020343326,0.0047518387,10.431087,-1.3098419,-0.29718524,-0.009290706,-0.03204175,0.013238697,6.8731318,-7.3494544,-1.9532526,0.0021718834,-0.03254028,0.017370608
8.153846,-7.273596,-5.8261466,-0.05297076,-0.0056166756,-0.03864791,-0.011826068,0.5089243,5.2766805,8.257359,-0.003289058,-0.019972641,0.011000376,10.324782,-1.3230523,-0.30030844,-0.012439357,-0.023197645,0.013054192,6.8068643,-7.3668594,-1.9593067,-0.0076774796,-0.030555349,0.011120727
8.173077,-7.3476024,-5.8165574,-0.054348856,0.0010331423,-0.03666805,-0.009791392,0.43550768,5.2765136,8.254401,-0.017242134,-0.01706383,0.0053280266,10.253294,-1.3221282,-0.26058835,-0.011393699,-0.03980662,0.020230338,6.7071905,-7.36306,-1.9388366,-0.002924615,-0.027985038,0.0164006
8.192307,-7.43281,-5.850924,-0.055551495,0.0035584231,-0.042120542,-0.0017893384,0.35903206,5.2860746,8.260351,-0.005469284,-0.017723285,-0.0005604379,10.169874,-1.3203967,-0.29326794,-0.007495623,-0.028732704,0.014983316,6.6183605,-7.36393,-1.9663116,-0.0084300805,-0.040559225,0.019474825
8.211538,-7.516829,-5.8409934,-0.06123342,-0.006917496,-0.03715839,-0.014715692,0.27039114,5.290474,8.252848,-0.005923868,-0.015032921,0.008871722,10.095586,-1.3017782,-0.3213892,-0.0036081916,-0.03624912,0.01856701,6.5424643,-7.371227,-1.9528894,0.0063678515,-0.039828125,0.0009509531
8.230769,-7.619523,-5.812084,-0.06487771,0.0024188224,-0.037043363,-0.0025723036,0.174912,5.2947655,8.257943,-0.0012442984,-0.023994695,0.008002848,10.005746,-1.3321315,-0.28024393,-0.0011959717,-0.03239502,0.014942304,6.477023,-7.3621573,-1.9436649,-0.00037737205,-0.037433345,0.008733519
8.25,-7.7016425,-5.846432,-0.044616934,-0.0019068794,-0.03856259,-0.010882316,0.084946975,5.2961855,8.249166,-0.0113479,-0.028445086,0.014211782,9.914959,-1.3197035,-0.2879875,-0.018429048,-0.031011797,0.015931016,6.3680515,-7.3580856,-1.9875884,-0.0040417938,-0.034041576,0.012227352
8.269231,-7.789479,-5.837729,-0.03674285,-0.002516366,-0.0319939,-0.0005748735,0.013322287,5.2735815,8.263171,0.0006822453,-0.02848403,0.010858672,9.82434,-1.3152493,-0.2877858,-0.014584801,-0.028565386,0.018960299,6.291407,-7.3535876,-1.9516474,-0.0031139737,-0.040629536,-0.00055462576
8.288462,-7.845266,-5.836294,-0.0406702,-0.0011219588,-0.034813195,-0.008759126,-0.09268885,5.2993093,8.285535,0.0036646987,-0.02293143,-0.0012710263,9.732402,-1.3270938,-0.27212772,-0.003915285,-0.02451491,0.016615776,6.2002726,-7.3637733,-1.9708126,-0.0077539077,-0.03653541,0.001163425
8.307693,-7.9397416,-5.8265023,-0.043160092,0.012331722,-0.028862437,-0.0058023753,-0.15901145,5.283627,8.248294,-0.006811199,-0.020250652,0.008362733,9.636332,-1.3341169,-0.30644187,-0.010828823,-0.033961374,0.022144444,6.11349,-7.356868,-1.9651272,-0.004153471,-0.045152683,0.012268501
8.326923,-8.03075,-5.835822,-0.053902164,-0.005589336,-0.035032734,-0.014106452,-0.23284425,5.2968655,8.244546,-0.004782458,-0.024066688,0.006042006,9.581373,-1.3114275,-0.29979295,-0.0024240545,-0.032314062,0.014004261,6.0453,-7.350129,-1.9630284,-0.00052061386,-0.029806575,0.0055214614
8.346154,-8.129166,-5.8396015,-0.060594067,-0.0014152982,-0.023211092,-0.003964855,-0.31814623,5.2934957,8.256476,-0.008248753,-0.020374311,0.0043512653,9.473922,-1.3237919,-0.28744727,-0.0047300705,-0.024165083,0.018347215,5.9601994,-7.376515,-1.9616737,-0.006479953,-0.03385967,-0.0009181573
8.365385,-8.19767,-5.8193965,-0.03673246,-0.0008647508,-0.0284122,-0.01307859,-0.38925552,5.2688813,8.242649,-0.013571373,-0.019618217,0.00082167925,9.422989,-1.3242931,-0.28277737,-0.005786117,-0.030187892,0.013823434,5.873205,-7.339145,-1.9513803,-0.0036223873,-0.03807567,0.0079425
8.384615,-8.255343,-5.8237524,-0.048233707,0.008543674,-0.030357717,-0.0016926937,-0.46251485,5.3015504,8.257851,-0.009934431,-0.020780938,-0.0018199125,9.342329,-1.3167293,-0.28779218,-0.0050103776,-0.029324261,0.0114664035,5.8097987,-7.364393,-1.9782469,-0.0011942853,-0.01966415,0.004988976
8.403846,-8.334612,-5.8058987,-0.046038568,-0.0019466992,-0.017735664,-0.008550886,-0.5289478,5.296513,8.266055,-0.008882859,-0.011759567,0.009844815,9.289788,-1.3380969,-0.29767746,-0.013493856,-0.0209642,0.012869374,5.751119,-7.3612256,-1.9659423,0.008247484,-0.03237702,0.011617834
8.423077,-8.3867235,-5.8013234,-0.05152523,0.0027140959,-0.023113616,0.0030097922,-0.58990157,5.273744,8.2712555,-0.0065743662,-0.01812127,0.014116652,9.226964,-1.3151408,-0.2735549,-0.0018985745,-0.020103717,0.014876299,5.6806498,-7.346036,-1.9596964,0.0071028923,-0.017253093,0.008588718
8.442307,-8.429394,-5.8205776,-0.059940152,-0.006812241,-0.024321055,-0.016941737,-0.6436407,5.3009005,8.239891,-0.005508717,-0.009346616,0.008043391,9.163868,-1.3138049,-0.29491696,-0.0005604675,-0.020697873,0.023138009,5.6374936,-7.3759828,-1.9516966,-0.0013677255,-0.023849908,0.0061254995
8.461538,-8.479485,-5.819111,-0.051602133,0.0041716504,-0.021010337,-0.00450784,-0.6864056,5.303169,8.2526455,-0.009427158,-0.0063265488,0.010959402,9.125787,-1.310244,-0.29761758,0.002213247,-0.012919263,0.013393177,5.6079164,-7.388222,-1.9666044,-0.0058942093,-0.012901947,0.0071802763
8.480769,-8.515249,-5.829211,-0.049180295,-0.006475657,-0.014871394,0.0011774029,-0.73059636,5.284652,8.241269,-0.0047747223,0.0029844542,0.0037959332,9.099683,-1.327241,-0.29284263,-0.010681042,-0.008894415,0.006943861,5.5673256,-7.363748,-1.9409374,-0.012598149,-0.011768733,0.0023690083
8.5,-8.511014,-5.8349023,-0.05067711,-0.0044120923,-0.019468667,-0.003953631,-0.75714546,5.288967,8.24881,-0.00083625567,-0.0059582647,0.0063171964,9.072544,-1.3116293,-0.2971972,-0.010231261,-0.00961524,0.021156892,5.5412617,-7.3549833,-1.9739101,-0.000632177,-0.0031086523,0.007892923
8.519231,-8.557192,-5.8342214,-0.047171257,0.0062948097,-0.012639433,-0.0044790665,-0.7511255,5.2874494,8.259322,-0.011635293,0.0035867293,0.0018408279,9.050777,-1.3238527,-0.3066368,-0.004377052,0.0056781247,0.01072671,5.5094023,-7.354548,-1.9636828,-0.007008873,-0.006259371,0.0140342405
8.538462,-8.533661,-5.8243895,-0.026491513,0.006926518,-0.0017895633,-0.0032346088,-0.76628506,5.2762227,8.24865,-0.0031564522,0.013967733,0.0052493913,9.047988,-1.3316319,-0.28983146,-0.01086256,-0.0017993124,0.017731572,5.51563,-7.354155,-1.9593476,0.006057775,0.0013914128,0.01024966
8.557693,-8.541891,-5.8178525,-0.0606386,0.0015008758,-0.0028130943,0.003583606,-0.74838287,5.2719283,8.24738,-0.021266334,0.017577622,0.013973788,9.076361,-1.3213975,-0.28006122,-0.0075721694,0.0042840242,0.013703536,5.534461,-7.3669724,-1.9453198,-0.0048451386,0.0050570727,0.020080047
8.576923,-8.51449,-5.8257327,-0.057329647,-0.00067774125,0.00077436306,0.0012717459,-0.72323453,5.2822537,8.252947,-0.0027523155,0.008582873,0.009833755,9.060741,-1.3034521,-0.28240612,-0.010396654,0.002683503,0.012083084,5.5200796,-7.3411107,-1.9604111,-0.0036252257,0.0007844437,0.010158466
8.596154,-8.484358,-5.8049426,-0.061971724,0.0019166869,0.00743052,-0.0018709127,-0.71125346,5.2946396,8.2664,-0.006229945,0.017147625,0.0067479773,9.116603,-1.3224199,-0.2899272,-0.007462675,0.015475364,0.01606178,5.5774302,-7.365755,-1.9598272,0.0037137084,-0.002053528,0.010801886
8.615385,-8.469596,-5.8120937,-0.05662566,0.0066036903,0.00059502356,-0.0085755,-0.6863881,5.288783,8.265862,-0.021976605,0.025830446,0.004041296,9.156404,-1.3247181,-0.2881141,-0.0064696088,0.016307125,0.01540534,5.6028748,-7.357749,-1.9705169,0.00018875497,0.0023497723,0.008871282
8.634615,-8.417933,-5.832067,-0.06570009,0.001519923,0.007053337,-0.0048635327,-0.6565726,5.284617,8.245823,-0.0027762165,0.018420886,0.0052507534,9.154448,-1.3045772,-0.2925644,-0.016617727,0.00962864,0.017320463,5.625939,-7.3581,-1.9478735,-0.003319007,0.008764049,0.01199422
8.653846,-8.385851,-5.818906,-0.059022345,-0.0026555827,0.004883518,-0.009842001,-0.60338646,5.2884874,8.271725,-0.0014618158,0.023184527,0.0052196076,9.217244,-1.3225106,-0.27176127,-0.009425443,0.016970066,0.016518274,5.685303,-7.362499,-1.9528322,-0.006918671,0.013311405,0.008872547
8.673077,-8.315444,-5.816239,-0.063916236,-0.0033197172,0.013410593,-0.0050140214,-0.5613934,5.264306,8.255456,-0.0033908163,0.02508078,0.009378753,9.268304,-1.3116809,-0.26785472,-0.0132652735,0.0075896503,0.006985653,5.715604,-7.3642373,-1.9625063,-0.0064120577,0.013080973,0.0049163653
8.692307,-8.294585,-5.8276815,-0.045776207,-0.0005019632,0.011501242,-0.007091465,-0.50843406,5.296888,8.24102,-0.004916934,0.0257389,0.00049627095,9.319493,-1.3320421,-0.29792857,-0.012978339,0.013234142,0.017974487,5.7846365,-7.382712,-1.9480543,-0.0064249365,0.009917257,-0.0032733956
8.711538,-8.232474,-5.821498,-0.05056905,-0.0034402155,-0.001383391,-0.006923251,-0.455767,5.288223,8.275808,-0.012803822,0.018992264,-0.0008837107,9.351324,-1.3263819,-0.27639788,-0.017026471,0.02294328,0.0151285995,5.837126,-7.364295,-1.961715,-0.006634914,0.0056099473,0.008876504
8.730769,-8.203401,-5.8234935,-0.048863493,0.002152745,0.0077568116,-0.007920279,-0.41190088,5.2773013,8.259575,-0.0061976607,0.017278504,0.0026940468,9.39156,-1.3302649,-0.29304433,-0.0073805936,0.013514807,0.019644504,5.872918,-7.3616514,-1.9510369,0.00077185326,0.0076782308,0.013838227
8.75,-8.183658,-5.816807,-0.044267796,0.0003285688,0.008240905,-0.013316451,-0.3834034,5.2685323,8.267333,-0.0072823167,0.023598257,-0.0007107371,9.436563,-1.3258016,-0.30595398,-0.0059742066,0.0125136,0.011290678,5.8819942,-7.3585176,-1.9597553,-0.010420056,0.016455257,0.010303355
8.769231,-8.1159315,-5.8311043,-0.045003228,0.0054665925,0.009507164,-0.0008774961,-0.33798426,5.2840257,8.249873,-0.0015369251,0.017651984,0.007271539,9.476662,-1.313145,-0.30115327,-0.010869225,0.015547661,0.012984134,5.9780946,-7.3471313,-1.9425417,0.00243549,0.0027429168,0.008606302
8.788462,-8.086312,-5.8267174,-0.042044327,0.0040522446,0.007701944,-0.010535277,-0.30869082,5.256371,8.247864,-0.0033032813,0.014135506,0.011242406,9.505068,-1.3398074,-0.30112007,-0.011051508,0.007121572,0.015640216,5.971426,-7.360488,-1.9705119,-0.0060845674,0.0061217425,0.009748861
8.807693,-8.066523,-5.8166795,-0.039132856,0.0032371115,0.0008468231,-0.0058156294,-0.282361,5.277118,8.253575,-0.016810236,0.0086689675,0.0031793227,9.52437,-1.3093815,-0.2877992,-0.00957812,0.0030067163,0.023246072,5.989495,-7.362995,-1.9558524,-0.0044298745,0.010552692,0.010527036
8.826923,-8.052593,-5.8164306,-0.043722965,0.0041120145,0.004314961,-0.0068997755,-0.25445008,5.2940845,8.266943,-0.00818751,0.0069551035,0.017867012,9.567792,-1.3154197,-0.29194143,-0.004162493,0.0060326285,0.01899459,6.0244317,-7.3655086,-1.9731867,0.0020680195,0.006576081,0.014167099
8.846154,-8.006278,-5.829038,-0.05687661,0.0029529207,0.005473215,-0.006732207,-0.21084589,5.2852335,8.246974,-0.011863513,0.013192607,0.0041891136,9.582522,-1.3114729,-0.30106902,-0.010484619,0.001865771,0.010093342,6.065082,-7.3603125,-1.9426583,8.543079e-05,0.012599238,0.01612093
8.865385,-7.978809,-5.821114,-0.05347003,0.0020367848,0.00079791836,-0.008329532,-0.2023405,5.283647,8.236829,-0.010213958,0.012876123,0.006999155,9.611847,-1.3406417,-0.27241266,-0.011802133,0.00678015,0.015333847,6.052959,-7.357499,-1.9659623,-0.0009836926,-0.005991806,0.009395316
8.884615,-7.976539,-5.8078613,-0.061176676,0.0059484746,-0.00660167,-0.009994012,-0.1935379,5.2708845,8.274526,-0.013743894,0.0061944015,0.013086225,9.624148,-1.3207406,-0.29951677,-0.0071815937,0.0066098142,0.007860789,6.062736,-7.35881,-1.9566079,0.0026651085,0.0031440407,0.017280271
8.903846,-7.9573336,-5.8274536,-0.051834583,0.0004758981,0.0008538912,-0.0006434063,-0.16414827,5.2910066,8.287537,-0.017610217,0.0050401813,0.014213775,9.636417,-1.3217038,-0.28793088,-0.00876385,-0.0025512672,0.0152608445,6.1017995,-7.3590484,-1.9634198,-0.003761613,-0.0066194637,0.008400758
8.923077,-7.950666,-5.815404,-0.053755045,-0.0075260643,-0.002375819,0.00096180546,-0.15066141,5.2857456,8.259645,-0.002623419,0.0045008585,0.0033847764,9.642912,-1.3220891,-0.28151998,-0.0081944335,0.011406486,0.012477099,6.106781,-7.367441,-1.9749355,-0.014246158,0.009940194,0.011511019
8.942307,-7.943251,-5.8047113,-0.046601955,0.004372025,0.0046883193,-0.005610565,-0.14601946,5.281523,8.259044,0.00015107756,0.008516439,0.0047562034,9.659054,-1.3143258,-0.3051106,-0.004174655,-0.0018131111,0.01886266,6.135437,-7.3570886,-1.9555093,-0.003869163,-0.00991123,0.0062016924
8.961538,-7.9289427,-5.836953,-0.054857332,0.005531915,-0.0034199087,-0.008828058,-0.16158351,5.2940826,8.25914,-0.009294073,0.0058167297,0.0040928475,9.682887,-1.3185779,-0.29581612,-0.0097472295,0.00090471905,0.018249158,6.1523447,-7.3526134,-1.9745617,0.0022266116,-0.009276858,0.008711733
8.980769,-7.9079995,-5.8151617,-0.062932156,0.0017528033,-0.002108564,-0.0005678779,-0.13077125,5.2843146,8.267103,-0.0022313057,0.011812551,0.00055456336,9.688487,-1.3118505,-0.2829517,-0.008996228,-0.005758268,0.015346521,6.1499887,-7.3500543,-1.9526685,-0.011703768,0.0028092107,0.014134356
