t,s1_ax,s1_ay,s1_az,s1_gx,s1_gy,s1_gz,s2_ax,s2_ay,s2_az,s2_gx,s2_gy,s2_gz,s3_ax,s3_ay,s3_az,s3_gx,s3_gy,s3_gz,s4_ax,s4_ay,s4_az,s4_gx,s4_gy,s4_gz
0.0,2.2999096,-5.963752,-7.4465685,-0.0023736225,-0.006572049,0.003928976,-3.2592883,-5.358299,-7.5621505,0.0045714127,-0.008097096,0.0059140483,-7.811862,-5.1541953,-2.898471,0.0034271902,-0.0065023554,-0.007130145,8.768681,-4.314436,0.2164621,0.0013971688,-0.0031515867,-0.010023356
0.01923077,2.2922683,-5.9266005,-7.3926067,-0.013234998,-0.012986191,0.0063290135,-3.2710145,-5.312184,-7.5743685,-0.005293306,-0.0022980496,0.0011921005,-7.7939706,-5.1333456,-2.9383733,-0.00509931,0.0018004955,-0.0021573475,8.802497,-4.3326917,0.24620229,0.0010566133,-0.012100504,-0.003368761
0.03846154,2.2985275,-5.930403,-7.43642,0.0037727244,-0.0035565302,0.0020751394,-3.2632859,-5.264941,-7.5768995,0.0026364073,-0.0064787273,-0.0061298977,-7.8040495,-5.182003,-2.9080842,-0.0055351853,0.005736036,-0.0049054627,8.772238,-4.3412232,0.19962554,-0.0041511995,-0.0011749589,-0.0047817924
0.057692308,2.3024223,-5.971417,-7.4182177,0.006977875,0.004291403,0.0181096,-3.2513618,-5.3397655,-7.5538054,0.0007100976,-0.0034908643,-0.012514615,-7.8199267,-5.2199364,-2.9622808,0.0052260184,-0.005770753,-0.004847903,8.806598,-4.3382683,0.23097849,-0.0071336105,0.018858636,-0.020528462
0.07692308,2.274727,-5.959527,-7.446381,0.00043590373,-0.008680642,0.008335257,-3.240736,-5.3301406,-7.543717,0.006340635,0.0006694349,-0.0033097968,-7.8485417,-5.1548324,-2.9492962,0.0036924365,0.006229559,-0.004153093,8.771833,-4.3342714,0.21228474,-0.011677133,-0.0023131648,0.0013425243
0.09615385,2.3099198,-5.99368,-7.441018,-0.0060307775,-0.010323426,0.01438487,-3.2969306,-5.326824,-7.548234,-0.00145774,0.0041891253,0.00042870722,-7.788336,-5.1551633,-2.9189978,0.0016615505,0.00022352819,-0.004186931,8.803507,-4.3690376,0.22009504,-0.005493042,0.0038685864,-0.011229858
0.115384616,2.3000908,-5.949509,-7.425149,-0.00034346659,-0.01513586,0.0038831905,-3.3049855,-5.306248,-7.573208,0.0042528217,-0.005284071,-0.00062715216,-7.8090014,-5.130745,-2.8814938,0.0153167825,0.0013941356,-0.0032694328,8.812298,-4.3372407,0.21066691,0.00062628323,-0.0028101322,-0.01518939
0.13461539,2.294746,-5.965259,-7.4418526,-0.009461603,-0.0123838885,0.00869599,-3.3077295,-5.349724,-7.5877347,0.0080148615,0.0014955306,0.0033172648,-7.8115325,-5.1078196,-2.8663225,-0.008853614,0.0056891795,-0.0029804579,8.818244,-4.338487,0.229411,-0.01651044,-0.00096645043,-0.0066399802
0.15384616,2.3154554,-5.961048,-7.446956,0.0067582694,-0.016615724,-0.0029221268,-3.3006272,-5.319192,-7.571699,0.0024153318,-0.008587378,-0.00475453,-7.8124557,-5.1959524,-2.970267,-0.0007992732,-0.0059372084,-0.0063532563,8.767645,-4.333216,0.24815637,-0.014188425,-0.0031262028,-0.00060852955
0.17307693,2.294894,-5.930275,-7.4794483,-0.0039755567,-0.010226808,0.013290175,-3.2647083,-5.3369694,-7.5853534,0.00079685444,-0.014245205,0.013928227,-7.8109775,-5.2151194,-2.9606543,-1.8353592e-05,-0.007216862,-0.015191363,8.762595,-4.3601904,0.25138852,-0.011794002,0.00030182677,-0.0118035795
0.1923077,2.3599722,-5.9903607,-7.4231553,0.006856921,-0.0029676594,0.008849636,-3.268001,-5.3028855,-7.595731,-0.0011811337,0.00020558831,0.0040078675,-7.8097076,-5.2218556,-2.9875686,0.0073272116,0.0019693777,0.004433331,8.748159,-4.3580513,0.20948699,-0.00381337,0.010170132,-0.0057884874
0.21153846,2.3318481,-5.9237776,-7.447479,-0.0022494593,-4.869911e-05,0.010838498,-3.286259,-5.3080406,-7.545351,0.004358488,-0.013513948,-0.0011608568,-7.8620644,-5.1798124,-2.9116633,0.019427963,-0.003179086,-0.004104113,8.793883,-4.342007,0.2172287,-0.005133287,0.0017768918,0.0054471954
0.23076923,2.325502,-5.961502,-7.4335227,-0.009838558,-0.017797366,0.0027161716,-3.303994,-5.3116965,-7.5230403,-0.004143405,-0.008121825,0.004508182,-7.8164873,-5.060393,-2.803733,0.009951539,0.005517165,-0.007165465,8.796145,-4.324143,0.19677232,-0.0022600805,0.0020281465,-0.0033115267
0.25,2.3407443,-5.975864,-7.4156303,0.0032070854,-0.0075628166,0.010988542,-3.3024647,-5.332145,-7.609861,0.0011901736,-0.011201761,-0.0054686274,-7.772743,-5.0930037,-2.7131302,0.00054520793,0.0019254142,-0.003649729,8.774808,-4.3487215,0.23510112,0.00050212996,-0.010720061,-0.012296465
0.26923078,2.3159509,-5.9443583,-7.42064,-0.004099507,-0.014669736,0.009909457,-3.272226,-5.29464,-7.542066,0.0014329454,-0.0030839613,0.0061058803,-7.7574854,-5.078555,-2.7456913,-0.01127948,0.002560373,-0.0060113403,8.784354,-4.376837,0.21706134,-0.0051168916,-0.011066421,-0.0057272282
0.28846154,2.3100178,-5.9406776,-7.40093,-0.0023656855,-0.0064976285,0.0029473938,-3.2665875,-5.313474,-7.586653,0.012823998,-0.002109826,-0.004224816,-7.867708,-5.181762,-3.0123444,-0.027180498,-0.016182793,-0.023607869,8.750409,-4.368211,0.24384576,-0.009016266,-0.0033207487,-0.009934155
0.30769232,2.30824,-5.9722295,-7.4140224,-0.0013902325,-0.00943523,0.006464436,-3.2790027,-5.3240724,-7.548617,0.012648474,-0.01247841,0.010635568,-7.8142858,-5.2893434,-3.184649,-0.008957861,-0.015499579,-0.014427544,8.78611,-4.3433027,0.2189937,-0.012048902,0.011086433,0.005843242
0.32692307,2.32675,-5.952476,-7.419991,-0.0077261752,-0.009283423,0.007982918,-3.267057,-5.3263645,-7.5289407,0.0055891345,-0.009974518,0.006229358,-7.866644,-5.276178,-3.2331264,0.013386584,-0.0037713486,-0.0043666777,8.801473,-4.353593,0.24723755,-0.010753345,0.013425662,0.007984682
0.34615386,2.2767098,-5.9751644,-7.4146523,-0.010255211,-0.0015367143,0.0048283404,-3.2772698,-5.3385854,-7.5243235,-0.00023030769,0.0013210664,0.0049221935,-7.8497076,-5.188205,-3.025425,0.03739102,0.0014069786,0.011464119,8.812444,-4.343463,0.20395154,-0.01064043,0.00900565,0.020200538
0.3653846,2.3253992,-5.9533315,-7.421682,-0.004723978,-0.011460673,0.0054407516,-3.2713668,-5.352261,-7.5834312,0.003836044,0.00029050725,-0.0013276276,-7.772466,-5.0531945,-2.6295273,0.03294718,-0.0064765317,0.017976308,8.803163,-4.360244,0.26823106,-0.00554442,0.0050388426,0.008138439
0.3846154,2.273959,-5.9696436,-7.416331,0.003396256,-0.015409412,0.0013806588,-3.2787404,-5.3222404,-7.5387235,0.00557317,0.0012656071,-0.005226381,-7.753482,-4.916164,-2.409279,0.0024012134,-0.00057886605,-0.0069786306,8.838525,-4.3127937,0.2195155,-0.0022675837,-0.0017150634,-0.012225459
0.40384614,2.2958958,-5.9742274,-7.4211183,-0.0093373805,-0.011589639,0.009045382,-3.2578704,-5.320019,-7.5805416,-0.0005864132,-0.008673909,0.003907693,-7.7768755,-4.9438047,-2.49522,-0.034294132,-0.0066539124,-0.012302091,8.813407,-4.346742,0.2178502,0.0045388825,-0.021237552,-0.029809983
0.42307693,2.3129213,-5.92886,-7.4580116,-0.0081637325,-0.004452261,0.01780384,-3.2558343,-5.348445,-7.553853,-0.002471115,-0.0059073498,-0.0007330377,-7.8480053,-5.1432853,-2.9099371,-0.051154,-0.009612889,-0.03642215,8.765568,-4.3665023,0.21132018,0.007759356,-0.033400595,-0.049529396
0.44230768,2.346996,-5.974989,-7.465553,-0.01031194,-0.013278223,0.014629078,-3.2821846,-5.333751,-7.595215,0.0043249778,-0.0067017926,-0.001133781,-7.8821545,-5.4274583,-3.4340513,-0.023439245,0.0023487795,-0.018284919,8.775287,-4.4013267,0.2430949,0.0048757936,-0.008030216,-0.025685707
0.46153846,2.3533385,-5.979246,-7.4410205,-0.009500322,-0.017054724,0.010075905,-3.2756479,-5.352536,-7.586077,0.0028739085,-0.007060305,-0.005808636,-7.887813,-5.525987,-3.628851,0.023228552,-0.0013629841,0.00025316674,8.732905,-4.4102,0.24952708,-0.010573453,0.0264464,0.009338404
0.48076922,2.3020904,-5.976476,-7.44296,0.002088474,-0.016393011,0.004193398,-3.2511973,-5.3408413,-7.5851765,-0.0034562973,-0.0033454478,-0.002196809,-7.879108,-5.304608,-3.3022854,0.07487762,-0.0015976796,0.011460628,8.742486,-4.362473,0.24392214,-0.02590122,0.05508165,0.06393726
0.5,2.277064,-5.9871235,-7.431318,-0.008621928,-0.014856294,0.01553648,-3.2746477,-5.31702,-7.5747213,0.0034192812,-0.003268348,0.00189156,-7.771252,-5.003292,-2.6454475,0.0655008,0.0024049238,0.02615161,8.78778,-4.261904,0.1769011,-0.03339017,0.06953489,0.08695579
0.5192308,2.333416,-5.95589,-7.435671,-0.006364143,-0.0029980883,0.004844784,-3.2669373,-5.3100624,-7.570981,-0.0030911095,-0.0049381405,0.0013935679,-7.718621,-4.7734356,-2.0969825,0.020483164,0.00096473965,0.0029231515,8.880525,-4.2321963,0.1901479,-0.022097189,0.024714066,0.025820302
0.53846157,2.3041625,-5.8995943,-7.4286714,-0.020274635,-0.00019559657,0.006918439,-3.2372122,-5.321255,-7.5879097,0.0020801618,-0.011565216,0.0060175247,-7.6880627,-4.75141,-2.1635926,-0.032497007,-0.016261797,-0.017092116,8.885195,-4.2389345,0.19174223,0.0015945479,-0.04513838,-0.06712709
0.5576923,2.3057292,-5.967764,-7.442398,-0.0036975676,-0.00239544,0.0011358088,-3.2263618,-5.3183737,-7.603616,0.0016446251,-0.008482388,0.0059335628,-7.809522,-5.0993557,-2.7304025,-0.08009054,-0.014727186,-0.039102484,8.83726,-4.27547,0.1947542,0.039969295,-0.11860483,-0.14393649
0.5769231,2.2750115,-5.969425,-7.419012,-0.0025328083,-0.0024755134,-1.04504e-05,-3.2761366,-5.310451,-7.555881,0.0004117787,-0.0020190224,-0.000112473375,-7.90016,-5.464133,-3.4827924,-0.063047566,-0.016645811,-0.040386386,8.691635,-4.4173307,0.26830742,0.042569976,-0.11588037,-0.14975381
0.59615386,2.3137434,-6.0061526,-7.4048305,-0.0016900825,-0.015046319,0.014912815,-3.2873518,-5.3082476,-7.573797,0.009098559,-0.011279576,-0.004573226,-7.9803243,-5.5963655,-3.8918605,0.012285508,-0.0042034057,0.00025388025,8.626997,-4.551695,0.31583825,0.0056693107,-0.040111136,-0.046600822
0.61538464,2.3687243,-5.996758,-7.4337273,-0.0021825593,-0.0092935,0.005932149,-3.266046,-5.3509,-7.5483236,-0.0037038266,0.000508595,0.0013715707,-7.8723893,-5.431291,-3.5297809,0.08333356,0.00010143055,0.025981933,8.645267,-4.4818726,0.31134197,-0.04294171,0.09113866,0.10992274
0.63461536,2.3201792,-5.9506626,-7.462345,-0.0034106805,-0.0023000287,0.02641919,-3.2895658,-5.29093,-7.555781,-0.004768323,0.00058576674,0.0066349674,-7.783224,-5.1083035,-2.7222795,0.08748096,0.0075734826,0.03499044,8.725097,-4.3976765,0.1978262,-0.08014763,0.19820982,0.22506873
0.65384614,2.292122,-5.9465995,-7.4321427,-0.0037645854,-0.027274754,0.017279288,-3.2532392,-5.3516736,-7.5902486,0.006372254,0.0016014513,-0.00038832752,-7.67524,-4.7319865,-2.062934,0.044801004,0.0006613262,0.022711005,8.879577,-4.1448064,0.17263374,-0.07013298,0.16444853,0.19504312
0.6730769,2.2436762,-5.866024,-7.437711,-0.007833475,-0.0149371065,0.015284887,-3.296553,-5.2838273,-7.53862,0.0009959879,-0.0066155177,0.006937807,-7.730225,-4.737781,-1.9242427,-0.024812488,-0.016099107,-0.020267077,9.025573,-4.0820355,0.0910396,-0.022720067,0.018679645,0.039445486
0.6923077,2.2650285,-5.8578506,-7.4419684,-0.013613485,0.0015336573,0.004826016,-3.2858584,-5.3037057,-7.5394096,-0.004661257,0.00283261,0.0049586617,-7.7532763,-4.9924374,-2.5512934,-0.08525278,-0.017740157,-0.04696046,8.993256,-4.0947013,0.1422875,0.04965026,-0.16002882,-0.18097793
0.71153843,2.3078954,-5.9089394,-7.457672,-0.0010020661,0.0032498229,-0.021858484,-3.274991,-5.3425784,-7.555976,0.004067265,-0.0141901085,0.0084566325,-7.9050813,-5.4129653,-3.4002974,-0.06505253,-0.014915362,-0.046462495,8.801285,-4.327288,0.20674086,0.09475021,-0.25979114,-0.30592433
0.7307692,2.281277,-6.0476675,-7.437703,-0.00084197865,-0.0065554064,-0.02336348,-3.2807086,-5.341633,-7.539488,-0.00055114506,-0.011432877,-0.0033057285,-7.9819417,-5.669078,-3.9079792,-0.012957142,-0.0017526973,-0.0035616157,8.6256,-4.6130395,0.2731109,0.070649736,-0.20462339,-0.24154678
0.75,2.3577867,-6.1516657,-7.465547,-0.00085590966,-0.012412055,-0.0002655314,-3.3243825,-5.3292522,-7.54181,0.007927011,-0.013779966,0.0021986933,-7.904503,-5.5506263,-3.665358,0.058750376,-0.0005927073,0.025095707,8.47681,-4.689886,0.3721181,-0.005943324,-0.006958153,-0.016295405
0.7692308,2.4036682,-6.180673,-7.4117813,-0.0017529234,-0.01246921,0.011422727,-3.2922065,-5.3042197,-7.530255,0.008375817,-0.006979214,-0.0051250164,-7.8105597,-5.1238737,-2.920472,0.09264239,0.008477542,0.040425602,8.571736,-4.5982294,0.2756459,-0.09063205,0.20747744,0.24091133
0.78846157,2.368253,-6.042256,-7.4631443,-0.010509152,-0.010158191,0.051584814,-3.278986,-5.3336153,-7.5738344,-0.000111186055,-0.0012373875,-0.008951748,-7.7041287,-4.7829943,-2.0960047,0.060582746,0.011621706,0.025095325,8.8409,-4.328438,0.17451698,-0.119392745,0.2989823,0.34309474
0.8076923,2.2338104,-5.821924,-7.4155846,-0.0023622653,-0.024114454,0.05863395,-3.2642741,-5.31625,-7.545543,0.007379351,-0.0034482281,0.002728559,-7.667884,-4.6619434,-1.9345878,-0.006766489,-0.009205052,-0.008496854,9.0337715,-4.0090055,0.14360839,-0.08037126,0.21060409,0.24346359
0.8269231,2.1987545,-5.6633263,-7.415428,-0.009043878,-0.014998694,0.036043856,-3.270339,-5.3101573,-7.5545344,0.009050514,-0.0064984495,0.004633012,-7.6956635,-4.8917418,-2.3859,-0.08023773,-0.013408112,-0.035813972,9.12564,-3.963939,0.1044254,0.0034110667,-0.027639396,-0.0464888
0.84615386,2.219633,-5.600306,-7.4755335,-0.005621219,0.0019069434,-0.025166444,-3.3144872,-5.2763095,-7.5536017,-0.0068320865,-0.0026696546,-0.0011397369,-7.8337216,-5.3772645,-3.3150322,-0.07900147,-0.010826715,-0.054991815,9.015529,-4.1047993,0.14890082,0.08605928,-0.24950153,-0.31250942
0.86538464,2.3034215,-5.84906,-7.431182,0.0019123002,0.017218184,-0.06885395,-3.2470982,-5.36082,-7.5833426,-0.004869864,-0.005276258,0.0039233263,-7.968333,-5.6532044,-3.9248111,-0.025491064,-0.0048387735,-0.016155211,8.721696,-4.4053607,0.2558133,0.10784369,-0.32568547,-0.38440084
0.88461536,2.4093926,-6.180709,-7.4260736,-0.0020487723,0.019554459,-0.06254978,-3.3286614,-5.2977257,-7.5747747,-0.002486272,-0.012045701,-0.0041803685,-7.9690485,-5.6053014,-3.8220038,0.0500383,-0.0048224553,0.017157618,8.527089,-4.646923,0.32836568,0.06205434,-0.19177197,-0.22985004
0.90384614,2.4774039,-6.4352202,-7.4364614,-0.010314031,-0.0064070374,-0.016149838,-3.2895658,-5.3269825,-7.552505,-0.0041895085,-0.0067180567,0.009394552,-7.8240757,-5.2218423,-3.072305,0.093185686,0.0137610575,0.02313211,8.43971,-4.7581162,0.3280527,-0.036267262,0.07304159,0.076847225
0.9230769,2.42721,-6.411786,-7.3981314,-0.011612488,-0.024631644,0.06135276,-3.2715693,-5.3328223,-7.5697365,0.0017917594,-0.003831965,-0.0014062696,-7.730811,-4.8042173,-2.20349,0.0676994,0.0075695724,0.025709068,8.588034,-4.590213,0.28088546,-0.1266722,0.27950454,0.32976747
0.9423077,2.321165,-6.085391,-7.425904,-0.007666423,-0.041798916,0.11481884,-3.2752311,-5.3052363,-7.573604,-0.0019585576,-0.010063695,-0.00033211365,-7.639514,-4.630085,-1.8386683,-0.004160267,-0.0034700069,-0.0042354716,8.86404,-4.225677,0.18189706,-0.12763117,0.32479504,0.38251278
0.96153843,2.192887,-5.584732,-7.486338,-0.016001703,-0.03659007,0.099036984,-3.261677,-5.2896323,-7.564691,-0.00065495435,-0.006654008,-0.0068169823,-7.7343693,-4.8019094,-2.2629137,-0.07938466,-0.018325835,-0.042267375,9.118639,-3.9630423,0.1002834,-0.08321787,0.16720363,0.17888719
0.9807692,2.1422708,-5.3218884,-7.4352713,-0.0016948637,-0.0044235922,0.021659909,-3.2584124,-5.292181,-7.588864,0.0018704638,-0.003016464,0.009400405,-7.848612,-5.2858014,-3.1308446,-0.085324734,-0.01963749,-0.04584026,9.149032,-3.9384463,0.07374816,0.02773017,-0.10931929,-0.13199423
1.0,2.1347327,-5.430826,-7.5163264,-0.0043786024,0.017107524,-0.06706588,-3.302086,-5.3162284,-7.5555587,-0.00077699486,-0.00616916,-0.0111188125,-7.94171,-5.5942373,-3.8623188,-0.03548089,-0.016591726,-0.017669024,8.957487,-4.147116,0.14376271,0.10849632,-0.30321527,-0.37781873
1.0192307,2.2575903,-5.914962,-7.4527,-0.0042869328,0.036090195,-0.11735426,-3.2693417,-5.3315206,-7.5682287,0.004615483,0.0060880883,-0.0087326635,-7.965915,-5.589738,-3.9206169,0.029305782,-1.8361845e-05,0.018193418,8.6539,-4.4915237,0.21752201,0.1036563,-0.32839826,-0.37836987
1.0384616,2.4659424,-6.4206634,-7.4162273,0.0015658751,0.025846463,-0.08377695,-3.2717648,-5.3042803,-7.5371823,0.012477107,-0.007361406,0.0018842885,-7.833676,-5.318856,-3.2106469,0.097114764,0.011389954,0.037721805,8.48799,-4.7566743,0.38719845,0.03683404,-0.12844618,-0.14767462
1.0576923,2.530676,-6.709446,-7.4448643,-0.0075262897,-0.00024472075,0.001988433,-3.238691,-5.3150864,-7.5823345,-0.0032076617,-0.0052074455,-0.010990565,-7.7223454,-4.868212,-2.3937178,0.082469285,0.006085757,0.029598756,8.409737,-4.753098,0.33070526,-0.054007277,0.13507953,0.1683896
1.0769231,2.484327,-6.4965024,-7.4234505,-0.0067905737,-0.041483007,0.10767446,-3.2798166,-5.322902,-7.56299,-0.003139575,-0.008572208,-0.01016368,-7.636816,-4.6389794,-1.8769253,0.019974412,0.003740587,0.002765341,8.673362,-4.495047,0.2637249,-0.1315316,0.32527697,0.38639814
1.0961539,2.2700317,-5.95596,-7.4209585,-0.01569519,-0.057013486,0.14761928,-3.2923317,-5.360498,-7.5760274,0.0029246474,-0.0026604196,0.00091684086,-7.685455,-4.8063984,-2.1266537,-0.053163964,-0.010612658,-0.033481646,8.975879,-4.113236,0.12557751,-0.12663929,0.31082577,0.35378283
1.1153846,2.1081076,-5.358617,-7.443476,-0.012014881,-0.041769058,0.10478975,-3.290988,-5.376898,-7.5615983,-0.0015862534,-0.008726753,-0.0040477426,-7.811623,-5.200553,-2.9716618,-0.08041215,-0.016771825,-0.042750727,9.164714,-3.9539323,0.064792156,-0.04793369,0.08165569,0.103770964
1.1346154,2.0691125,-5.162946,-7.43463,0.0026289364,-0.007964441,0.0015292396,-3.259909,-5.314356,-7.5563974,0.0075123906,-0.0073292544,-0.00016678397,-7.934216,-5.5830245,-3.764286,-0.046361506,-0.0073855887,-0.044867873,9.156564,-3.9743843,0.05375289,0.06516003,-0.18769936,-0.22146562
1.1538461,2.1582267,-5.4721503,-7.4390144,0.0025845228,0.014190418,-0.092706405,-3.2883878,-5.343653,-7.5752125,-0.0002381294,-0.007772288,-0.0031668493,-7.983538,-5.647136,-3.9257772,0.025814625,-0.004194021,-0.0035120756,8.843008,-4.239432,0.15862176,0.118380845,-0.35030127,-0.40159008
1.1730769,2.3414464,-6.0727267,-7.4139347,-0.008891541,0.035316557,-0.1329875,-3.2695239,-5.314401,-7.5705643,-0.0037519205,-0.010899313,-0.01275204,-7.89701,-5.36537,-3.368719,0.08935017,0.010210073,0.033952273,8.608082,-4.620474,0.33903387,0.09334176,-0.28165805,-0.33570084
1.1923077,2.5177205,-6.6180477,-7.407379,0.000407101,0.021305367,-0.079429045,-3.2805533,-5.350811,-7.5494375,-0.002201965,0.0018302605,-4.8487786e-05,-7.766966,-4.9489503,-2.453737,0.08936558,0.0027357338,0.033640843,8.392804,-4.79762,0.34903622,0.015626391,-0.04810984,-0.05733525
1.2115384,2.5040162,-6.775482,-7.374511,-0.006040507,-0.011181706,0.03928062,-3.2743902,-5.316857,-7.529971,-0.0010902985,-0.01035098,0.0041053467,-7.6418657,-4.652726,-1.927918,0.030021217,0.0035047987,0.004769089,8.491913,-4.6743736,0.3316471,-0.093321025,0.2139069,0.2567715
1.2307693,2.4530997,-6.438573,-7.3671627,-0.012671949,-0.04367397,0.12418814,-3.293834,-5.3105974,-7.588347,-0.005704672,-0.0058651855,0.00011795131,-7.687177,-4.7507143,-2.0733929,-0.054636873,-0.009122532,-0.030103179,8.752117,-4.4396095,0.23517002,-0.13450104,0.34113246,0.40529484
1.25,2.2435524,-5.7844725,-7.4405737,-0.017686114,-0.058914214,0.14913258,-3.2855186,-5.3267245,-7.579465,0.0043045073,-0.002967955,-0.004183955,-7.7874374,-5.1237736,-2.8460584,-0.09065324,-0.016208237,-0.039725296,9.071604,-4.0142813,0.093453676,-0.10117621,0.2604833,0.3091054
1.2692307,2.0953393,-5.2916985,-7.458582,-0.018442817,-0.035204213,0.08502747,-3.254988,-5.3196535,-7.54507,0.0013751277,-0.0051917145,-0.0014758658,-7.898995,-5.553859,-3.746479,-0.051817317,-0.011799823,-0.031105153,9.167079,-3.8911679,0.08208481,-0.010257765,0.00089024694,-0.008568829
1.2884616,2.0551586,-5.1592507,-7.424081,0.002642119,0.0105784265,-0.03464532,-3.2604325,-5.322498,-7.6096034,-0.0035341159,-0.0042859092,0.013331643,-7.987661,-5.605819,-3.977778,0.01580479,-0.004127847,-0.0058639566,9.094138,-4.0455313,0.10517599,0.088719435,-0.25705227,-0.3032088
1.3076923,2.1989093,-5.550097,-7.451906,0.002504443,0.032434147,-0.123604454,-3.2527864,-5.2984776,-7.562035,0.010111474,-0.0019084734,-0.0017082376,-7.9285398,-5.427735,-3.489392,0.08599847,0.0051468536,0.03242284,8.801356,-4.3791747,0.21071775,0.12892166,-0.34612933,-0.41576427
1.3269231,2.3911462,-6.2781024,-7.4492297,-0.0010370133,0.031059697,-0.12727088,-3.3184636,-5.297475,-7.5519347,0.01490088,-0.017676605,0.0015307328,-7.8144403,-4.988769,-2.6431513,0.09330187,0.011771865,0.029064087,8.47592,-4.69308,0.31381032,0.08821434,-0.21706106,-0.27139434
1.3461539,2.5459306,-6.688246,-7.3943777,-0.0024294262,0.016336177,-0.053789087,-3.2910142,-5.351848,-7.5314565,0.010265711,-0.011052568,0.0050305426,-7.683111,-4.69748,-1.9365923,0.03238035,-0.0034389168,0.011688711,8.394741,-4.8069644,0.35446146,-0.022593051,0.04180895,0.046140436
1.3653846,2.5603871,-6.7385173,-7.4042454,-0.0077240947,-0.020675167,0.06545553,-3.2815523,-5.3045187,-7.554549,-0.00013839803,-0.008967798,0.0016640212,-7.6680503,-4.6759562,-1.9472209,-0.036653414,-0.0063888407,-0.022186128,8.529922,-4.590519,0.25819913,-0.11189223,0.28058642,0.3203679
1.3846154,2.4077628,-6.247026,-7.445225,-0.0221492,-0.051302277,0.14680178,-3.2451525,-5.3609953,-7.5753927,-0.0039108056,-0.0047323005,-0.012775939,-7.758615,-5.0555444,-2.6906245,-0.09222048,-0.022096358,-0.050794825,8.926191,-4.253864,0.20267154,-0.13688791,0.34210712,0.40162724
1.4038461,2.18511,-5.6376266,-7.456329,-0.021614213,-0.050736886,0.1506198,-3.2754693,-5.3001485,-7.574836,-0.005391998,-0.011303876,0.005840014,-7.8802075,-5.4835153,-3.566269,-0.07463542,-0.017035117,-0.041011125,9.108376,-4.0062494,0.06857824,-0.08357373,0.19024429,0.21769647
1.4230769,2.0866716,-5.2102675,-7.465008,-0.0034931463,-0.017767826,0.060427543,-3.2621124,-5.2908216,-7.561001,-0.005082245,-0.011550428,0.0013480688,-7.9749637,-5.658207,-3.9689364,0.004204319,0.0045805224,-0.004253357,9.149959,-3.9027169,0.07568561,0.03308158,-0.08089806,-0.10818908
1.4423077,2.0929487,-5.2640076,-7.4933534,-0.00036407978,0.015092108,-0.058022305,-3.278725,-5.316494,-7.578287,-0.0013981533,-0.0068557016,-0.0007409019,-7.904758,-5.4941344,-3.6263487,0.07191463,-0.0016193392,0.042564705,9.042919,-4.099273,0.12436593,0.110058896,-0.30473313,-0.36485916
1.4615384,2.212024,-5.7301636,-7.471886,0.0032726957,0.047177467,-0.13508627,-3.2747302,-5.331302,-7.5757027,0.0066510094,-0.014968475,-0.009073517,-7.7780185,-5.0551314,-2.7390301,0.09656268,0.007231542,0.038248625,8.642043,-4.52393,0.29352793,0.123031326,-0.33580205,-0.39194715
1.4807693,2.4146557,-6.4324803,-7.428647,0.0043075494,0.036679417,-0.11216313,-3.288238,-5.291846,-7.567707,0.011367191,-0.007976574,0.0014179441,-7.649561,-4.7778735,-1.9982059,0.05684909,-0.00057151774,0.014264337,8.428315,-4.745433,0.342542,0.048924945,-0.14671314,-0.18355818
1.5,2.5680146,-6.7866197,-7.412043,-0.0024324711,-0.0032744138,-0.02233512,-3.2902048,-5.3145733,-7.5384994,-0.0015277328,-0.0073614977,0.0011023773,-7.6152987,-4.7365847,-1.9173872,-0.023299448,-0.0025943418,-0.022454351,8.4199,-4.7715364,0.33536234,-0.0462684,0.1340156,0.134832
1.5192307,2.524629,-6.683136,-7.4015145,-0.0023817136,-0.035056386,0.08957908,-3.2471166,-5.322626,-7.600343,-0.006344024,-0.0029858758,-0.0035144782,-7.7996864,-4.9617157,-2.5337894,-0.0814457,-0.02624669,-0.033764314,8.618516,-4.5082245,0.2842977,-0.123009026,0.3261426,0.37190095
1.5384616,2.2774796,-6.085912,-7.436514,-0.006363046,-0.054370534,0.15825135,-3.2728739,-5.337861,-7.5028467,0.0019049759,-0.0023528726,-0.0004563157,-7.923005,-5.427374,-3.4988127,-0.06769778,-0.01767267,-0.031419978,8.92614,-4.136857,0.1820955,-0.116383076,0.31583947,0.37424043
1.5576923,2.1327946,-5.49476,-7.490008,0.0010737502,-0.037520234,0.1337677,-3.2916677,-5.330737,-7.5424986,-0.00885162,0.0016291013,0.003011778,-7.9814763,-5.680129,-3.9881315,-0.013508148,-0.008182309,-0.011291427,9.168399,-3.861175,0.07608629,-0.048979927,0.11111322,0.1175602
1.5769231,2.029706,-5.132907,-7.497705,-0.010702677,-0.015705941,0.028790155,-3.2952447,-5.289209,-7.5328984,-0.0017344299,-0.008399376,-0.009255493,-7.896342,-5.554911,-3.7110991,0.06567997,-0.007818879,0.021691946,9.140787,-3.8994665,0.10970109,0.07122691,-0.17393352,-0.20546716
1.5961539,2.1011264,-5.351359,-7.5058823,3.4093086e-05,0.028423697,-0.094887145,-3.2918956,-5.2787867,-7.5576563,0.004291173,-0.0015548985,0.0024894588,-7.766766,-5.1233554,-2.8638456,0.10049704,0.01487207,0.0312576,8.874641,-4.2558236,0.16422132,0.11186306,-0.33952567,-0.39399648
1.6153846,2.308127,-5.925162,-7.4431515,0.0021451793,0.042234723,-0.13959254,-3.2746913,-5.2787848,-7.579271,-0.01102444,-0.012115955,-0.00025831076,-7.69864,-4.750843,-2.0180106,0.06584266,0.01104308,0.02329382,8.582711,-4.6217246,0.2943979,0.09070803,-0.2873173,-0.34338227
1.6346154,2.4826686,-6.5194845,-7.440544,-0.0022135992,0.02380162,-0.095997326,-3.29469,-5.3122954,-7.5670233,-0.013476246,-0.007526523,0.00021563961,-7.5990257,-4.6396017,-1.8652422,-0.017014157,-0.0032885624,-0.02246907,8.384252,-4.781951,0.3503428,0.017152404,-0.06391858,-0.06978466
1.6538461,2.5513172,-6.8171644,-7.440202,-0.013395379,-0.010262098,0.017377855,-3.291365,-5.296584,-7.526836,0.006413727,-0.005645186,-0.00553413,-7.745373,-4.926389,-2.4890358,-0.07717338,-0.015836097,-0.055380143,8.525813,-4.7220383,0.37124088,-0.08649059,0.22154193,0.24342833
1.6730769,2.45207,-6.5511737,-7.431378,-0.011575255,-0.046327144,0.1225825,-3.253635,-5.355356,-7.542855,0.0076282234,-0.013013745,0.0071078525,-7.8505936,-5.3606405,-3.3794484,-0.07812022,-0.01577389,-0.050915737,8.755981,-4.372384,0.22325711,-0.1457362,0.35336944,0.4050295
1.6923077,2.269291,-5.9171095,-7.4537663,-0.009428641,-0.05213516,0.15200208,-3.2917926,-5.3370914,-7.5558825,0.008417063,0.0026475533,-0.007510066,-7.9634523,-5.6809373,-3.9763348,5.4593424e-05,0.0006318747,-0.013150251,9.034649,-4.0295267,0.12790996,-0.09216131,0.26610836,0.30147123
1.7115384,2.0986128,-5.348969,-7.485255,-0.0040313066,-0.036910404,0.107542954,-3.2666914,-5.357352,-7.5699625,0.0011560508,-0.0030664783,-0.0032317038,-7.9762034,-5.558476,-3.82217,0.054461244,-0.0043740976,0.015128451,9.200012,-3.8662417,0.09223313,-0.0069063446,0.007610919,0.005443262
1.7307693,1.978708,-5.153146,-7.4680777,0.0030132462,-0.001200731,-0.0032278632,-3.236318,-5.3154335,-7.5792108,0.007004261,-0.0089657605,-0.004580417,-7.858675,-5.2037463,-2.9510748,0.09983061,0.01578469,0.034136064,9.082783,-4.042686,0.08187173,0.08642519,-0.23962039,-0.29776388
1.75,2.1496575,-5.472018,-7.437303,0.0010651295,0.030612847,-0.11427645,-3.2777417,-5.312595,-7.558873,-0.00056326925,-0.008049482,-0.0021900563,-7.694313,-4.7735777,-2.1338778,0.061865468,0.002587686,0.025072541,8.766049,-4.3589587,0.22113201,0.12380268,-0.36061767,-0.42046177
1.7692307,2.3657944,-6.082426,-7.465224,0.0016665307,0.042045116,-0.13525827,-3.2999191,-5.3089366,-7.5666914,0.0026539136,-0.011894265,-0.0012388286,-7.626732,-4.6861157,-1.8578043,-0.000740826,-0.012023446,-0.014140305,8.476058,-4.7072,0.32563034,0.076835655,-0.22358115,-0.2770332
1.7884616,2.4956062,-6.6323023,-7.40856,-0.0005517908,0.015315898,-0.08334747,-3.2129643,-5.3213387,-7.540228,-0.0021969005,0.0025459297,-0.0054200217,-7.74866,-4.9005966,-2.389241,-0.07750665,-0.018363008,-0.047919795,8.427138,-4.766765,0.32987458,-0.013601609,0.03660425,0.049800202
1.8076923,2.5889702,-6.7591615,-7.365686,-0.012375788,-0.025963014,0.041186962,-3.2949421,-5.3292894,-7.5513477,0.007812653,0.0025357765,-0.0006313361,-7.8685346,-5.348957,-3.2903898,-0.080537744,-0.022280239,-0.044345364,8.56207,-4.6156197,0.3226336,-0.10861637,0.28362185,0.32568127
1.8269231,2.431248,-6.4100122,-7.4106064,-0.0034625393,-0.050384607,0.13425827,-3.2735045,-5.310211,-7.5475526,-0.0020088488,0.001323215,-0.0016282761,-7.982635,-5.6825843,-3.9171276,-0.024590284,-0.009765982,-0.016520727,8.85515,-4.2789445,0.18984337,-0.1335752,0.35275546,0.4067667
1.8461539,2.2253249,-5.742336,-7.3986936,-0.006813669,-0.05606291,0.15532486,-3.2816458,-5.3375926,-7.5672193,0.0077162595,-0.0026481121,0.0019727238,-7.9689555,-5.59895,-3.8019702,0.059646178,0.012547923,0.022465443,9.160482,-3.958426,0.045173932,-0.087231755,0.18615423,0.21323651
1.8653846,2.1099267,-5.259281,-7.4729023,-0.0033488807,-0.035510596,0.075179964,-3.296775,-5.3211646,-7.559344,-0.011606567,-0.010435768,-0.007823619,-7.841814,-5.2364073,-3.0582078,0.108528174,0.010709288,0.030849678,9.190337,-3.9195688,0.1354409,0.029046677,-0.085043095,-0.10217927
1.8846154,2.0948343,-5.223613,-7.4675407,0.00052857253,0.009660178,-0.045988876,-3.25323,-5.2972574,-7.5598526,0.0036866744,0.0013189868,-0.0025829817,-7.7149596,-4.808233,-2.2013655,0.075298116,0.00025023473,0.028943015,9.01294,-4.1279097,0.14338923,0.107932016,-0.29899633,-0.3638591
1.9038461,2.229568,-5.662599,-7.4454165,-0.005556936,0.026562827,-0.12739913,-3.3156002,-5.35968,-7.5691924,-0.0027590552,-0.010366372,-0.0014388153,-7.6556168,-4.6829157,-1.8452737,-0.013438633,-0.0018953112,-0.018658267,8.648329,-4.470318,0.2540024,0.12482011,-0.34679562,-0.39761522
1.9230769,2.415971,-6.283859,-7.425345,-0.006371927,0.032699436,-0.123117864,-3.2787745,-5.319479,-7.5715537,0.006489335,-0.015478737,-0.004932401,-7.7030816,-4.8794093,-2.2825675,-0.069971584,-0.015012699,-0.05012798,8.436485,-4.726629,0.37377238,0.051843442,-0.15232755,-0.18255512
1.9423077,2.5413318,-6.7054787,-7.406303,0.0062633026,0.002607016,-0.044923857,-3.2497861,-5.3218393,-7.5457816,-0.0066139344,-0.0040666815,0.00027972634,-7.8265886,-5.263251,-3.2062838,-0.088412836,-0.018744811,-0.054292228,8.42714,-4.725828,0.34449953,-0.056901716,0.12546209,0.14306857
1.9615384,2.4932075,-6.650309,-7.3950324,-0.009378985,-0.036252737,0.061939806,-3.2898674,-5.2776904,-7.5567827,-0.0038112327,-0.0041997638,-0.0031645903,-7.9509706,-5.638377,-3.9562445,-0.028697489,-0.0066380166,-0.021649322,8.671648,-4.496298,0.24002764,-0.13333987,0.32821915,0.3797436
1.9807693,2.426839,-6.2167287,-7.470911,-0.014681522,-0.051602848,0.14961441,-3.2829344,-5.3162966,-7.5561748,0.0018906398,-0.008168756,0.008038226,-7.946772,-5.62834,-3.9084022,0.039685998,-0.0012710502,0.0045026354,8.964261,-4.165158,0.15356378,-0.12668316,0.31608537,0.37339914
2.0,2.2197068,-5.546741,-7.424459,-0.006153615,-0.045632564,0.14121981,-3.2814143,-5.3447638,-7.5497494,-0.004033683,-0.0073389523,-0.008812118,-7.8318048,-5.272155,-3.1591513,0.08453271,0.01083296,0.036791757,9.183618,-3.931574,0.08753249,-0.04670092,0.10974646,0.12050276
2.0192308,2.0551217,-5.14568,-7.468797,-0.007444614,-0.016259821,0.038638245,-3.270337,-5.313611,-7.5809245,0.0009854155,-0.011177751,-6.0367096e-05,-7.7029,-4.853897,-2.2381246,0.07894667,0.0019357897,0.0312758,9.114945,-3.9440124,0.08595529,0.05736906,-0.1665504,-0.21463464
2.0384614,2.0574563,-5.270307,-7.4458804,-0.001417443,0.023433235,-0.0707977,-3.27283,-5.289618,-7.565795,-0.007109955,-0.003919086,0.0009740599,-7.6583986,-4.6332216,-1.8346528,0.006043389,0.006485067,-0.0006470036,8.866916,-4.2223864,0.17332008,0.12604408,-0.33930585,-0.41761985
2.0576923,2.2671502,-5.7573004,-7.470047,-0.0029058603,0.03639365,-0.13286722,-3.287273,-5.3125396,-7.5257206,0.007290877,-0.00478411,-0.0015972684,-7.682912,-4.805371,-2.191595,-0.05825145,-0.0093197925,-0.038201064,8.621678,-4.5751314,0.31419542,0.10153975,-0.28895667,-0.35013384
2.0769231,2.467936,-6.408056,-7.4044175,0.0068756775,0.040832013,-0.10902772,-3.2924082,-5.2949114,-7.571155,0.007629566,-0.0015716266,0.006582299,-7.8441567,-5.237407,-3.0525937,-0.08968135,-0.019736584,-0.06106194,8.368016,-4.811684,0.3713585,0.012784001,-0.05233551,-0.07272308
2.0961537,2.5447826,-6.774405,-7.3800564,-0.016469553,0.00027241284,-0.011012981,-3.3180838,-5.334504,-7.523816,-0.00055277254,-0.008124568,-0.002731222,-7.943454,-5.6030045,-3.8495512,-0.04590037,-0.011499967,-0.030972946,8.503093,-4.689637,0.38521278,-0.08756586,0.21675749,0.25825787
2.1153846,2.5190616,-6.6224413,-7.3824983,-0.0186077,-0.03218489,0.09361717,-3.263226,-5.2832623,-7.545195,0.0018048044,-0.0025973113,0.0063687195,-7.980312,-5.656857,-3.896548,0.037252456,0.009236937,0.01588872,8.7657385,-4.4239254,0.2586317,-0.13345931,0.35602668,0.40460527
2.1346154,2.3647969,-6.0077004,-7.4157724,-0.0100186,-0.061676748,0.15856127,-3.2857852,-5.3355775,-7.5574336,0.0046244687,-0.0047611226,0.003533626,-7.8756967,-5.318998,-3.2747371,0.08641176,0.0029446092,0.035444666,9.046454,-4.0376825,0.12619475,-0.104682855,0.26194006,0.29811603
2.1538463,2.140966,-5.422642,-7.487187,-0.0136886705,-0.04353533,0.11796355,-3.2299936,-5.3032813,-7.599969,-0.00044262817,-0.0037157151,-0.007855071,-7.7624164,-4.894081,-2.32283,0.08093494,0.018724663,0.027318783,9.229206,-3.8648944,0.08676764,-0.0028935017,0.0022945264,0.0014313733
2.1730769,2.0332863,-5.0902414,-7.487736,-0.010083068,-0.012609608,0.013202884,-3.2636108,-5.3085957,-7.54392,-0.0059389733,-0.0055734953,-0.0047608954,-7.6509657,-4.660191,-1.8038754,0.02028403,0.00033118733,0.0023651002,9.05399,-4.0560913,0.10924196,0.08912634,-0.26014426,-0.29916403
2.1923077,2.0622604,-5.3755913,-7.4006586,-0.0023665999,0.023664773,-0.09401972,-3.3070664,-5.3286138,-7.558164,0.0036596523,-0.010039428,-0.0055412315,-7.6754327,-4.7580004,-2.1630409,-0.057985026,-0.016187144,-0.023988424,8.761364,-4.3914943,0.28934726,0.12225462,-0.3556244,-0.4166238
2.2115386,2.3173547,-5.99861,-7.3855925,0.007969675,0.04878383,-0.14565773,-3.295742,-5.321197,-7.5600653,-0.006581624,0.0001536261,-0.0058924886,-7.792788,-5.1831303,-2.979667,-0.08934934,-0.0121941455,-0.04381067,8.438223,-4.682672,0.3482996,0.0733056,-0.22497515,-0.27929246
2.2307692,2.5309541,-6.5454645,-7.382985,0.001025399,0.017261818,-0.09537675,-3.2345362,-5.29311,-7.5599675,0.007243774,-0.009330445,-0.0146535095,-7.9586506,-5.58181,-3.8365505,-0.0456414,-0.012431248,-0.03211949,8.391639,-4.820386,0.3715235,-0.029226718,0.05039256,0.054025672
2.25,2.5600958,-6.83948,-7.4146,-0.0058657406,-0.012453283,0.0192166,-3.2784739,-5.3710675,-7.560422,0.001284731,-0.0024169497,-0.004649842,-7.997396,-5.6733565,-3.945267,0.0244986,0.0058405474,0.0029969572,8.59655,-4.649216,0.27673244,-0.11252974,0.29072127,0.33855736
2.2692308,2.48398,-6.4412,-7.4340935,-0.016272042,-0.047375802,0.12333329,-3.2917705,-5.3204207,-7.5701485,0.0035705618,-0.015583532,-0.0018698502,-7.8541718,-5.3400693,-3.3710842,0.10163543,0.011267737,0.035963025,8.854417,-4.318744,0.18575986,-0.136625,0.35898396,0.39596322
2.2884614,2.2541707,-5.8811197,-7.4338226,-0.0037495857,-0.05602081,0.15125409,-3.3363266,-5.2902374,-7.553436,-0.0036201645,-0.0036225552,-0.0022284598,-7.7216396,-4.941208,-2.4475026,0.0797369,0.0144948615,0.03689487,9.139022,-3.9495692,0.07455943,-0.08119567,0.18895778,0.21132258
2.3076923,2.092198,-5.268223,-7.464397,-0.0060702823,-0.034935396,0.09863977,-3.2475915,-5.297732,-7.5599666,-0.0023736616,-0.010681303,-0.0068270755,-7.6389246,-4.6334286,-1.85543,0.021950932,0.008332931,-0.004403575,9.154956,-3.8971808,0.08195451,0.040171623,-0.085047916,-0.11059045
2.3269231,2.0427659,-5.1723075,-7.5045543,-0.014187309,-0.0046072747,-0.027990868,-3.271399,-5.379677,-7.5664625,0.012875234,-0.0038745322,0.003480737,-7.682395,-4.7278137,-2.079065,-0.05122747,-0.019006,-0.043162856,8.99005,-4.1401234,0.13801205,0.114622556,-0.31848764,-0.37223235
2.3461537,2.161531,-5.5527825,-7.4458137,0.0024194377,0.023988524,-0.11724128,-3.2740963,-5.3113303,-7.5730824,-0.0020226876,-0.0007188276,-0.01158296,-7.8475695,-5.150981,-2.9301858,-0.091217436,-0.02118262,-0.055717204,8.686906,-4.4994473,0.23958533,0.12134154,-0.34673136,-0.39303017
2.3653846,2.389374,-6.18064,-7.3949866,-0.00094865257,0.04024531,-0.13695893,-3.2568958,-5.358079,-7.5561895,0.0048118443,-0.0062989667,-0.005930287,-7.899342,-5.5382504,-3.785193,-0.051611762,-0.013520293,-0.03737136,8.450149,-4.7600493,0.34458455,0.059578683,-0.15367073,-0.17342453
2.3846154,2.534427,-6.6738987,-7.426661,-0.0064204074,0.010221435,-0.06241335,-3.2570152,-5.333286,-7.5544925,-0.0011733758,-0.0031185562,0.0010721356,-7.969002,-5.6678743,-3.9876108,0.025824182,0.0009937412,0.006981848,8.408283,-4.7663674,0.3240315,-0.062433373,0.1364412,0.15570967
2.4038463,2.537942,-6.7304044,-7.386918,-0.0013233708,-0.023464845,0.050838493,-3.2860386,-5.333901,-7.547755,0.0001399474,-0.00893756,0.009985422,-7.8949904,-5.4486794,-3.419787,0.08736027,0.006272811,0.03300429,8.655017,-4.482353,0.2620157,-0.1298406,0.32868218,0.3883164
2.4230769,2.4216442,-6.3205957,-7.4272275,-0.012287845,-0.04956416,0.14489648,-3.2853403,-5.269419,-7.5921245,0.0014389879,-0.01136959,0.0010588852,-7.727664,-4.9877133,-2.4835508,0.09066258,0.015170859,0.03313185,8.989514,-4.127769,0.16656074,-0.12471227,0.3203387,0.36602804
2.4423077,2.2027998,-5.6503944,-7.458455,-0.011080085,-0.054689873,0.14811496,-3.3208885,-5.283565,-7.545599,0.0025112526,-0.0033985144,0.0026278503,-7.697173,-4.6727543,-1.8597881,0.029762901,-0.0016638766,0.009241839,9.1532755,-3.913803,0.122011706,-0.036587805,0.0926503,0.11219133
2.4615386,2.0885637,-5.211479,-7.449715,0.0007045177,-0.02686336,0.07168818,-3.3186548,-5.320678,-7.53416,0.0037068643,-0.0070574833,-0.0052749827,-7.67083,-4.72841,-2.0407677,-0.042701934,-0.006911272,-0.03370737,9.131742,-3.962198,0.078882545,0.06736018,-0.17855492,-0.22200115
2.4807692,2.0883682,-5.2287974,-7.5309973,-0.010117118,0.010095666,-0.04741045,-3.279372,-5.3038344,-7.5408015,-0.003072286,-0.004637292,0.0048463778,-7.7753344,-5.1291776,-2.806298,-0.085081935,-0.01629813,-0.05535357,8.905871,-4.2520676,0.20760784,0.11933462,-0.34964186,-0.4064239
2.5,2.2029035,-5.7531877,-7.4019766,-0.00044438482,0.032309078,-0.13288787,-3.3203177,-5.329535,-7.562875,0.0031516096,-0.0033310235,0.007527351,-7.9755616,-5.566152,-3.716145,-0.052235987,-0.0075752567,-0.03343589,8.549162,-4.5780597,0.35128736,0.103702135,-0.29141477,-0.3449718
2.5192308,2.419144,-6.353732,-7.420762,-0.0034245949,0.04121618,-0.12530744,-3.2729695,-5.299189,-7.530503,-0.0058655036,-0.0087738065,0.0034348234,-7.9730206,-5.698458,-4.0316067,0.0064767436,-0.0139963,0.003651678,8.394504,-4.805,0.36167386,0.009378303,-0.046931732,-0.057650413
2.5384614,2.575024,-6.74008,-7.4024105,-0.008028208,-0.0023959426,-0.02420152,-3.2684824,-5.320046,-7.594601,0.01025319,-0.0019352669,-0.0037091086,-7.872439,-5.410663,-3.4402251,0.08330106,0.0138337435,0.033132814,8.492867,-4.6902046,0.32044953,-0.09632702,0.22924769,0.25606692
2.5576923,2.5409973,-6.6291924,-7.429965,-0.014947348,-0.03721532,0.10359917,-3.297736,-5.295301,-7.5587397,-0.0011278266,-0.0062622754,-0.0033282049,-7.756573,-5.015672,-2.549786,0.09362982,0.009720977,0.035574846,8.747456,-4.3702154,0.25623444,-0.14693958,0.34607142,0.41445252
2.5769231,2.3605444,-6.1319366,-7.4274464,-0.010215247,-0.051851995,0.15699059,-3.2842193,-5.309727,-7.5941687,0.005322364,-0.003495983,0.008347486,-7.643614,-4.6765156,-1.9048363,0.031151056,-0.0010125234,0.01056264,9.064275,-4.025678,0.13822116,-0.11040152,0.25909045,0.3050467
2.5961537,2.1350133,-5.495168,-7.44719,-0.011990332,-0.054558627,0.13192156,-3.288478,-5.301346,-7.568454,0.0002446085,-0.0069481074,0.005584653,-7.6787066,-4.7511783,-2.004264,-0.046215914,-0.006829515,-0.02249142,9.207667,-3.8796713,0.10235135,-0.008320382,-0.0065774363,-0.01042556
2.6153846,2.0394928,-5.11497,-7.454611,-0.0033234437,-0.017673204,0.03451743,-3.2192855,-5.3248334,-7.521732,-0.0022834884,-0.01490347,-0.004537606,-7.7627797,-5.094872,-2.8053064,-0.087754816,-0.010286083,-0.052363366,9.072034,-4.025968,0.12204064,0.092443086,-0.2598398,-0.2997358
2.6346154,2.0823908,-5.304261,-7.46251,1.8761999e-05,0.029683493,-0.090269685,-3.2416205,-5.314083,-7.546212,0.0062771114,-0.0036247864,-0.002344361,-7.909786,-5.5285034,-3.6986387,-0.047398668,-0.004953537,-0.03536402,8.766175,-4.355542,0.2194017,0.12497756,-0.35369074,-0.4183001
2.6538463,2.2898927,-5.9037304,-7.4650564,0.000685233,0.037565466,-0.13786502,-3.2549677,-5.323639,-7.5792885,0.0075049377,-0.0087123355,0.011247331,-7.956628,-5.665232,-4.023698,1.6568993e-05,0.003179068,-0.008395304,8.480607,-4.731846,0.33199966,0.06825839,-0.22289787,-0.26334688
2.6730769,2.4955952,-6.502333,-7.4583154,0.0005438459,0.016333943,-0.10101102,-3.304121,-5.3139577,-7.563695,-0.006508208,-0.004936088,-0.0030697912,-7.942963,-5.4347787,-3.4898612,0.080424905,0.0106862215,0.033962753,8.402717,-4.8452187,0.38641512,-0.037261646,0.04629088,0.050923504
2.6923077,2.5795298,-6.7693005,-7.360657,-0.008670029,-0.008181527,0.0073548476,-3.3027642,-5.285538,-7.562802,-0.0055358843,-0.008407984,-0.0045870864,-7.7686896,-5.008137,-2.6347144,0.088790275,0.014632112,0.030008642,8.538692,-4.633189,0.27497837,-0.11079442,0.28795695,0.3401336
2.7115386,2.452669,-6.5377007,-7.418722,-0.0038893675,-0.04424877,0.10953433,-3.2566843,-5.2937636,-7.5725994,0.001258408,-0.007139394,-0.011746575,-7.6812716,-4.6869264,-1.9091691,0.036957562,-0.0034111852,0.012744244,8.851645,-4.2218976,0.17962027,-0.14568362,0.34879705,0.4021023
2.7307692,2.3178573,-5.9335203,-7.4654303,-0.01054288,-0.05737962,0.15382911,-3.250556,-5.3290334,-7.508306,-0.0012910474,-0.010400545,-0.0118301315,-7.6460013,-4.7084527,-1.9656961,-0.040131282,-0.0014975967,-0.03203573,9.150367,-3.9312642,0.060653143,-0.08208164,0.17628522,0.20925716
2.75,2.0927355,-5.284739,-7.462142,-0.006833164,-0.047184862,0.10351254,-3.3197927,-5.3622684,-7.531122,0.0014769859,-0.0062470706,-0.0034025644,-7.779989,-5.068391,-2.7121086,-0.0892662,-0.0120715825,-0.04764612,9.190503,-3.8881679,0.08181826,0.029670797,-0.10257908,-0.116128184
2.7692308,1.9931648,-5.115521,-7.458355,0.0009949493,0.010637259,-0.01741162,-3.2958465,-5.3047338,-7.5752196,-0.0027305936,-0.004379416,0.0050555584,-7.9283323,-5.4842887,-3.6430678,-0.060366962,-0.010893415,-0.036309943,8.959632,-4.135677,0.13366337,0.1162314,-0.3171217,-0.36636418
2.7884614,2.1440625,-5.51661,-7.4617624,0.0044201,0.02816245,-0.12092545,-3.24804,-5.3428254,-7.5588765,-0.0013687412,-0.0040447228,-0.00011682638,-7.9871964,-5.684675,-4.015956,0.01594306,0.005386879,-0.0024230157,8.656658,-4.5078773,0.23995486,0.122791156,-0.33127522,-0.38132197
2.8076923,2.3922074,-6.131861,-7.4290133,0.0030972338,0.03905012,-0.1396845,-3.2784672,-5.303601,-7.545337,-0.0028270786,-0.0016525974,-0.006524151,-7.920224,-5.4937453,-3.5576887,0.074622706,0.00822084,0.042846434,8.451519,-4.7735553,0.4115807,0.043292176,-0.13877788,-0.16489476
2.8269231,2.5163124,-6.632775,-7.417478,0.007979651,0.017895207,-0.073947735,-3.291369,-5.2904196,-7.544919,0.0050721657,-0.011077258,0.0038910806,-7.788798,-5.0367413,-2.623265,0.092094034,0.019848945,0.0376095,8.398365,-4.7483397,0.3689538,-0.057298258,0.14085837,0.15677428
2.8461537,2.562554,-6.759264,-7.3687887,-0.0056202426,-0.024117852,0.05300787,-3.2653768,-5.3344994,-7.5832787,0.0049277507,-0.0023479154,-0.0074884705,-7.66858,-4.727599,-1.9060116,0.04498051,0.009655279,0.01999158,8.661536,-4.4886823,0.24023491,-0.12790386,0.327872,0.38364792
2.8653846,2.4226406,-6.3557463,-7.4173365,-0.023735268,-0.047752205,0.13222691,-3.2417479,-5.3191986,-7.566723,0.008389008,-0.00574159,-0.00084930076,-7.6758995,-4.767687,-1.9296342,-0.03236343,0.0054836953,-0.0119039,8.919525,-4.138767,0.11488191,-0.12877683,0.31288335,0.3728275
2.8846154,2.2421994,-5.679624,-7.4399586,-0.014505744,-0.059920955,0.14819291,-3.2767549,-5.357198,-7.4982,-0.0067606084,0.001530546,-0.007360465,-7.7592845,-5.054585,-2.7258453,-0.091794424,-0.015504372,-0.0435418,9.184502,-3.8801107,0.066813126,-0.04278779,0.09262518,0.10927305
2.9038463,2.0907516,-5.2223067,-7.513682,-0.010021313,-0.030242926,0.076265894,-3.2598684,-5.3028946,-7.57253,0.0063664042,0.0014672845,-0.008893394,-7.9004326,-5.502863,-3.6438692,-0.07204154,-0.016218018,-0.03583516,9.088637,-3.9710922,0.054853283,0.06876848,-0.18094398,-0.21669881
2.9230769,2.0454328,-5.208425,-7.4829082,-0.0018903759,-0.0009390543,-0.046197273,-3.278734,-5.342876,-7.561523,-0.0047226246,-0.0041034627,0.008591862,-7.9567156,-5.677898,-3.999702,0.0054961923,-0.009817701,-0.0022059123,8.879585,-4.25524,0.17134239,0.12637126,-0.33928543,-0.40648338
2.9423077,2.1951015,-5.6240444,-7.4540157,-0.004676195,0.039413597,-0.12244983,-3.2656682,-5.3716784,-7.5273404,0.0037644417,-0.0056562023,-0.0025816024,-7.9232864,-5.495902,-3.5712419,0.07546642,0.003356215,0.035579953,8.51476,-4.599633,0.29296693,0.09958354,-0.28470472,-0.3335558
2.9615386,2.3941057,-6.329464,-7.4171605,0.00013533598,0.021873586,-0.118421294,-3.3061104,-5.3022714,-7.571578,-0.0013887003,-0.0046213507,0.008007263,-7.769595,-5.0691752,-2.6776803,0.0912702,0.011717832,0.035319638,8.358199,-4.77291,0.3660531,0.020026727,-0.04576095,-0.052131552
2.9807692,2.5804691,-6.7499866,-7.395461,-0.009506998,-0.005813129,-0.03401433,-3.2695324,-5.33964,-7.5622945,0.00013285666,-0.0054733357,0.00046491588,-7.6570873,-4.7190313,-1.9098911,0.043772914,-0.0060621724,0.013389924,8.483028,-4.7190127,0.32467052,-0.089695334,0.22030757,0.26000714
3.0,2.5064251,-6.678805,-7.4297748,-0.0097113475,-0.029350566,0.08008078,-3.2943687,-5.2710485,-7.5739837,-0.0026712385,-0.0112651335,-0.0034976793,-7.6848416,-4.714689,-1.922341,-0.04191141,-0.011526099,-0.018794453,8.775605,-4.3876414,0.249889,-0.1346679,0.35818484,0.40810043
3.0192308,2.337282,-6.1675043,-7.437231,-0.013626459,-0.06009652,0.14887711,-3.2776911,-5.29158,-7.582402,0.0072001596,-0.003463392,-0.015799144,-7.75729,-5.035687,-2.640793,-0.078237295,-0.023471404,-0.050728142,9.043153,-4.0238414,0.14184591,-0.10292687,0.26225057,0.29466125
3.0384614,2.1821933,-5.5263453,-7.458752,-0.013494424,-0.051429875,0.13545655,-3.2967758,-5.310426,-7.5926857,-0.0118342675,-0.0011778178,-0.0024217896,-7.8751054,-5.4984984,-3.5965152,-0.077270746,-0.007698056,-0.052193455,9.174914,-3.8646605,0.08146322,-0.0013940528,-0.003662366,-0.008414321
3.0576923,2.0361373,-5.178801,-7.503023,-0.003214202,-0.016467279,0.041167848,-3.2720933,-5.292413,-7.5570493,0.0043349136,-0.003918859,-0.010984846,-7.979949,-5.6675367,-3.9972785,0.00624732,-0.0049116528,-0.009191036,9.073314,-4.049011,0.108558536,0.09069726,-0.2676381,-0.30658785
3.0769231,2.1258907,-5.297217,-7.5062356,-0.0031945137,0.013718107,-0.08942645,-3.26766,-5.270429,-7.5583944,0.0033331278,-0.003106633,-0.0006283801,-7.9091797,-5.5019,-3.6122591,0.06762476,0.006636967,0.031546757,8.767428,-4.369648,0.22651882,0.12863272,-0.35445198,-0.42266586
3.0961537,2.2732828,-5.8527308,-7.459703,0.000766719,0.041190363,-0.14720151,-3.262535,-5.291091,-7.581386,0.0014283741,-0.010683633,-0.0055254125,-7.7769866,-5.0763903,-2.6933231,0.0929955,0.014434716,0.049053065,8.501922,-4.6913347,0.2977133,0.08491535,-0.2188519,-0.26580307
3.1153846,2.4752946,-6.4990807,-7.4041576,0.000565599,0.028989267,-0.109791346,-3.2389524,-5.2889404,-7.605164,-0.0030669891,0.0032541293,-0.010934158,-7.6346893,-4.6659036,-1.9419323,0.041048076,0.0050606984,0.014073557,8.426434,-4.813039,0.3875034,-0.024958735,0.04513506,0.04442468
3.1346154,2.5851004,-6.789151,-7.3785515,0.0005477466,-0.005287754,-0.0022534868,-3.2655632,-5.3208413,-7.5330877,0.0035698863,-0.0024899347,0.0014748772,-7.635063,-4.723511,-1.9510514,-0.03365576,-0.0021579275,-0.026312154,8.566869,-4.6407495,0.3435356,-0.11441607,0.27725106,0.3288493
3.1538463,2.4726796,-6.5716715,-7.387803,-0.005719763,-0.050375693,0.11966252,-3.3119628,-5.2926054,-7.5597887,-0.00061001803,-0.0028978568,-0.016120095,-7.756804,-5.0336604,-2.608981,-0.09398225,-0.018247513,-0.04764731,8.8636875,-4.26846,0.19769645,-0.13891865,0.35062942,0.40148357
3.1730769,2.3270025,-5.9738235,-7.42832,-0.021975722,-0.048699494,0.1529366,-3.2614415,-5.3420806,-7.566147,-0.0043265615,-0.0056178644,-0.002589744,-7.9241304,-5.490407,-3.5703092,-0.07760709,-0.012234528,-0.03786744,9.089556,-3.9612992,0.1038607,-0.07594371,0.18989049,0.22287814
3.1923077,2.1500952,-5.380664,-7.4308352,-0.009879087,-0.04341125,0.10997897,-3.2393491,-5.3102255,-7.55556,-0.0030998355,-0.017887373,0.0003775244,-8.006431,-5.657827,-3.9977155,-0.0018074283,-0.008512202,-0.0038651864,9.154784,-3.9099882,0.051758002,0.022169126,-0.08310257,-0.101587206
3.2115386,2.059655,-5.1533766,-7.430791,-0.0071179937,-0.008125776,-0.0012800276,-3.2780623,-5.3046007,-7.519701,-0.002869247,-0.014225448,-0.008494987,-7.953638,-5.5172434,-3.6485724,0.07213615,0.010831624,0.03067032,8.993992,-4.13391,0.10756308,0.117136516,-0.2974331,-0.36125287
3.2307692,2.135258,-5.4336495,-7.4453497,0.0021308204,0.029370228,-0.1085599,-3.2523081,-5.3517857,-7.528847,-0.006954196,-0.0055054985,-0.003984889,-7.758558,-5.08081,-2.7512407,0.096163414,0.012539013,0.044157345,8.69158,-4.448979,0.2903945,0.11477935,-0.33611053,-0.39179194
3.25,2.3362734,-6.0632777,-7.375336,-0.008953421,0.046123676,-0.13185972,-3.301444,-5.311441,-7.5420837,-0.008861697,-0.00542674,-0.00022312206,-7.642563,-4.68319,-1.9295131,0.035502203,0.0045381626,0.010680133,8.402652,-4.7955303,0.35932454,0.06316527,-0.15681885,-0.18720618
3.2692308,2.5075886,-6.619134,-7.387399,-0.0064327093,0.020993192,-0.07398661,-3.2902706,-5.2706423,-7.5645323,-0.00034506258,-0.009997807,-0.0021171812,-7.676935,-4.6843386,-1.8741797,-0.037675083,-0.010898514,-0.015072142,8.408454,-4.7669945,0.37812272,-0.05519606,0.12374327,0.14055929
3.2884614,2.5869324,-6.819376,-7.4004316,-0.017630842,-0.016037315,0.03034388,-3.2821493,-5.2755866,-7.5980043,0.0029536998,-0.0057130237,-0.0028546182,-7.769202,-5.0354548,-2.5979803,-0.07733543,0.00096571085,-0.054117497,8.589074,-4.5251856,0.25978035,-0.14123315,0.32552797,0.38266844
3.3076923,2.4327471,-6.39391,-7.4215508,-0.011808493,-0.04920996,0.13044804,-3.2776103,-5.342084,-7.5593386,0.0015363966,-0.0041791913,-0.0011831124,-7.909855,-5.4856725,-3.6106176,-0.073295705,-0.006326913,-0.04871356,8.914429,-4.137005,0.16490895,-0.14124909,0.3240066,0.36408338
3.3269231,2.24923,-5.7083244,-7.461201,-0.015332076,-0.054702483,0.14711879,-3.2770307,-5.316617,-7.5162425,0.00042741443,0.0032089043,0.010839083,-8.005039,-5.6821804,-4.0031257,-0.008532718,-0.0023678741,-0.008405085,9.173873,-3.9552822,0.051132474,-0.05034814,0.12291602,0.12669551
3.3461537,2.0635731,-5.242048,-7.5170746,-0.013577687,-0.032043125,0.06501957,-3.2898026,-5.326738,-7.5709076,0.005449051,-0.010848489,-0.010948721,-7.935367,-5.534464,-3.6846986,0.07653704,0.005867604,0.03021895,9.148127,-3.925231,0.115297385,0.055588085,-0.16220811,-0.19273686
3.3653846,2.0227022,-5.174597,-7.445788,-0.015934654,0.0019623192,-0.039825726,-3.2837553,-5.3185053,-7.5672355,0.00401088,0.005306392,0.0013004617,-7.751623,-5.066104,-2.777827,0.095567554,0.006975002,0.04041444,8.864251,-4.290008,0.16422,0.12524961,-0.33887425,-0.38961568
3.3846154,2.1932223,-5.625216,-7.4775486,-0.003773064,0.032992408,-0.1303742,-3.263444,-5.3033276,-7.604606,0.0050370162,-0.007997106,0.001574675,-7.694002,-4.708251,-1.9558681,0.052296106,0.0026223096,0.014475352,8.583262,-4.557189,0.24353111,0.11103357,-0.3079935,-0.34892893
3.4038463,2.4163694,-6.2869654,-7.403087,-0.00291562,0.032627504,-0.12651101,-3.2822728,-5.3203764,-7.548278,-0.0010610883,-0.004528135,-0.0046744603,-7.6698537,-4.66614,-1.8744155,-0.03332276,-0.0023892184,-0.01747276,8.419085,-4.8081546,0.34251067,0.017155841,-0.06866365,-0.08844981
3.4230769,2.5690365,-6.7304015,-7.3694663,-0.0015485629,0.0030857457,-0.051536314,-3.279,-5.351098,-7.551167,0.0008829417,-0.00079472805,-0.0033058764,-7.727578,-4.985089,-2.5544128,-0.08738156,-0.013442127,-0.049218256,8.445091,-4.743974,0.3602044,-0.08780978,0.19089368,0.21835564
3.4423077,2.5377605,-6.732731,-7.391788,-0.01717042,-0.0340558,0.07260832,-3.2614322,-5.340813,-7.537651,-0.0005885153,-0.0025482448,-0.0023867658,-7.8984213,-5.4419,-3.4732263,-0.072601534,-0.015296655,-0.04574737,8.751119,-4.4293337,0.2147628,-0.1410344,0.3347657,0.3892017
3.4615386,2.3513336,-6.209762,-7.462205,-0.00066052057,-0.052317534,0.15122378,-3.2854471,-5.3572598,-7.50082,0.0031578958,0.005746388,0.008557162,-7.9349847,-5.6422734,-4.0036683,-0.00286492,-0.004824812,-0.012860596,9.031627,-4.0684175,0.16147406,-0.10783312,0.27401617,0.32867303
3.4807692,2.179296,-5.507897,-7.4246674,-0.008967761,-0.044252045,0.13896689,-3.2711186,-5.316269,-7.5452766,-8.069199e-05,0.0007270791,-0.009687259,-7.926312,-5.5063615,-3.6383388,0.06435301,0.014023855,0.025676021,9.231577,-3.8846123,0.043121412,-0.012335394,0.03074882,0.039834984
3.5,2.0457594,-5.1344166,-7.4522347,-0.023618488,-0.013448861,0.045180712,-3.2584019,-5.36035,-7.5785537,0.017846009,-0.004248858,0.0005121621,-7.835397,-5.1011734,-2.7690265,0.09114868,0.012263089,0.042973574,9.094125,-4.0271554,0.10474475,0.0881746,-0.22049417,-0.26566944
3.5192308,2.1021245,-5.2845573,-7.4583654,0.00028822213,0.015527297,-0.077010706,-3.3013728,-5.356679,-7.5913253,9.25531e-05,-0.0038387692,-0.01827985,-7.6710043,-4.7446055,-1.9549035,0.05206204,0.0030789555,0.01825445,8.820029,-4.355261,0.22981472,0.13316384,-0.34728998,-0.4146754
3.5384614,2.2231674,-5.850356,-7.4496994,0.00079739373,0.029646268,-0.13103263,-3.2681682,-5.292379,-7.5780454,-0.010250806,-0.01145368,0.0039552473,-7.6780586,-4.689222,-1.8509438,-0.027910765,-5.5341046e-05,-0.018223919,8.534604,-4.6805887,0.31406593,0.0944078,-0.25106484,-0.30217448
3.5576923,2.4442532,-6.4870977,-7.4402657,-0.00050071283,0.027913686,-0.11657064,-3.2322435,-5.320171,-7.572047,-0.0008267389,-0.0063101444,0.00094621175,-7.7461367,-4.9626255,-2.5226784,-0.082250305,-0.021832677,-0.049960732,8.421285,-4.7903476,0.33499697,-0.00359869,0.009608518,0.0023890664
3.5769231,2.554157,-6.79407,-7.4127355,-0.008982196,-0.0063174693,-0.0061721923,-3.30894,-5.333293,-7.588037,-0.0011796242,0.00040323593,0.007728486,-7.8663473,-5.467516,-3.5240254,-0.06969628,-0.011911188,-0.047422875,8.536474,-4.6420097,0.33922002,-0.110590905,0.2554895,0.30087137
3.5961537,2.4832,-6.554971,-7.3983345,-0.006211642,-0.03383477,0.12198048,-3.2822506,-5.3141065,-7.533089,-0.00474178,-0.012177655,0.008905577,-7.9846945,-5.6953764,-4.0344133,-0.0020807094,-0.007211484,-0.0076923557,8.822552,-4.328314,0.21032038,-0.13119052,0.35256153,0.4115686
3.6153846,2.2673445,-6.0059958,-7.484859,-0.013305424,-0.05095784,0.15702933,-3.2573073,-5.323049,-7.55286,-0.004973295,-0.015293534,-0.008512143,-7.9147367,-5.509998,-3.6901977,0.0723214,7.855157e-05,0.031730223,9.085603,-3.9942515,0.112989835,-0.0942114,0.23398478,0.2667475
3.6346154,2.114217,-5.3278008,-7.519351,-0.0020023726,-0.043016165,0.120341465,-3.2683198,-5.3125863,-7.5352745,-0.00036322698,-0.0046809055,-0.0016576125,-7.8236604,-5.087363,-2.7700062,0.08935666,0.019571597,0.037872158,9.192778,-3.9012423,0.09766054,0.01356,-0.03850867,-0.053472385
3.6538463,2.0531409,-5.10176,-7.470831,-0.0052566384,-0.004388789,0.002495298,-3.294472,-5.3428288,-7.565452,0.0016188245,-0.0026395614,-0.0024112822,-7.66602,-4.6645026,-1.9804355,0.062599055,0.0041164327,0.0037540141,9.019023,-4.093268,0.17253534,0.09507043,-0.27812,-0.32744223
3.6730769,2.1373038,-5.4421606,-7.452325,0.00687144,0.018837402,-0.107267685,-3.278545,-5.3129373,-7.538641,-0.0059212423,-0.0012562943,0.000757303,-7.675909,-4.6581416,-1.8440893,-0.036910564,-0.0015114959,-0.020511242,8.742135,-4.412723,0.23264033,0.12506382,-0.34879807,-0.40157616
3.6923077,2.3,-6.0480523,-7.4150043,0.0024575298,0.030835606,-0.14089623,-3.3017995,-5.3101926,-7.5732417,0.006519208,-0.00081002736,0.0084995655,-7.7914114,-4.9638543,-2.5674045,-0.098261885,-0.01931645,-0.051244695,8.487126,-4.727138,0.3452171,0.07506363,-0.20102942,-0.22719324
3.7115386,2.5349994,-6.6608458,-7.4094357,0.004141072,0.024519674,-0.07377473,-3.2543852,-5.3270745,-7.584206,0.001579414,0.00040324198,-0.0037017167,-7.8927565,-5.4685197,-3.4664054,-0.071803376,-0.0075407475,-0.034376882,8.384812,-4.8261294,0.3223052,-0.035469282,0.07479011,0.08426052
3.7307692,2.6000001,-6.7792335,-7.377462,-0.0021030894,-0.011697941,0.033408385,-3.3047278,-5.262362,-7.5675483,-0.0018928369,-0.005394318,0.0040971986,-7.9240932,-5.6904097,-3.982903,-0.00018708508,-0.003570457,-0.002587259,8.5727625,-4.561317,0.28314134,-0.12441072,0.30407625,0.3462952
3.75,2.4254632,-6.4231806,-7.397178,-0.008735139,-0.05137461,0.13684696,-3.2877107,-5.318639,-7.559388,-0.0026248298,-0.0012663358,0.002318271,-7.9451766,-5.520016,-3.7307532,0.07211374,0.0030212488,0.02537354,8.880861,-4.202434,0.16327094,-0.12110014,0.32721183,0.38495645
3.7692308,2.2759194,-5.7448773,-7.488849,-0.0011276465,-0.054468088,0.15502667,-3.2629228,-5.2896643,-7.5228996,0.006885939,-0.0019936177,-0.001767417,-7.801269,-5.1087465,-2.8146474,0.09749967,0.0052206386,0.026551178,9.149665,-3.9770198,0.09306409,-0.072591186,0.16438024,0.19040717
3.7884614,2.0768113,-5.269298,-7.494893,-0.012029999,-0.037889853,0.09105366,-3.2890136,-5.3095293,-7.5732856,-0.00019577006,-0.009414929,-0.0049358923,-7.6664705,-4.719283,-1.9480476,0.05580919,-0.009472003,0.018297408,9.125277,-3.9096966,0.0560151,0.04251666,-0.104607135,-0.13261814
3.8076923,2.0508854,-5.191282,-7.480794,0.007560703,0.00622288,-0.033323005,-3.2412488,-5.2922573,-7.5406337,-0.004817999,-0.0070443824,-0.0012718826,-7.6857615,-4.6539216,-1.8851857,-0.027375028,-0.0060374793,-0.032815922,8.924136,-4.1480584,0.14347057,0.12308527,-0.31618762,-0.37016943
3.8269231,2.2033086,-5.599249,-7.3869953,-0.0032261773,0.035315994,-0.12814112,-3.2482126,-5.339801,-7.580625,0.0045798114,0.006257412,-0.004244193,-7.770587,-4.9431953,-2.5319324,-0.07575186,-0.011296639,-0.060975794,8.693125,-4.4748483,0.24838665,0.1132638,-0.32586372,-0.3860717
3.8461537,2.4075053,-6.2821045,-7.418391,-0.0050013526,0.034685556,-0.13787673,-3.2675922,-5.317303,-7.613615,0.0056863683,-0.012236893,0.012627361,-7.901874,-5.421004,-3.5253856,-0.08113519,-0.012995472,-0.043490283,8.4321165,-4.7859073,0.3454572,0.04807805,-0.13485739,-0.16453734
3.8653846,2.528851,-6.780712,-7.387392,0.0043240786,0.0021331944,-0.039487902,-3.2691312,-5.3371797,-7.5366154,-0.0025776133,0.0024739353,0.0006382682,-7.984601,-5.727166,-3.9717126,-0.0035245107,0.00023719335,-0.009184642,8.447605,-4.777483,0.37779403,-0.055948623,0.13921972,0.16561855
3.8846154,2.536362,-6.728287,-7.3533506,-0.0058302567,-0.023590656,0.07667201,-3.2729566,-5.344978,-7.592613,0.0006500368,0.005995619,0.0011669848,-7.919626,-5.519895,-3.71495,0.07811992,0.0004710941,0.02616118,8.649435,-4.5011168,0.3174196,-0.13290438,0.32815093,0.37227273
3.9038463,2.3528378,-6.1876783,-7.444275,-0.01836168,-0.057843957,0.1491947,-3.2477708,-5.2900186,-7.553625,-0.006928296,-0.009872301,0.009029399,-7.7813334,-5.113594,-2.7906933,0.098471045,0.016663691,0.036839843,8.940995,-4.152105,0.10864629,-0.13557634,0.31213814,0.3689273
3.9230769,2.1360564,-5.5759525,-7.4706597,-0.0060911505,-0.034669705,0.14753549,-3.2690496,-5.316257,-7.522323,0.0061001857,0.000658212,-0.010884297,-7.659867,-4.748736,-1.9612064,0.061004046,0.006146845,0.023189992,9.145708,-3.9219656,0.07965179,-0.039297648,0.10534472,0.11222048
3.9423077,2.0119705,-5.1375318,-7.494311,-0.0015038877,-0.03395145,0.046267252,-3.2965837,-5.3424797,-7.5322456,0.009855801,-0.0032274588,-0.008344069,-7.6284237,-4.619908,-1.8513877,-0.02272417,-0.007872378,-0.015862167,9.178264,-4.019125,0.08089761,0.063315205,-0.17392097,-0.20640801
3.9615386,2.0967698,-5.2501354,-7.4623003,-0.00040354457,0.030233892,-0.07635313,-3.2401237,-5.304927,-7.5887175,-0.0025021282,-0.012203863,-0.003169186,-7.7672415,-4.9909644,-2.5453887,-0.07795293,-0.016039142,-0.05028235,8.884837,-4.2416005,0.18832165,0.12149716,-0.33183685,-0.39955232
3.9807692,2.2478597,-5.820396,-7.4524918,0.00017149471,0.040884342,-0.13480116,-3.2608907,-5.3304195,-7.5479183,0.00166886,-0.0064397966,-0.0031347796,-7.85031,-5.4404793,-3.4925709,-0.07554529,-0.014353655,-0.051121727,8.584022,-4.5851955,0.29189765,0.10364034,-0.29909495,-0.33653316
4.0,2.4713075,-6.4833436,-7.409971,-0.013593822,0.029973341,-0.11228736,-3.3021328,-5.296573,-7.580431,0.0055097924,0.0006283133,-0.002748164,-7.9468155,-5.637083,-4.0317307,-0.0035489516,-0.0032686975,-0.0057459124,8.411437,-4.796988,0.38744414,0.015513596,-0.065031365,-0.083470665
4.019231,2.5502365,-6.807438,-7.3974867,-0.019098623,0.0022527275,-0.008182469,-3.2389114,-5.40327,-7.5356493,0.0020729606,-0.018288264,0.0026903995,-7.938847,-5.5374737,-3.728247,0.066948265,0.005419405,0.022927413,8.466124,-4.721431,0.3174025,-0.08187795,0.18615375,0.22468558
4.0384617,2.4532273,-6.572774,-7.4298625,-0.0019847262,-0.04291048,0.11288878,-3.2750838,-5.3254223,-7.595409,0.00095401617,-0.0058190767,-0.003181393,-7.815778,-5.10113,-2.8437998,0.09664451,0.013051515,0.030527407,8.711025,-4.396531,0.23073924,-0.12710164,0.34546947,0.38864887
4.0576925,2.3078856,-6.0038896,-7.3823195,-0.0046256077,-0.062178228,0.16219063,-3.2875445,-5.3280096,-7.561828,-0.0001860538,-0.0077814506,0.0076205046,-7.6666765,-4.7114115,-1.97309,0.05866615,0.00028690445,0.012384555,9.03232,-4.0841885,0.15175597,-0.115970775,0.27803966,0.32469556
4.076923,2.1088324,-5.3699436,-7.455699,-0.007351926,-0.047849372,0.11743445,-3.269945,-5.271,-7.5154,-0.0023409654,-0.0042885593,-0.002741918,-7.633633,-4.6667786,-1.8747294,-0.02110939,-0.022119751,-0.01703604,9.148543,-3.9322178,0.08766627,-0.03021636,0.03423506,0.052721757
4.0961537,2.0136216,-5.130268,-7.5001574,-0.015861781,-0.014520012,0.005384092,-3.2723124,-5.336622,-7.636733,0.009083676,-0.0016539099,0.0039286534,-7.744948,-5.0073657,-2.534641,-0.07886222,-0.01910705,-0.048985098,9.0896635,-4.0177445,0.08865356,0.07751126,-0.22376235,-0.2622564
4.1153846,2.1385477,-5.4129405,-7.4251647,0.0016867928,0.027057307,-0.10435895,-3.2960465,-5.3448296,-7.553415,0.0041934457,-0.0072071897,0.0032686377,-7.8693395,-5.4674544,-3.4977233,-0.0670843,-0.012526781,-0.04206086,8.8020735,-4.3408136,0.22242065,0.12697513,-0.3459587,-0.41097292
4.1346154,2.3518376,-6.0757737,-7.4222994,0.0018889207,0.03497524,-0.13792524,-3.2317965,-5.2860804,-7.549713,0.0070054536,-0.0066836304,-0.0043997825,-7.9989815,-5.6643357,-4.042126,-0.012670779,0.000910154,-0.010754729,8.514702,-4.5887346,0.30202702,0.07661046,-0.26542607,-0.3021644
4.1538463,2.5208626,-6.642303,-7.436481,-0.0006800399,0.019785326,-0.086650476,-3.2872157,-5.2880497,-7.5562825,0.005340789,-0.001959778,0.003837152,-7.9277687,-5.521188,-3.7108796,0.06316534,0.017618718,0.0136647355,8.334408,-4.8003883,0.41760802,0.00074967387,-0.013354025,-0.03266076
4.173077,2.555372,-6.776104,-7.4437695,-0.00030627954,-0.016640408,0.036969773,-3.2824414,-5.325808,-7.553108,-0.00816219,0.00022263198,-0.00418695,-7.78085,-5.0901284,-2.7762134,0.100443915,0.011113388,0.035126507,8.498227,-4.6747613,0.33983546,-0.091614366,0.24075392,0.27174202
4.1923075,2.457636,-6.4066944,-7.4109635,-0.015557378,-0.04951012,0.13612187,-3.2839303,-5.3228345,-7.584878,-0.0014720127,-0.0028276744,-0.007330174,-7.6718445,-4.752457,-1.9821409,0.05765752,0.0036082584,0.020097045,8.828544,-4.3242884,0.20342293,-0.13255164,0.34936142,0.39971367
4.2115383,2.2506118,-5.7197533,-7.410206,-0.015593327,-0.04966989,0.15081859,-3.2593522,-5.3480854,-7.585644,-0.004140114,-0.0008655798,-0.0020069266,-7.6397176,-4.691439,-1.8593761,-0.028785383,-0.00331051,-0.018312415,9.076614,-4.0482397,0.12414075,-0.096953504,0.2418124,0.2715342
4.230769,2.0622993,-5.2235007,-7.4422393,-0.0128520485,-0.019998498,0.076742366,-3.2854214,-5.3364944,-7.529825,0.0034360534,0.0016196955,0.005801126,-7.7682486,-4.996071,-2.5057,-0.07712012,-0.01350212,-0.046193253,9.149067,-3.8994784,0.056293882,-0.0061526215,-0.01617659,-0.014375654
4.25,2.0383499,-5.165671,-7.464954,-0.0014950125,0.0072492603,-0.044540897,-3.2438848,-5.309225,-7.561992,-0.0019386472,-0.016281141,0.0018126016,-7.935056,-5.4642105,-3.5026162,-0.07152007,-0.009062158,-0.03965082,9.037006,-4.086093,0.06788516,0.08542106,-0.26455745,-0.30499098
4.269231,2.2193685,-5.629393,-7.4962497,-0.0030726215,0.027892606,-0.1350101,-3.25849,-5.3050165,-7.6400847,-0.0021668195,0.0020996,0.003717157,-7.982088,-5.6803885,-4.049258,0.0021282986,-0.0083005335,-0.01029581,8.769823,-4.3722787,0.24341504,0.12729983,-0.35584757,-0.40618718
4.2884617,2.4320111,-6.314733,-7.4081955,-0.002123392,0.03648344,-0.1258082,-3.2744935,-5.3364577,-7.569984,0.0044866684,-0.0026955071,-0.0032716263,-7.912896,-5.555867,-3.7086477,0.06863546,0.009291637,0.024227837,8.487574,-4.6958113,0.34266385,0.06905587,-0.22025093,-0.2602315
4.3076925,2.5513394,-6.7632856,-7.4127812,-0.0001068169,0.01853292,-0.035333097,-3.3012397,-5.2981195,-7.5846195,0.0012371915,-0.005458272,-0.00173134,-7.7964377,-5.0886416,-2.8000925,0.0846553,0.01827531,0.037736032,8.432504,-4.7869105,0.37464723,-0.021833614,0.045839965,0.041226026
4.326923,2.55959,-6.6833305,-7.384189,-0.019993857,-0.030781236,0.07567828,-3.3063173,-5.2969375,-7.5643835,0.001246896,-0.004026818,-0.01115629,-7.709387,-4.6938,-1.954972,0.0484918,-0.0036589117,0.017716518,8.598786,-4.598876,0.30274922,-0.11576729,0.27544448,0.30204663
4.3461537,2.3912616,-6.212095,-7.4647255,-0.0033187417,-0.0564437,0.15391842,-3.2672472,-5.3273735,-7.557736,0.0067162043,-0.006480542,-0.0016794716,-7.6829314,-4.674438,-1.877556,-0.033741545,-0.005739204,-0.015997661,8.881288,-4.2941766,0.21713328,-0.13548112,0.3428927,0.39903995
4.3653846,2.1982605,-5.523691,-7.4315753,-0.0025843072,-0.05574245,0.14583752,-3.255665,-5.3101463,-7.547912,0.010133696,-0.003436252,-0.0028407048,-7.7494826,-5.0073867,-2.5310793,-0.073518254,-0.020594345,-0.04685357,9.106846,-3.9952085,0.11310351,-0.09041652,0.2031856,0.22849898
4.3846154,2.0641682,-5.169632,-7.460545,-0.00849704,-0.026570052,0.037187282,-3.2916467,-5.36135,-7.5709615,-0.0049442537,0.0016491993,-0.011544952,-7.8748274,-5.4212513,-3.5409462,-0.079629585,-0.02637698,-0.048175395,9.153187,-3.9199963,0.09781852,0.018320858,-0.0505567,-0.074576914
4.4038463,2.1163805,-5.2791867,-7.4573708,-0.0076086633,0.019472815,-0.083872356,-3.264663,-5.31026,-7.5376077,0.00077344914,-0.002548694,-0.0019419465,-7.950348,-5.6859026,-4.038007,-0.0046706563,0.002096783,-0.016348466,8.994787,-4.1350327,0.09856312,0.09767258,-0.27474084,-0.34673578
4.423077,2.2548437,-5.8249927,-7.4203343,-0.0019759845,0.043924674,-0.13343546,-3.3058865,-5.3660474,-7.5542965,0.002486938,-0.0026947039,-0.0076497546,-7.8905807,-5.5487022,-3.703365,0.071564265,0.009655225,0.02495007,8.717275,-4.4376054,0.2086408,0.114819214,-0.34129286,-0.3957049
4.4423075,2.4693925,-6.489777,-7.414407,0.0034632569,0.029053897,-0.10532071,-3.28807,-5.299409,-7.563968,0.0061387857,-0.003800102,0.0072146966,-7.8141365,-5.103417,-2.7962797,0.09614104,0.0070441887,0.037905645,8.513767,-4.689087,0.3116693,0.06781917,-0.18419476,-0.21585123
4.4615383,2.5152438,-6.740703,-7.3562436,-0.0050150715,0.0024242268,-0.0051570097,-3.2826006,-5.3197727,-7.5620217,-0.0041048867,-0.0047514895,0.00092001597,-7.6585474,-4.6944017,-2.001697,0.057587143,0.004876334,0.024591358,8.40913,-4.791701,0.37923256,-0.04281355,0.08565772,0.0916356
4.480769,2.5145044,-6.579942,-7.4251885,-0.003916563,-0.037014533,0.121367924,-3.2318678,-5.287698,-7.5705657,-0.0006269055,0.002925109,0.0032198462,-7.66683,-4.6785374,-1.8553307,-0.026088445,-0.00554012,-0.030201428,8.597538,-4.588044,0.26952824,-0.12053041,0.29752928,0.34651524
4.5,2.3198674,-5.932938,-7.494412,-0.012923295,-0.05587891,0.16653869,-3.2306933,-5.295973,-7.530288,0.0015997976,-0.0028260208,0.0022803424,-7.7460594,-4.9726863,-2.5717256,-0.08281713,-0.010988016,-0.055625867,8.911947,-4.2297273,0.18860118,-0.13393985,0.32093295,0.38668454
4.519231,2.1510525,-5.3540015,-7.4531674,-0.011077174,-0.039415535,0.10682637,-3.2875795,-5.285758,-7.5714912,0.0067894724,-0.0007230926,-0.016585203,-7.88166,-5.405118,-3.474002,-0.063751556,-0.017119765,-0.045181334,9.094182,-3.984644,0.090659685,-0.060871363,0.16068667,0.18871008
4.5384617,2.0271783,-5.1168103,-7.4554887,-0.003264682,-0.007769632,0.0017024581,-3.2341726,-5.304919,-7.5824027,0.006185683,-0.009013743,0.0063461997,-7.9459033,-5.691098,-3.9764884,-0.012258152,-0.004446003,-0.0014314979,9.168119,-3.9621074,0.05911443,0.031606607,-0.107486345,-0.13664767
4.5576925,2.1628497,-5.4637647,-7.473031,-0.011027438,0.031121658,-0.12645793,-3.2595687,-5.3113174,-7.544149,-0.0006194551,-0.003578269,0.013442955,-7.948618,-5.5239625,-3.6899364,0.06799692,0.0146105895,0.03040806,8.964299,-4.153393,0.16496582,0.11282439,-0.31086904,-0.3557756
4.576923,2.3140905,-6.06489,-7.4231787,0.008876838,0.047087293,-0.13550003,-3.2926824,-5.3246245,-7.576514,0.0023465015,-0.0022319597,-0.0026199662,-7.7977104,-5.0937266,-2.7187924,0.10216642,0.0042103594,0.04188054,8.627037,-4.4784718,0.2750606,0.11537427,-0.3279143,-0.3833271
4.5961537,2.5511467,-6.6537995,-7.4461865,-0.0015616086,0.024387188,-0.08390377,-3.2622428,-5.335185,-7.550606,-0.011155262,-0.0061438293,-0.007576891,-7.692247,-4.7369823,-1.965789,0.04095528,0.0019756209,0.02511046,8.471222,-4.7518134,0.3554737,0.041129187,-0.14518976,-0.17987907
4.6153846,2.5779421,-6.7765565,-7.4244347,-0.003452762,-0.023328777,0.040123586,-3.2755482,-5.316419,-7.557991,0.0052562957,-0.0044420916,-0.008602319,-7.6608114,-4.6280346,-1.905159,-0.028299183,-0.0018490102,-0.010771118,8.433018,-4.7838016,0.33001834,-0.050847035,0.115243554,0.12949166
4.6346154,2.4578793,-6.401105,-7.4570103,-0.009682496,-0.05471181,0.13831809,-3.2680798,-5.312931,-7.5463395,0.0019388363,-0.010207106,-0.004294482,-7.7805276,-5.00318,-2.539916,-0.08997011,-0.02142638,-0.048263896,8.623664,-4.522804,0.31847996,-0.12319713,0.32485852,0.3648418
4.6538463,2.2378945,-5.708105,-7.4522824,-0.017971443,-0.061901323,0.15103039,-3.3021815,-5.2929068,-7.5763316,-0.006174449,-0.0056863464,-0.0032225724,-7.9318743,-5.44811,-3.5190282,-0.078137785,-0.013172991,-0.043697804,8.896513,-4.16212,0.17082764,-0.13207188,0.30835018,0.36451402
4.673077,2.1043212,-5.236613,-7.4533677,-0.010517966,-0.031239899,0.07188446,-3.2740982,-5.303482,-7.594967,0.007559411,-0.0075685587,-0.0020338728,-7.966973,-5.74123,-4.041945,-0.010533024,-0.0077806097,-0.004912413,9.133757,-3.959987,0.08686123,-0.056853093,0.120680355,0.15359731
4.6923075,2.0123453,-5.180144,-7.438366,-0.0044974135,0.017734502,-0.042390943,-3.2679675,-5.334569,-7.568813,-0.0036661248,-0.0022842905,0.0016312593,-7.904781,-5.477978,-3.7172685,0.07034432,0.0021451283,0.032411695,9.111803,-3.9142416,0.09447745,0.043657828,-0.13465007,-0.17102629
4.7115383,2.2001393,-5.63643,-7.4810133,0.0008630973,0.026712786,-0.13037252,-3.2679002,-5.2893,-7.6035724,-0.00052172726,0.0010397413,0.0007418236,-7.8049197,-5.0619826,-2.7409728,0.10588744,0.017688233,0.03850058,8.885015,-4.2134233,0.14975914,0.106506504,-0.32756892,-0.38449696
4.730769,2.3809626,-6.3392334,-7.4275355,-0.0012679396,0.04221877,-0.12602517,-3.2606397,-5.3220844,-7.546456,0.0025867855,-0.010978519,0.0013848232,-7.631956,-4.7092495,-1.9711235,0.057463277,0.0062284255,0.01582594,8.649366,-4.530448,0.23018834,0.118599094,-0.31249335,-0.35780725
4.75,2.564989,-6.764001,-7.375581,-0.0039131367,0.010804705,-0.039406642,-3.2708864,-5.3042974,-7.5818257,0.0069009946,-0.0022816015,-0.0019547215,-7.668854,-4.6425934,-1.8978863,-0.033411045,-0.009340694,-0.027419714,8.418466,-4.7346783,0.3842862,0.030407492,-0.114352934,-0.142327
4.769231,2.559338,-6.6762385,-7.3858266,-0.011399491,-0.031345874,0.08443767,-3.2827046,-5.3351293,-7.53968,0.0021049662,-0.006950448,-0.008197966,-7.736995,-4.9843545,-2.565607,-0.087900266,-0.018494928,-0.046434823,8.448162,-4.735029,0.38427076,-0.066966936,0.15566778,0.17070644
4.7884617,2.34924,-6.174729,-7.4313216,-0.021815786,-0.062689364,0.15230724,-3.2897327,-5.3060193,-7.5310326,0.0018504212,-0.0064267046,0.0011948921,-7.9001827,-5.475494,-3.5657895,-0.07621377,-0.0026148667,-0.045043636,8.680647,-4.4966044,0.25591925,-0.120795235,0.32973504,0.3800694
4.8076925,2.1878014,-5.4983287,-7.4499173,-0.009488572,-0.04750305,0.13210273,-3.30283,-5.3248415,-7.592995,0.00429692,-0.015474601,0.0017025351,-7.986044,-5.704618,-3.9921434,0.0017274966,-0.003830914,-0.016394937,8.962148,-4.12301,0.15064952,-0.11960229,0.30723843,0.34610566
4.826923,2.0224059,-5.1325746,-7.4814324,-0.008273155,-0.016526947,0.038180742,-3.2767491,-5.3397355,-7.555231,-0.0025973362,-0.0009169441,0.009307101,-7.916628,-5.533479,-3.708207,0.08171968,0.0033490753,0.027850468,9.13748,-3.945015,0.08586125,-0.04844207,0.09677283,0.11994876
4.8461537,2.0771184,-5.2835264,-7.482577,0.00048947375,0.024818495,-0.08724086,-3.2866783,-5.317412,-7.508652,0.0028758512,0.0011549497,0.0015131246,-7.785844,-5.067397,-2.778526,0.09249299,0.014485816,0.03884609,9.134275,-3.9826422,0.12024111,0.061839417,-0.16489255,-0.2014103
4.8653846,2.2576823,-5.882093,-7.4565287,-0.0021749705,0.03601758,-0.14538462,-3.298323,-5.298458,-7.563088,0.0046280487,-0.0045447843,0.0033856658,-7.7136965,-4.6855474,-1.9153162,0.05462768,0.009162877,0.013336204,8.878482,-4.241654,0.174995,0.12401757,-0.3304121,-0.3967883
4.8846154,2.495217,-6.5195794,-7.407001,-0.010090232,0.020248687,-0.10448983,-3.2808135,-5.253468,-7.5578327,0.0011025335,-0.006641321,-0.0076495926,-7.634273,-4.667253,-1.8689617,-0.038754433,-0.011209581,-0.022332115,8.574576,-4.565828,0.3008657,0.10669321,-0.29672042,-0.35649103
4.9038463,2.5628335,-6.7943673,-7.3766623,-0.011390394,-0.00473423,0.0012832981,-3.2526639,-5.313064,-7.575017,0.0026771575,0.00083761313,-0.002658998,-7.772252,-5.0078726,-2.6175165,-0.08940576,-0.013991154,-0.04451274,8.42703,-4.7707963,0.356152,0.023494866,-0.09167903,-0.105026096
4.923077,2.4802902,-6.538633,-7.4241757,-0.00057482795,-0.035202164,0.116896376,-3.2836776,-5.3255997,-7.5388265,-0.0069367234,-0.006694931,0.004599876,-7.9135785,-5.466713,-3.574785,-0.07320584,-0.015354688,-0.035518438,8.459776,-4.729552,0.3491105,-0.07848657,0.17389359,0.19857176
4.9423075,2.3213506,-5.9337173,-7.440735,-0.01261043,-0.062000327,0.16171148,-3.3145728,-5.291254,-7.54247,-0.0010654981,-0.008597403,-0.0046104775,-7.9715524,-5.689371,-4.0530705,-0.0019485068,-0.007399766,-0.010921082,8.714894,-4.4659038,0.26035288,-0.12291464,0.33933175,0.3825508
4.9615383,2.0782847,-5.3256736,-7.4770117,-0.019415915,-0.044402927,0.11472044,-3.2549424,-5.2977853,-7.5983095,0.014552463,-0.01450834,-0.0022583709,-7.92601,-5.5129275,-3.657664,0.0748622,0.012599973,0.029468596,8.999087,-4.1280165,0.17745313,-0.118324794,0.3005955,0.32687956
4.980769,2.0052056,-5.1497927,-7.4547777,-0.0023700641,-0.0014989505,-0.009725356,-3.305888,-5.301924,-7.576799,0.0007280272,-0.008140095,-0.00093280745,-7.785148,-5.080985,-2.6740868,0.10281119,0.0023036578,0.027533073,9.156427,-3.897423,0.09798303,-0.02868308,0.07060918,0.0814839
5.0,2.1840513,-5.487321,-7.4410048,0.001837415,0.03319921,-0.118874036,-3.264635,-5.295728,-7.5440435,0.0025921597,-0.003755891,-0.0042475383,-7.6553936,-4.6969185,-1.9307544,0.046883546,-0.010361311,0.01477711,9.066509,-3.9550302,0.0696674,0.059575036,-0.1836135,-0.22872871
5.019231,2.374295,-6.158528,-7.499976,-0.0006798432,0.036791686,-0.14093126,-3.2273524,-5.305241,-7.5207276,-0.00028233044,-0.009356564,-0.003820293,-7.6873875,-4.6499505,-1.8994976,-0.036950734,-0.01154497,-0.020182809,8.892107,-4.24584,0.17791323,0.12849697,-0.3389801,-0.4031294
5.0384617,2.5323224,-6.696858,-7.443875,0.004003027,0.016650012,-0.07526701,-3.242111,-5.3413377,-7.5903554,-0.0033670682,0.0038982376,-0.007108006,-7.7353454,-5.0464406,-2.5823064,-0.08899737,-0.003854817,-0.054321952,8.591605,-4.5716925,0.29038522,0.09927471,-0.27501097,-0.33317474
5.0576925,2.550859,-6.7734456,-7.4624352,-0.002985436,-0.026145082,0.05125482,-3.2969499,-5.3324494,-7.564233,-0.001119471,-0.006620302,-0.0046504787,-7.913848,-5.5005636,-3.584917,-0.06723084,-0.0078055146,-0.034941364,8.410107,-4.777243,0.33033577,0.011613042,-0.057820674,-0.081344284
5.076923,2.4705622,-6.3543196,-7.448605,-0.008184616,-0.05079453,0.14239249,-3.26919,-5.342597,-7.531899,0.0035325445,-0.008074998,-0.0010430454,-7.9851446,-5.648807,-4.047564,-0.006769503,-0.007261773,-0.010104399,8.475058,-4.6971498,0.3882041,-0.0807396,0.19400266,0.23200433
5.0961537,2.1907823,-5.6878114,-7.4648275,-0.012120155,-0.04876859,0.15546139,-3.2792635,-5.3285375,-7.5636897,0.0017062189,-0.01576977,-0.0017418271,-7.925034,-5.487758,-3.6506913,0.07648432,0.00048695004,0.03151292,8.718983,-4.41133,0.25190786,-0.12634921,0.3317074,0.38051903
5.1153846,2.0461338,-5.2025523,-7.484032,-0.010055385,-0.01762655,0.073214024,-3.2406108,-5.310256,-7.556257,0.005563045,-0.0012989279,-0.00059152907,-7.7702985,-5.111909,-2.7694147,0.08973958,0.019798234,0.028308703,9.007057,-4.120439,0.1824868,-0.109989464,0.2746674,0.31252795
5.1346154,2.0437503,-5.164412,-7.45562,-0.0043036193,0.010535614,-0.05876247,-3.2675056,-5.302334,-7.5967646,0.00325628,-0.0050500263,-0.008964352,-7.6698194,-4.67507,-1.9235054,0.052259505,0.0008498445,0.019655626,9.180988,-3.9402738,0.090297535,-0.03523182,0.05744321,0.049901143
5.1538463,2.2230396,-5.716872,-7.465002,0.0008549374,0.03944426,-0.13167623,-3.262846,-5.2962093,-7.619382,-0.006047857,-0.0005570201,-0.0076890206,-7.666718,-4.7085404,-1.8666521,-0.032725904,-0.00061451865,-0.014185508,9.086919,-3.978414,0.10694607,0.06938238,-0.20236042,-0.24572536
5.173077,2.4356673,-6.371366,-7.4091706,0.00272665,0.04449389,-0.12500018,-3.3220372,-5.325853,-7.541865,0.008928666,-0.010073336,-0.0043102214,-7.7639117,-5.0007496,-2.5772913,-0.08183031,-0.017801518,-0.048396897,8.834406,-4.273313,0.16503456,0.11798726,-0.33435488,-0.39985234
5.1923075,2.6081417,-6.7629275,-7.443018,0.000258917,0.012414819,-0.028264493,-3.2428796,-5.3646398,-7.5518413,0.0032727963,-0.00905929,-0.011901686,-7.961734,-5.4506054,-3.5564265,-0.0672302,-0.017880168,-0.035714537,8.557046,-4.6219273,0.31505823,0.10153263,-0.27398327,-0.32073012
5.2115383,2.5205317,-6.687882,-7.420321,-0.015184993,-0.027240986,0.088098,-3.2656648,-5.294392,-7.5477214,-0.0018881495,-0.008315955,0.00082888897,-7.9707403,-5.698599,-4.093111,0.0045626736,-0.0028238553,-0.014332332,8.429756,-4.73383,0.34738806,-0.00043683007,-0.043769322,-0.05964097
5.230769,2.3447766,-6.114429,-7.428047,-0.010418018,-0.05385201,0.1608299,-3.299458,-5.2861514,-7.587226,0.0044113393,-0.0011694382,-0.007922015,-7.920094,-5.51967,-3.627372,0.078163646,0.0037583131,0.031639844,8.481954,-4.6229696,0.32703096,-0.0962127,0.20531833,0.25254294
5.25,2.146048,-5.529393,-7.4575577,-0.016472694,-0.0509705,0.12525027,-3.254475,-5.331586,-7.5639634,-0.003370435,-0.014402958,-0.001072269,-7.782109,-5.073885,-2.7178335,0.09721564,0.01816647,0.0574872,8.738308,-4.4023504,0.2293106,-0.13583073,0.33097616,0.40713271
5.269231,2.039622,-5.1161113,-7.4422235,-0.016444637,-0.017401397,0.023227897,-3.2860203,-5.3155375,-7.5738997,-0.0062952694,-0.005576869,-0.0085796695,-7.672774,-4.7398915,-1.9210321,0.049907345,0.007571462,0.021779003,9.008661,-4.064171,0.120945156,-0.10032591,0.26315385,0.30352813
5.2884617,2.0984294,-5.3564577,-7.461921,-0.0018988579,0.02037467,-0.088515356,-3.2818332,-5.3426785,-7.5697126,0.0003316758,-0.002497692,0.0030191676,-7.698457,-4.682969,-1.913544,-0.041625142,0.0020309163,-0.024046153,9.172027,-3.919526,0.13192207,-0.018847238,0.02402593,0.03289396
5.3076925,2.305477,-5.919976,-7.4908466,-0.006844328,0.038835973,-0.13943608,-3.2400734,-5.2484894,-7.5709534,0.0031140607,-0.010821801,0.0003075149,-7.763584,-5.0353217,-2.636783,-0.08558838,-0.007774202,-0.040591165,9.061048,-4.045987,0.09264533,0.076730736,-0.22624595,-0.27179554
5.326923,2.4361405,-6.5678654,-7.3907537,-0.00046380138,0.025680296,-0.10637492,-3.2320008,-5.315369,-7.550551,0.0055661886,-0.009361195,-0.0034235916,-7.8975744,-5.465591,-3.5673711,-0.06705838,-0.017570436,-0.047788028,8.818561,-4.3056135,0.1582732,0.120248124,-0.33209518,-0.40702742
5.3461537,2.5740426,-6.7972064,-7.370555,-0.0050006774,-0.009997066,0.013070596,-3.2733643,-5.325385,-7.5672398,0.0008957476,-0.012507873,-0.0010186313,-7.970818,-5.7070603,-4.031724,0.005852019,0.0021203756,-0.0072849453,8.554784,-4.607159,0.30196738,0.087115414,-0.2583072,-0.31407422
5.3653846,2.4549577,-6.5398445,-7.3881793,-0.015710907,-0.049279086,0.118241996,-3.3003492,-5.318523,-7.5629044,0.004793769,-0.0066759763,-0.008641598,-7.9514556,-5.507789,-3.6355476,0.080870956,0.011460418,0.034109857,8.4184675,-4.7827735,0.36387554,0.0035361075,-0.023084652,-0.03359608
5.3846154,2.2708533,-5.8881874,-7.440959,-0.011264354,-0.06333654,0.15761285,-3.293831,-5.304883,-7.5467453,0.0049217134,-0.006229575,-0.007721644,-7.810063,-5.0647535,-2.6840658,0.10391599,0.015803758,0.03659793,8.522382,-4.680376,0.30939868,-0.08980204,0.21565136,0.25677407
5.4038463,2.1034462,-5.2911158,-7.4674344,-0.004991221,-0.035266764,0.108046845,-3.288372,-5.322222,-7.5311594,0.0027235646,-0.007267207,-0.0007763936,-7.681644,-4.7029147,-1.9620115,0.04663338,-0.0018166837,0.005106323,8.699227,-4.3632865,0.20116705,-0.13561727,0.3326718,0.38590026
5.423077,2.0221188,-5.166692,-7.411555,-0.009488302,0.004128932,-0.018751377,-3.2957191,-5.339484,-7.5784574,0.0021048356,-0.0038226428,0.00056607137,-7.687258,-4.6863327,-1.9157758,-0.031757105,-0.011445727,-0.025542364,9.066099,-4.0479536,0.106638335,-0.098798946,0.25459075,0.29364732
5.4423075,2.1577804,-5.50271,-7.4425173,0.011580639,0.03065971,-0.118540406,-3.2841055,-5.30026,-7.531601,0.0027525926,-0.009768508,0.00425868,-7.76231,-5.0414414,-2.6122043,-0.09189238,-0.0048009343,-0.052174624,9.154721,-3.9116154,0.10838636,-0.00790289,0.011253915,0.014991166
5.4615383,2.3869822,-6.214502,-7.438156,0.0032413255,0.036853865,-0.1363111,-3.2479215,-5.3458824,-7.573755,-0.0066047246,-0.0070685786,0.007295854,-7.9164762,-5.466823,-3.6021247,-0.06456177,-0.015423061,-0.030701514,9.082588,-4.0305686,0.10515552,0.08016741,-0.22642325,-0.26858348
5.480769,2.5239906,-6.7041173,-7.375626,0.0059171338,0.019107794,-0.06368954,-3.2548866,-5.3372707,-7.5573,-0.0017709563,-0.0033136874,-0.008166872,-7.946587,-5.6980543,-4.0227933,-0.003722461,0.002744729,-0.0135429185,8.789592,-4.3329124,0.20095001,0.12398422,-0.34002122,-0.39565197
5.5,2.5434592,-6.791331,-7.396602,-0.008404577,-0.026635582,0.05869805,-3.2713602,-5.3526673,-7.578334,-0.008722569,-0.0087990165,0.004180145,-7.930315,-5.5280004,-3.6260903,0.07740906,0.0131179625,0.029787919,8.553862,-4.6280394,0.2751298,0.09759278,-0.25168264,-0.2901249
5.519231,2.3708699,-6.3121176,-7.4235497,-0.016211173,-0.053762916,0.14632948,-3.284634,-5.2778687,-7.532719,0.0014957604,0.008572847,-0.0015796074,-7.7695394,-5.040382,-2.6772428,0.09354616,0.017156674,0.03818253,8.45058,-4.7698627,0.37691823,-0.0010991587,-0.008684797,-0.027914826
5.5384617,2.2271054,-5.5524406,-7.4383297,-0.01563695,-0.057416305,0.15736021,-3.3080897,-5.3329344,-7.5601463,0.0019589295,0.0013938111,-0.0034260736,-7.6466303,-4.6790643,-1.9524752,0.048169002,0.0044027613,0.020303832,8.523165,-4.6340127,0.33422604,-0.09496694,0.23714975,0.2785206
5.5576925,2.0289516,-5.1458855,-7.5107794,0.000241258,-0.016830554,0.06235612,-3.2987502,-5.332094,-7.555555,-0.006017965,-0.0018022617,0.0016264919,-7.650877,-4.6975527,-1.9221202,-0.036203083,-0.01421406,-0.02507865,8.796928,-4.3501596,0.22221996,-0.14140591,0.3358712,0.38718787
5.576923,2.0613537,-5.227295,-7.4856744,0.0036671085,0.014325047,-0.06404076,-3.2816055,-5.3576097,-7.548221,0.0017353107,-0.0027159823,-0.004621503,-7.7935624,-5.0472274,-2.6794217,-0.07600105,-0.020881237,-0.035764076,9.02204,-4.03699,0.10745326,-0.1021278,0.2515313,0.27912626
5.5961537,2.2453601,-5.7042193,-7.478433,0.0011152931,0.039994366,-0.13254316,-3.2844896,-5.332402,-7.549844,-0.0021374258,-0.0044521713,0.0038117613,-7.9095893,-5.480358,-3.596007,-0.07565651,-0.00816262,-0.03808313,9.12968,-3.949598,0.094646595,-0.006904076,0.0027322443,0.0049262196
5.6153846,2.4402442,-6.3801656,-7.4146404,0.0018382344,0.03148185,-0.12844245,-3.2707705,-5.3484964,-7.5752835,0.008974242,-0.0011676138,0.0019468308,-7.96532,-5.697224,-4.038206,-0.008662199,0.0019932843,-0.0009533399,9.072831,-4.0415616,0.13148083,0.075131886,-0.22642083,-0.27727664
5.6346154,2.5865026,-6.7979293,-7.3883944,-0.017203912,-0.0014518881,-0.017732881,-3.267292,-5.284503,-7.557772,0.00053851685,0.00135966,0.0055781663,-7.927847,-5.470641,-3.6473184,0.071606375,0.011157996,0.029443828,8.802221,-4.3746023,0.20596786,0.12133115,-0.33718836,-0.3950973
5.6538463,2.5104554,-6.66616,-7.409471,-0.0074987817,-0.03570801,0.09558797,-3.305535,-5.3331785,-7.5796285,0.0027151268,-0.0024284231,0.0075557814,-7.748721,-5.0297494,-2.6654348,0.09947298,0.011695869,0.04005145,8.542997,-4.6624017,0.300494,0.07835092,-0.2474373,-0.28760216
5.673077,2.318019,-6.077187,-7.4579997,-0.010563256,-0.054729436,0.15205877,-3.2215266,-5.3477726,-7.549786,0.008014867,-0.012470464,-0.004126115,-7.6304126,-4.692242,-1.9507476,0.045439497,-0.0065085217,0.021142792,8.460644,-4.7936554,0.37294108,-0.0067542703,-0.005100625,-0.0007532871
5.6923075,2.0958786,-5.4542522,-7.510164,-0.0042367554,-0.053075887,0.12459188,-3.2437944,-5.3424463,-7.5306187,-0.00043817773,-0.01841805,0.0017395528,-7.6230454,-4.67943,-1.9103863,-0.049267024,-0.008164744,-0.020061068,8.509505,-4.620244,0.33017546,-0.08275947,0.2265349,0.26113018
5.7115383,2.060394,-5.1391854,-7.4938774,-0.0046796696,-0.01600913,0.023092967,-3.243483,-5.3221827,-7.581755,0.001763574,-0.005051372,-0.00045828393,-7.759726,-5.0638485,-2.6782563,-0.076583944,-0.022641191,-0.05468601,8.780001,-4.3568754,0.22536571,-0.12021292,0.34983033,0.3930719
5.730769,2.0863366,-5.3653793,-7.4598284,-0.006704949,0.029708896,-0.09214138,-3.2792842,-5.3265924,-7.573471,0.00074835256,-0.0039125555,-0.002836303,-7.89864,-5.5113535,-3.555985,-0.063021556,-0.018891033,-0.038671773,8.993265,-4.045977,0.1498752,-0.088288546,0.2429838,0.2760834
5.75,2.3059013,-5.97305,-7.4340677,-0.0021150112,0.04159281,-0.13825971,-3.2607946,-5.3177514,-7.5766945,0.0048303,-0.009588018,-0.0062389337,-7.9489245,-5.642326,-4.005065,0.0052248435,0.0036253328,0.0036006935,9.161337,-3.9602287,0.09896424,-0.0019474023,-0.0060718316,0.006599092
5.769231,2.502194,-6.5731215,-7.4117384,-0.010416523,0.022723056,-0.085300356,-3.2863271,-5.334705,-7.5759506,-0.007034817,-0.0062747113,0.006213604,-7.981132,-5.5190063,-3.5976892,0.07487965,0.011438847,0.023928823,9.079546,-4.043118,0.17927812,0.07153797,-0.2399407,-0.28534123
5.7884617,2.5907402,-6.7750354,-7.39275,-0.0067419903,-0.011862107,0.009445502,-3.2974594,-5.3291106,-7.554857,0.0025798306,-0.0012247346,-0.005364725,-7.7935987,-5.047715,-2.6969578,0.10056381,0.0044600912,0.039543983,8.799953,-4.3591104,0.17886665,0.124360435,-0.3341696,-0.40209302
5.8076925,2.4448519,-6.453898,-7.4189396,-0.003399899,-0.042752903,0.13339086,-3.285571,-5.360943,-7.494016,0.0021269112,-0.0035312716,-0.00836971,-7.657896,-4.689055,-1.9145397,0.046296164,0.007973029,0.014007567,8.532075,-4.6463227,0.25405836,0.095963426,-0.24822359,-0.2857502
5.826923,2.2407372,-5.804821,-7.404362,-0.011579245,-0.05320816,0.14804186,-3.3076165,-5.295404,-7.577578,-0.001675398,-0.00980391,-0.0023146025,-7.6904826,-4.6755443,-1.9044642,-0.035988115,-0.008968763,-0.013945077,8.45613,-4.7943625,0.35999683,-0.002904246,-0.0014989676,-0.0151063325
5.8461537,2.0618377,-5.273431,-7.4866185,-0.011539801,-0.032423634,0.08987868,-3.318801,-5.3195653,-7.5885415,0.00054947595,-0.0068978183,-0.0051291366,-7.7564173,-5.040145,-2.7154298,-0.08444402,-0.023438543,-0.05224531,8.516173,-4.6598606,0.30683398,-0.09167706,0.24134184,0.26764408
5.8653846,2.0476909,-5.154304,-7.4451475,-0.008604406,0.0035033699,-0.024644384,-3.262333,-5.315486,-7.527554,-0.0067422194,0.0036036836,-0.006064197,-7.916961,-5.5226803,-3.5776668,-0.06518797,-0.015315434,-0.045103014,8.820559,-4.338349,0.24952936,-0.1328943,0.33337244,0.38672048
5.8846154,2.1540716,-5.5500045,-7.482716,-8.79579e-05,0.037215542,-0.12232116,-3.2867136,-5.3198524,-7.573194,0.004098441,-0.0048051164,-0.009432357,-7.9660597,-5.695041,-4.017359,0.008440323,0.0017512365,-0.010696588,9.012881,-4.0164204,0.096393816,-0.092562236,0.23926549,0.27375272
5.9038463,2.398002,-6.2057233,-7.4197645,-0.00981067,0.047541898,-0.14368343,-3.264963,-5.347319,-7.6061788,-0.0011519956,0.00022903994,-0.00048394996,-7.892469,-5.462954,-3.6165903,0.08079839,0.014264913,0.025992837,9.184328,-3.9188116,0.093425885,-0.011772018,0.009785314,-0.0032438363
5.923077,2.5544593,-6.729947,-7.4358907,0.011414169,0.008174622,-0.047080904,-3.242232,-5.3216977,-7.5837307,-0.004289155,-0.0043465695,-0.0019751827,-7.755965,-5.028203,-2.645441,0.09805861,0.015070573,0.04074162,9.05422,-4.0409684,0.089455254,0.09845504,-0.23649651,-0.284319
5.9423075,2.5657306,-6.7236385,-7.393137,-0.0036596868,-0.026907096,0.062470954,-3.2682805,-5.3054004,-7.564438,0.0065891016,-0.009689654,0.000944659,-7.656985,-4.66046,-1.9007072,0.053870603,0.010549875,0.014260276,8.789029,-4.361449,0.24947621,0.1237828,-0.33321244,-0.40632093
5.9615383,2.374524,-6.2290125,-7.442732,-0.0110264495,-0.05275325,0.14849298,-3.2922673,-5.316178,-7.586348,0.004330246,-0.0051346906,-0.0049959305,-7.69503,-4.649876,-1.927734,-0.031422235,-0.0050154016,-0.0220774,8.523349,-4.651251,0.3136268,0.08893045,-0.23711528,-0.2803721
5.980769,2.1944897,-5.5881205,-7.4471583,-0.015729655,-0.05245109,0.13876341,-3.2702127,-5.2994285,-7.5823793,0.0012832956,-0.0029429453,-0.008817413,-7.7664676,-5.025216,-2.6723027,-0.09587064,-0.013399459,-0.049099416,8.4142885,-4.7472672,0.36912674,-0.01319813,-0.002877017,-0.00978291
6.0,2.039936,-5.210701,-7.4852285,-0.0019949109,-0.02057622,0.055810172,-3.2712767,-5.3464413,-7.55659,-0.0023575146,-0.007863128,-0.012217947,-7.915102,-5.475287,-3.6471293,-0.07113403,-0.014373631,-0.038016066,8.574161,-4.6160073,0.30791587,-0.097809434,0.23649293,0.27243564
6.019231,2.093371,-5.302479,-7.4944444,-0.0031229577,0.009021041,-0.0752792,-3.280699,-5.344337,-7.54337,-0.005976891,-0.008165097,-0.004380335,-8.0117035,-5.700187,-4.039416,0.011872461,-0.0034435866,-0.006761523,8.772181,-4.3629513,0.20686756,-0.13723427,0.3336836,0.39094794
6.0384617,2.2313547,-5.7800913,-7.4669905,-0.00625876,0.03434514,-0.13550487,-3.2900522,-5.2658896,-7.544196,0.00092792895,-0.011129102,0.003214904,-7.8692684,-5.473558,-3.6019235,0.07957663,-0.0016546677,0.0375679,9.025825,-4.0503087,0.12330654,-0.10586664,0.23672667,0.27472615
6.0576925,2.4610872,-6.433778,-7.4198256,0.012150628,0.031931885,-0.12091945,-3.3020933,-5.3180046,-7.5238433,-0.0014668655,-0.004014713,-0.004905761,-7.822312,-5.043752,-2.6692748,0.114485964,-0.003594571,0.03165659,9.161211,-3.916398,0.11084175,-0.0084992545,-0.0031509467,-0.005654138
6.076923,2.609767,-6.800853,-7.410228,-0.0077722743,-0.008089382,-0.009513128,-3.279515,-5.33911,-7.5545816,-0.0046745134,-0.013790408,0.008194548,-7.6431904,-4.656884,-1.8716596,0.04630752,0.0069869417,0.024995249,9.040372,-4.0770903,0.12926179,0.08195096,-0.24322928,-0.28756943
6.0961537,2.4819798,-6.594849,-7.4061527,-0.009327996,-0.044268914,0.108517066,-3.2975996,-5.329403,-7.572605,-0.00042924262,-0.0014244141,-0.0057489253,-7.6817737,-4.7167387,-1.8885304,-0.027272727,-0.0069302563,-0.02491252,8.815019,-4.353697,0.2578949,0.12120258,-0.34084758,-0.39113644
6.1153846,2.314118,-6.0235233,-7.436239,-0.0015874795,-0.06374125,0.15680867,-3.2877042,-5.306411,-7.575421,0.009092192,-0.0026601322,0.0053374856,-7.7832885,-5.056244,-2.6904047,-0.07396132,-0.025365302,-0.055644196,8.543754,-4.6495123,0.2975289,0.07398301,-0.23620689,-0.27440196
6.1346154,2.0927963,-5.3939896,-7.4883466,-0.019470183,-0.04108708,0.116482995,-3.194481,-5.2868443,-7.550598,0.00533806,-0.0033208195,-0.00519686,-7.8889694,-5.504475,-3.5875785,-0.072965525,-0.014362041,-0.048297785,8.433681,-4.7384696,0.33763084,-0.003085594,0.0050237165,-0.008131179
6.1538463,2.0034375,-5.15817,-7.4676294,-0.008244233,-0.005316918,0.0131289745,-3.271559,-5.3352137,-7.591919,0.0070764464,-0.016525492,0.0105734905,-7.9851313,-5.716611,-4.0808835,0.0052445326,-0.0018446748,-0.0030758928,8.53605,-4.6595235,0.30827993,-0.09582499,0.24125493,0.27199483
6.173077,2.1348612,-5.3892274,-7.4641085,-0.0043259994,0.027194541,-0.09343346,-3.2992184,-5.3464646,-7.58608,0.0017474315,0.0010733844,0.002963448,-7.9258337,-5.5229015,-3.6223636,0.08254143,0.014158382,0.02914006,8.750423,-4.357068,0.23581553,-0.12955685,0.3411706,0.38208905
6.1923075,2.293651,-6.0447106,-7.4118137,-0.0012769833,0.02981079,-0.14747311,-3.275771,-5.3224397,-7.567394,0.002595233,-0.0037420962,-0.0049512093,-7.7539153,-5.062835,-2.6538432,0.096390635,0.009088492,0.03984108,9.078293,-4.0629754,0.1296118,-0.085191555,0.2405937,0.25975516
6.2115383,2.52349,-6.6213017,-7.431151,0.008059118,0.020028979,-0.08173519,-3.270645,-5.3244586,-7.597606,0.009992795,-0.014994963,-0.013167463,-7.645612,-4.685296,-1.8856778,0.046149977,0.00081173563,0.01318362,9.12527,-3.96864,0.092224814,-0.00044502344,0.0053949836,-0.008538842
6.230769,2.5732577,-6.787455,-7.3389316,-0.012261721,-0.017778888,0.031369112,-3.2449124,-5.328335,-7.586916,-0.003005513,-0.004463347,-0.0016716383,-7.660431,-4.7092566,-1.9266725,-0.050017722,-0.011384206,-0.019931993,9.044863,-4.041265,0.10142524,0.08145783,-0.23565936,-0.27645844
6.25,2.4356313,-6.422331,-7.4145713,-0.011959215,-0.052870337,0.13522425,-3.2929463,-5.3229613,-7.542656,0.0013413826,0.0005874357,0.0005437033,-7.803268,-5.081077,-2.6421666,-0.085493945,-0.016451962,-0.05189516,8.784127,-4.3251762,0.22673233,0.13065846,-0.32649598,-0.40340784
6.269231,2.234809,-5.7447963,-7.4167213,-0.0016193901,-0.050822735,0.14300828,-3.2875884,-5.296282,-7.528037,0.00050040084,0.0019123221,-0.0025111698,-7.931255,-5.480736,-3.6158223,-0.06485085,-0.012822587,-0.033152513,8.520798,-4.6322184,0.27612993,0.094646804,-0.23725729,-0.2805403
6.2884617,2.0718334,-5.229825,-7.4604974,-0.0072055,-0.027514683,0.07711927,-3.2580256,-5.3108535,-7.5226564,-0.0052861944,-0.0019636718,-0.0040340144,-7.9918666,-5.6471105,-3.9967086,0.008678713,-0.0019802684,-0.00060752674,8.403924,-4.7712092,0.4032989,-0.0024584387,-0.004442435,-0.0050093983
6.3076925,2.0596762,-5.169191,-7.4860477,0.0052698124,0.005310552,-0.033928744,-3.2781029,-5.293567,-7.5539913,0.0027897516,0.0044874707,0.0005172499,-7.8783054,-5.501306,-3.5856905,0.07492362,0.00730386,0.034277618,8.534691,-4.6797667,0.32980344,-0.103008986,0.23421305,0.2801292
6.326923,2.2203534,-5.6054144,-7.444388,-0.0016818701,0.028567782,-0.13843066,-3.2645638,-5.332026,-7.60507,0.0061902157,-0.006657059,-0.0061182156,-7.7852263,-5.048675,-2.6793354,0.10724026,-0.0025788064,0.033051584,8.810085,-4.3497386,0.16492459,-0.13260357,0.3433373,0.39500052
6.3461537,2.3810282,-6.296583,-7.472915,0.000851765,0.030376984,-0.12077593,-3.2718453,-5.292318,-7.563052,-0.000578117,-0.011432683,-0.001521574,-7.6413546,-4.6773615,-1.9466587,0.04690205,0.0075364634,0.009914691,9.035198,-4.0600715,0.14711784,-0.10017696,0.2393151,0.28425634
6.3653846,2.5651948,-6.733211,-7.43158,0.00073917507,-0.002904702,-0.03851086,-3.2466953,-5.326349,-7.545536,0.0044128266,-0.008500126,0.007188737,-7.6594963,-4.711841,-1.9234138,-0.025657682,-0.014116878,-0.024262497,9.147624,-3.959646,0.08200544,-0.017583294,0.0055142534,-3.0292282e-05
6.3846154,2.5854914,-6.727066,-7.4008546,-0.012321477,-0.028041692,0.073055595,-3.2482402,-5.286169,-7.5467644,-0.0023770526,-0.012937194,0.0017559055,-7.7578464,-5.0256257,-2.6388729,-0.07910748,-0.023026912,-0.051925212,9.045335,-4.0792956,0.09285176,0.08483561,-0.24458335,-0.276047
6.4038463,2.3813958,-6.2133555,-7.3896375,-0.005818163,-0.054433864,0.15779282,-3.2875361,-5.338168,-7.544773,0.005968509,-0.008307147,-0.0023989994,-7.9500155,-5.477571,-3.6116805,-0.07532861,-0.01314626,-0.03635637,8.818761,-4.3312535,0.21725212,0.120771766,-0.3404592,-0.40571827
6.423077,2.1854093,-5.5930815,-7.4152102,-0.010522648,-0.050977036,0.14041214,-3.2872524,-5.2914367,-7.593098,-0.012120824,-0.011509115,0.0023171608,-7.987909,-5.678674,-4.0664315,-0.0005602481,-0.0024268813,-0.0035327638,8.546685,-4.6265635,0.32265067,0.08238015,-0.2434932,-0.28983805
6.4423075,2.0295162,-5.1481757,-7.4537635,0.0070298803,-0.021973994,0.043673888,-3.2539754,-5.313295,-7.5358214,0.00965416,0.009913307,-0.0054822178,-7.9175515,-5.4281626,-3.5891876,0.08372467,0.0026612524,0.03380211,8.435273,-4.7618003,0.35682723,-0.0015803971,-0.0017974103,-0.002941254
6.4615383,2.120696,-5.283831,-7.472183,-0.0030638422,0.012790491,-0.07587153,-3.2970939,-5.327103,-7.5285783,-0.0005161249,-0.0054187384,-0.012859398,-7.807715,-5.0457926,-2.6630003,0.10512363,0.009207464,0.041676845,8.537613,-4.664411,0.33753887,-0.09271659,0.22612949,0.25758347
6.480769,2.2969723,-5.8625684,-7.4183407,-2.2890328e-05,0.039459486,-0.14783327,-3.279861,-5.335396,-7.5874586,-0.011748489,-0.00252631,0.0028553219,-7.6563587,-4.695521,-1.9286296,0.052716754,0.0043989997,0.010029831,8.800299,-4.349443,0.23350888,-0.1413269,0.33085045,0.38774928
6.5,2.478741,-6.4662004,-7.4234643,0.0005916465,0.03733474,-0.1123375,-3.2877436,-5.3144093,-7.578468,-0.0014761913,0.002014972,-0.005937959,-7.639574,-4.6826715,-1.8851372,-0.037709717,-0.006511476,-0.014615765,9.036023,-4.0763364,0.12224935,-0.093048394,0.24139903,0.2841793
6.519231,2.5456789,-6.815192,-7.399773,-0.0074641504,-0.007587587,-0.0020430717,-3.2525496,-5.2743077,-7.560245,0.0017767408,-0.0017455104,0.0012588481,-7.774605,-5.045635,-2.6667085,-0.08489571,-0.010502098,-0.05028184,9.177372,-3.9404168,0.095471166,-0.014661609,0.012560958,0.013785443
6.5384617,2.4989593,-6.586974,-7.4165907,-0.001255973,-0.036597174,0.10674084,-3.2563972,-5.324159,-7.5623374,-0.0009928889,0.005681975,0.0026771952,-7.898423,-5.4869866,-3.5696163,-0.07082106,-0.024687205,-0.032951143,9.009493,-4.1070905,0.09531843,0.084552296,-0.23096566,-0.26605693
6.5576925,2.3052714,-5.9332876,-7.4483094,-0.0015222535,-0.05994557,0.15144908,-3.2414117,-5.3124847,-7.5973406,0.009842775,0.0005907726,0.0072534704,-7.9734893,-5.694496,-4.0174847,-0.0011854122,0.0011377048,-0.0071732765,8.750826,-4.3307576,0.23970076,0.13103038,-0.33800742,-0.39939806
6.576923,2.0763211,-5.326109,-7.436427,-0.006704317,-0.036843423,0.11400448,-3.2814317,-5.334576,-7.556724,-0.008701995,-0.0038883693,-0.0049605016,-7.894962,-5.460929,-3.616425,0.08488973,0.004904504,0.037121158,8.5601,-4.6338773,0.30216706,0.081987195,-0.25369543,-0.28608882
6.5961537,2.0049722,-5.085254,-7.462594,-0.0070431945,-0.003255695,-0.004777632,-3.276962,-5.3580604,-7.5363894,0.00041672215,-0.0076010255,0.005415649,-7.7644563,-5.0559916,-2.6987505,0.10511332,0.01773442,0.04049093,8.443247,-4.7657304,0.32935786,-0.009229073,-0.0124326525,-0.012591849
6.6153846,2.123915,-5.4640913,-7.4273396,0.0071457806,0.02619626,-0.11014395,-3.2750785,-5.287292,-7.5459805,0.009829676,-0.0072570946,0.0005772031,-7.680391,-4.677836,-1.9541664,0.04672866,-0.00024679457,0.024175892,8.554556,-4.6502957,0.35233778,-0.08916668,0.22719367,0.2544602
6.6346154,2.3274882,-6.101793,-7.439232,0.0050733685,0.02771122,-0.14321102,-3.295519,-5.311342,-7.5849786,0.0019469061,-0.021620752,0.004007477,-7.666261,-4.6555333,-1.8674383,-0.031273447,-0.0013650646,-0.013470351,8.753485,-4.3697476,0.25735828,-0.14058352,0.33404654,0.38932905
6.6538463,2.5149763,-6.6171174,-7.4620433,0.00022278455,0.012275026,-0.078392155,-3.3218553,-5.289616,-7.5642986,-0.0019156832,-0.0057509923,-0.0027140132,-7.7841067,-5.0234957,-2.644972,-0.08817555,-0.016544249,-0.052601017,8.986242,-4.055034,0.11042359,-0.098450676,0.25559336,0.28499278
6.673077,2.5983565,-6.7597413,-7.3785696,0.0018540203,-0.019989537,0.044072215,-3.3020213,-5.3088884,-7.5495257,0.008559735,-0.0010537694,-0.0010074704,-7.903563,-5.4596324,-3.5573623,-0.07260147,-0.013161178,-0.04500993,9.142564,-3.9650476,0.10137465,-0.010751162,0.02669264,0.0130925635
6.6923075,2.460494,-6.362233,-7.4115214,-0.014724115,-0.049571406,0.13490756,-3.285507,-5.328718,-7.5373487,0.0049147154,-0.001108614,-0.004010273,-7.951374,-5.701214,-4.0238767,-0.0009825076,-0.005600722,-0.006520035,9.113919,-4.051449,0.085621856,0.086117014,-0.22136053,-0.2697258
6.7115383,2.2490041,-5.6973095,-7.4343553,-0.0049214214,-0.06298555,0.15720841,-3.2962055,-5.3087316,-7.545478,-0.006130661,0.0028015336,0.011239068,-7.970602,-5.504355,-3.6494308,0.07782482,0.0014909066,0.025547076,8.801598,-4.328136,0.22059421,0.11688588,-0.33185712,-0.38640022
6.730769,2.069256,-5.1924667,-7.4801106,-0.0044094427,-0.03682302,0.07284212,-3.2849674,-5.300261,-7.544554,-0.0021092498,-0.005534908,0.0010551653,-7.799005,-5.0657535,-2.7300334,0.096195035,0.0024655804,0.043353032,8.551772,-4.615113,0.2994681,0.09338343,-0.25011712,-0.2999769
6.75,2.068162,-5.171327,-7.4927244,0.004523272,0.017150523,-0.043033548,-3.2374601,-5.357203,-7.5318108,0.00684652,-0.0070049195,-0.0070813536,-7.697732,-4.725285,-1.9832035,0.03893913,0.011698489,0.014612016,8.444717,-4.7674084,0.33944583,-0.0017125196,-0.015973572,-0.025416853
6.769231,2.2098405,-5.6450853,-7.4201107,0.0017145595,0.034477185,-0.12707548,-3.28639,-5.3367295,-7.5856566,-0.0051027085,-0.014701278,-0.0016130366,-7.6674767,-4.6908336,-1.9016255,-0.035704527,0.004388337,-0.03134741,8.502946,-4.66456,0.25732714,-0.09321918,0.22273009,0.2658043
6.7884617,2.429866,-6.346663,-7.4597726,0.00020173793,0.025881674,-0.13290583,-3.2666366,-5.3050103,-7.54526,-0.0008236858,-0.01233426,-0.0051789456,-7.742263,-5.0323725,-2.5671954,-0.084883764,-0.01680822,-0.045133714,8.784553,-4.398203,0.2047279,-0.12989904,0.33623183,0.39151943
6.8076925,2.5255184,-6.798317,-7.393444,-0.003374385,0.0017825447,-0.03535336,-3.3036025,-5.3094425,-7.541281,-0.000876458,-0.014197967,-0.0056601753,-7.881259,-5.4812512,-3.5612147,-0.073267065,-0.0133371,-0.044316847,9.035733,-4.0986648,0.114249125,-0.101430476,0.2534095,0.28304178
6.826923,2.528477,-6.6914034,-7.3984714,-0.016991936,-0.035754967,0.06834754,-3.2632751,-5.3049006,-7.5770607,0.0036684491,-0.010996968,0.003767753,-7.9856973,-5.6455703,-4.011047,-0.001318921,0.00073626015,-0.015804315,9.138376,-3.9048133,0.108231254,-0.0051512877,0.016558602,0.028600905
6.8461537,2.3489592,-6.156798,-7.459799,-0.012448557,-0.055311777,0.16081913,-3.2438405,-5.345333,-7.5728235,-0.010172932,-0.005081374,0.00014305035,-7.857225,-5.526875,-3.6908047,0.07359311,0.0028502464,0.025614863,9.016875,-4.035928,0.10755125,0.08051344,-0.21581176,-0.2640765
6.8653846,2.1702654,-5.49212,-7.4261875,-0.009550919,-0.050415207,0.13018052,-3.2606053,-5.3064566,-7.5351167,0.001110532,-0.005557091,0.0025317622,-7.832457,-5.0606217,-2.7292137,0.10554654,0.013653615,0.044480197,8.827621,-4.2943525,0.22964542,0.119182765,-0.33698717,-0.3904097
6.8846154,1.9962087,-5.1697335,-7.4848475,0.0005381611,-0.014080805,0.030978136,-3.2665253,-5.292106,-7.5688577,-0.0014362215,-0.0002172666,0.007619281,-7.649464,-4.715513,-1.9747592,0.06334594,0.0034904366,0.017048096,8.571518,-4.579903,0.28946808,0.086706206,-0.2540179,-0.2991079
6.9038463,2.0874863,-5.302113,-7.4813385,-0.009181548,0.014100091,-0.08668443,-3.27425,-5.344156,-7.546379,0.0023054825,-0.0018300817,0.004988851,-7.601962,-4.722544,-1.8690752,-0.024714492,-0.0058590244,-0.02530948,8.416747,-4.764561,0.35631883,0.0019959663,-0.028553145,-0.034662705
6.923077,2.2839966,-5.8866587,-7.415703,0.0008900098,0.039330825,-0.1430444,-3.2326274,-5.3332715,-7.5144835,-0.0045800693,-0.005715241,0.002864699,-7.791788,-4.956941,-2.5823805,-0.08507122,-0.006801305,-0.055087227,8.4913845,-4.6345277,0.3310252,-0.08243832,0.21840575,0.26128563
6.9423075,2.4593027,-6.501252,-7.381376,0.006758432,0.023088312,-0.107459165,-3.284517,-5.320053,-7.567875,-0.0008719993,-0.006619887,-0.008651368,-7.8830605,-5.427797,-3.4657106,-0.07104519,-0.01751389,-0.03743026,8.76119,-4.3866987,0.24365367,-0.12892573,0.33953464,0.38292792
6.9615383,2.5587442,-6.8120947,-7.440841,-0.0064906,0.00073666853,0.007902831,-3.2649035,-5.274935,-7.565027,0.000112522284,-0.0059818965,-0.00039118394,-7.9911437,-5.702982,-3.9781892,0.00012931616,0.0027729305,-0.00795109,9.063138,-4.0694976,0.16277936,-0.09882985,0.25087675,0.28709856
6.980769,2.4725795,-6.5289793,-7.433758,-0.0020618401,-0.044003997,0.11724336,-3.279908,-5.3287897,-7.5654416,0.004096127,0.005777817,0.009516467,-7.950334,-5.4620886,-3.6950297,0.081163846,0.008798488,0.0268962,9.15993,-3.918849,0.057471886,-0.015322148,0.019323627,0.016713036
7.0,2.279695,-5.910056,-7.391431,-0.0034595064,-0.059376054,0.15256515,-3.2763262,-5.336844,-7.5532575,0.00018381793,-0.0032810415,-0.0075879656,-7.788001,-5.128556,-2.750871,0.10279212,0.012319273,0.036510456,9.048208,-4.01516,0.12957697,0.079425745,-0.23101741,-0.26171026
7.019231,2.1127448,-5.287918,-7.436067,-0.0100225005,-0.029633489,0.111004815,-3.281592,-5.3160033,-7.556772,-0.009962721,0.008834246,0.0010252964,-7.7220497,-4.6705604,-1.98009,0.05875749,0.0022078191,0.017142447,8.866417,-4.3417654,0.2208401,0.12133521,-0.33765423,-0.3974976
7.0384617,2.044704,-5.157658,-7.505723,-0.009955386,-0.011605678,-0.017405402,-3.2799602,-5.3140225,-7.5573983,0.0097593665,-0.002293561,0.0020397808,-7.675636,-4.6364145,-1.8581517,-0.023578737,-0.007056515,-0.012686292,8.539366,-4.642254,0.36898762,0.087538026,-0.25024366,-0.30356884
7.0576925,2.1474125,-5.4648557,-7.4066935,0.00051522884,0.030338613,-0.11915554,-3.2561352,-5.297255,-7.529767,-0.0017675651,-0.0014598086,-0.010158078,-7.7472324,-4.9940233,-2.5445065,-0.07776686,-0.02254513,-0.05044816,8.455766,-4.765313,0.3486086,0.00022475744,-0.028549833,-0.026664957
7.076923,2.3733783,-6.096253,-7.4418283,0.0020449222,0.03880916,-0.13912721,-3.2902393,-5.3120794,-7.556545,0.012993645,-0.012206101,-0.00083388155,-7.907499,-5.4376745,-3.4678333,-0.07440121,-0.0074457447,-0.051980272,8.496226,-4.6775627,0.27436152,-0.09807542,0.23002934,0.25260624
7.0961537,2.5379665,-6.6718287,-7.4301496,-0.003477802,0.015269667,-0.062008094,-3.2862797,-5.34711,-7.599033,0.00076733506,0.0030353589,-0.0015746434,-7.9911942,-5.650905,-3.994102,-0.009480516,-0.013662581,-0.005247864,8.765409,-4.405453,0.20908237,-0.13200697,0.3339898,0.38815325
7.1153846,2.5462854,-6.7688026,-7.385201,-0.004529418,-0.032614205,0.0482158,-3.304275,-5.322684,-7.5891867,-0.0030492493,-0.003452562,0.0025540693,-7.941203,-5.566123,-3.7050922,0.064541474,0.005223838,0.02448282,9.004962,-4.066396,0.14846101,-0.099430084,0.253274,0.3035534
7.1346154,2.4459984,-6.335629,-7.4418344,-0.014577677,-0.047830425,0.14747225,-3.2832556,-5.356864,-7.545121,0.004646843,-0.022268578,-0.009620586,-7.8180346,-5.112443,-2.8169408,0.09631118,0.012060517,0.04774175,9.179441,-3.8692482,0.07597673,-0.0142552685,0.024851395,0.011270074
7.1538463,2.2090883,-5.6929407,-7.4507427,-0.0159883,-0.05626831,0.15287185,-3.264016,-5.314689,-7.5773225,0.008424611,-0.0060677566,0.0031256154,-7.6825466,-4.737095,-2.0496407,0.051435195,0.016124176,0.018557284,9.023316,-4.04638,0.13164347,0.0800148,-0.2248819,-0.2636086
7.173077,2.0460143,-5.1954117,-7.4299517,-0.012106467,-0.025409224,0.076803915,-3.2555842,-5.3357577,-7.523586,-0.0038057067,0.0009219458,0.0008695872,-7.6182218,-4.6543264,-1.8768535,-0.028605994,-0.0069915554,-0.021040209,8.826045,-4.3299837,0.21013102,0.12236086,-0.3413958,-0.39259303
7.1923075,2.0224133,-5.1639557,-7.464192,-0.007728594,0.0151994955,-0.057754453,-3.2387552,-5.2971706,-7.5513496,0.0059354617,-0.008775225,0.0014308578,-7.757323,-4.967181,-2.5031815,-0.0736923,-0.016694015,-0.03955141,8.578133,-4.628543,0.28903037,0.08541083,-0.25336117,-0.30421448
7.2115383,2.2414455,-5.7679944,-7.4840674,0.008553686,0.03908987,-0.12682548,-3.3180995,-5.364641,-7.581491,0.0043767206,-0.0037521373,-0.0008770497,-7.8868623,-5.3615155,-3.4274924,-0.07990597,-0.017097412,-0.051331643,8.420961,-4.774102,0.34309742,0.005329739,-0.017277947,-0.024631858
7.230769,2.4535456,-6.3466854,-7.399372,0.004674724,0.038873766,-0.121634796,-3.3237448,-5.288342,-7.608949,0.004621915,-0.0063957586,0.0028118314,-7.9774933,-5.6668735,-3.9827316,-0.015655495,-0.008307848,-0.021330925,8.487663,-4.6475616,0.31320295,-0.081766605,0.223175,0.24737808
7.25,2.5892541,-6.784928,-7.4436703,-0.0018137831,0.00934034,-0.028794816,-3.2714393,-5.3281097,-7.557768,0.0016905436,0.0027978362,-0.004117084,-7.927694,-5.5267167,-3.7465167,0.06739044,0.0031366092,0.027511802,8.778679,-4.3812838,0.22684066,-0.14008358,0.3355893,0.39354032
7.269231,2.5245328,-6.6885204,-7.4407535,-0.0057147476,-0.036632814,0.09291634,-3.262529,-5.284865,-7.558505,0.00025148632,-0.0027157401,0.0029826947,-7.8571277,-5.1369767,-2.8798993,0.10203901,0.0010984478,0.037140157,8.991799,-4.0751357,0.13708378,-0.09138732,0.25769654,0.29911923
7.2884617,2.3369987,-6.0910177,-7.452436,-0.0028650723,-0.056640826,0.14735979,-3.2536087,-5.3154173,-7.5696464,-0.00034479168,-0.009756888,0.0032797148,-7.66881,-4.7587457,-2.0657182,0.062191088,-0.005352384,0.027289389,9.162759,-3.9460104,0.09765229,-0.019730104,0.015492096,0.018617537
7.3076925,2.1643224,-5.4159656,-7.4952817,-0.012289961,-0.034238417,0.12395245,-3.3522196,-5.295591,-7.5924954,0.009253615,-0.006962125,-0.00191782,-7.6516566,-4.6806316,-1.887856,-0.016963253,-0.0065495716,-0.0100793075,9.064605,-4.031252,0.116259106,0.08296683,-0.2183872,-0.25707418
7.326923,2.0171375,-5.1475935,-7.5035768,0.0014108949,-0.008403619,0.026923664,-3.3583364,-5.3185563,-7.55655,0.0045685912,-0.008289358,-0.00689269,-7.730079,-4.9052196,-2.4404428,-0.08473006,-0.00817115,-0.04463525,8.836029,-4.272559,0.22956014,0.1298292,-0.34330583,-0.39723882
7.3461537,2.1189084,-5.3146276,-7.497518,-0.0038376357,0.025482409,-0.09606695,-3.2275887,-5.3306646,-7.5654354,0.0038297873,-0.0034841655,-0.016269842,-7.9107304,-5.400334,-3.4344916,-0.07445106,-0.017612912,-0.054699093,8.54793,-4.6212053,0.33958495,0.096886195,-0.24853374,-0.3054535
7.3653846,2.3023279,-5.9640384,-7.419682,0.004565789,0.04158794,-0.14311458,-3.275833,-5.319878,-7.5407314,0.013762395,-0.0009819816,-0.005089666,-7.9560084,-5.6232896,-4.028343,-0.015581662,-0.001939409,-0.014057928,8.417037,-4.7709937,0.39529973,0.0011949781,-0.022413835,-0.022922589
7.3846154,2.505426,-6.610404,-7.374347,0.000499977,0.013236772,-0.09513257,-3.275057,-5.3282876,-7.542035,8.535968e-05,0.0017184194,0.004163184,-7.9209466,-5.5609074,-3.7583892,0.06699274,0.0028043988,0.03229047,8.457485,-4.6803966,0.3788127,-0.090373635,0.2210926,0.2530985
7.4038463,2.5771303,-6.735757,-7.4123864,-0.012503393,-0.020405237,0.025364056,-3.2865677,-5.3674855,-7.591757,0.010167376,0.00295753,-0.0024119588,-7.822033,-5.1883245,-2.9333508,0.09739904,0.0060265693,0.033412192,8.764295,-4.3475585,0.23117846,-0.12829453,0.33352646,0.38798591
7.423077,2.5061178,-6.506517,-7.4051967,-0.007836992,-0.038703486,0.11742968,-3.2661374,-5.306001,-7.579869,-0.0028515453,-0.011068081,0.0025053327,-7.6827035,-4.7785563,-2.099527,0.06615145,-0.001560968,0.029087378,9.026234,-4.0566344,0.14657633,-0.097788386,0.24486816,0.29471752
7.4423075,2.2544136,-5.852658,-7.4264865,-0.012453211,-0.05658959,0.15506804,-3.2584662,-5.3110313,-7.5437045,0.0058680624,-0.005368979,0.0012413032,-7.666974,-4.66314,-1.8511834,-0.0018928347,-0.006893233,-0.01788346,9.150414,-3.9215744,0.097684085,-0.017517006,0.015113407,0.0120731555
7.4615383,2.1026676,-5.2780814,-7.4392476,-0.013660915,-0.045686174,0.0972101,-3.247629,-5.329054,-7.5467725,0.000978656,-0.0087014595,-0.01205973,-7.689312,-4.9165297,-2.4283721,-0.08340324,-0.009018124,-0.049680937,9.052601,-4.045028,0.14692234,0.08538874,-0.21485616,-0.26186678
7.480769,2.0639665,-5.1461496,-7.4869614,-0.0013047403,-0.006533264,-0.017593864,-3.2906055,-5.350201,-7.566887,0.0023898422,-0.008711389,-0.0021529042,-7.861129,-5.3787622,-3.3446114,-0.079557,-0.024007048,-0.045650735,8.799648,-4.330373,0.19626378,0.11879466,-0.33324397,-0.4006003
7.5,2.1797233,-5.4979,-7.462545,0.0026904554,0.032930862,-0.12275128,-3.2822948,-5.3093863,-7.5325685,-0.0056870547,-0.0057029636,-0.0061235395,-7.9715333,-5.642872,-3.9635253,-0.0192197,-0.0015167356,-0.028031843,8.542302,-4.6355224,0.29858935,0.0863246,-0.2585363,-0.29209533
7.519231,2.3779984,-6.1773,-7.469791,0.0061315624,0.03854477,-0.13741001,-3.2611804,-5.3014517,-7.5402713,0.0017604991,0.0010306321,0.00208846,-7.9187098,-5.564372,-3.870361,0.06474847,-0.0045480295,0.021897417,8.4622555,-4.8039603,0.3793498,-0.009373483,-0.006811738,-0.02281178
7.5384617,2.5667355,-6.6996484,-7.362559,-0.0019511736,0.013450914,-0.061753385,-3.2547739,-5.2821684,-7.5677476,0.0009482608,0.0001482384,-0.0060476884,-7.8435493,-5.19751,-3.003852,0.092874095,0.011678162,0.03676906,8.537217,-4.668503,0.29554343,-0.09315863,0.23108318,0.2628382
7.5576925,2.5428262,-6.7574873,-7.384967,-0.0037773899,-0.025571888,0.06092,-3.2873306,-5.3076067,-7.560026,0.0028339003,-0.0050120777,0.0028939499,-7.6821957,-4.803843,-2.1320882,0.06491395,0.007697038,0.028241117,8.787411,-4.3624167,0.21899672,-0.14307523,0.3331504,0.390759
7.576923,2.391439,-6.3057876,-7.464741,-0.010330639,-0.052480213,0.14250477,-3.2895334,-5.3287325,-7.5690103,-0.0030524,-0.009868537,1.9733223e-05,-7.63243,-4.61979,-1.8222293,-0.012629557,-0.0068679014,-0.009133292,9.022277,-4.0327544,0.14296135,-0.10566108,0.24822707,0.2923856
7.5961537,2.2120266,-5.643929,-7.413144,-0.010656775,-0.049211793,0.1495977,-3.2939794,-5.342573,-7.5143847,-0.0024495607,-0.01252508,0.00025249028,-7.706356,-4.887935,-2.3080566,-0.0745301,-0.020322977,-0.044967744,9.15991,-3.9269407,0.08381025,-0.011399435,0.010059105,0.002131251
7.6153846,2.0073116,-5.157231,-7.4807253,-0.0006637281,-0.025121113,0.06346423,-3.2735915,-5.3175178,-7.560398,-0.0013783335,-0.0068003014,-0.0011999513,-7.9275703,-5.3762326,-3.2700748,-0.08874248,-0.02222934,-0.03834244,9.022542,-3.9950995,0.118636996,0.082595274,-0.22956577,-0.2638474
7.6346154,2.0758295,-5.2533555,-7.4319916,-0.0045170705,0.008678724,-0.071331486,-3.2757373,-5.295882,-7.5844326,0.002022138,0.002012071,0.0017817492,-7.949523,-5.5918074,-3.8860614,-0.01985317,-0.0016295979,-0.021916071,8.781958,-4.3749266,0.19441521,0.12292299,-0.33365482,-0.40381733
7.6538463,2.2772918,-5.7529993,-7.4422364,0.0048596235,0.04639289,-0.1397324,-3.26789,-5.341672,-7.5548353,-0.003852944,-0.00697985,-0.013903911,-7.932428,-5.622446,-3.857382,0.059713323,0.0049571353,0.016880099,8.556889,-4.6110578,0.37039465,0.08736987,-0.2539278,-0.3041821
7.673077,2.4180515,-6.4144697,-7.4151115,0.001277915,0.038419683,-0.111222364,-3.288335,-5.298688,-7.561084,0.005565809,-0.009639683,-0.0025991464,-7.8299456,-5.2253923,-3.069259,0.09288419,0.00037371455,0.03588477,8.397187,-4.769406,0.42861858,-0.0016926556,0.002060769,-0.021926954
7.6923075,2.6227026,-6.7634096,-7.418757,-0.007317001,-0.0039663124,-0.020938652,-3.2818487,-5.308805,-7.5613413,0.0011066676,-0.015082036,0.0037690308,-7.682964,-4.8429446,-2.1337626,0.0711441,0.002112427,0.03170456,8.514695,-4.6902018,0.36211973,-0.096999995,0.24107336,0.26941165
7.7115383,2.5367415,-6.665352,-7.398933,-0.006170998,-0.0350103,0.08997168,-3.306627,-5.314945,-7.528818,-0.004041931,-0.0026251124,-0.0050637033,-7.681431,-4.6368184,-1.8019067,0.0023544126,-0.0074585946,-0.008954233,8.798749,-4.33781,0.26367483,-0.14230393,0.34452447,0.38505605
7.730769,2.298373,-6.0622087,-7.431753,-0.0018842462,-0.047352854,0.16169903,-3.266897,-5.2929606,-7.5455713,-0.007122867,-0.018125148,-0.0037016273,-7.6978374,-4.856941,-2.278532,-0.06653541,-0.004123657,-0.042525932,9.049177,-4.04933,0.121676154,-0.11264493,0.24398327,0.2840878
7.75,2.1657586,-5.435496,-7.4669733,-0.01252293,-0.04517193,0.113096066,-3.261483,-5.315094,-7.5673594,-0.00075513904,-0.008543324,-0.002075178,-7.8385825,-5.2650194,-3.1994078,-0.08169016,-0.019646166,-0.05469001,9.174074,-3.9566212,0.07105725,-0.007595092,0.00759196,0.0053748484
7.769231,2.0765975,-5.1176543,-7.419185,0.0007684656,-0.002560849,0.015411194,-3.2659092,-5.3036695,-7.5510426,0.0019742216,-0.0062772855,-0.010049665,-7.9538336,-5.663946,-3.9082394,-0.023594486,-0.01499182,-0.015818868,9.03669,-4.0791674,0.11606638,0.08350716,-0.23751715,-0.27386507
7.7884617,2.1572685,-5.3841434,-7.4693627,0.0063138874,0.019313557,-0.10687503,-3.258015,-5.296687,-7.5643964,-0.0012847976,-0.007905204,0.0006276623,-7.9546323,-5.6503944,-3.9010506,0.048504114,-0.0016994972,0.009820486,8.785982,-4.3076844,0.2454066,0.116225265,-0.34495717,-0.39334562
7.8076925,2.2842774,-5.9349146,-7.499893,-0.0016843741,0.033660974,-0.13774122,-3.3055534,-5.3164024,-7.488276,0.0045749918,-0.0035293917,-0.0020733948,-7.8419914,-5.214703,-3.1243663,0.10538335,0.009441187,0.036304682,8.493578,-4.6583576,0.28184077,0.078790374,-0.23080152,-0.29725435
7.826923,2.5248308,-6.602456,-7.4618497,-0.0018255755,0.016442547,-0.09481204,-3.2704139,-5.3156867,-7.5592957,-0.004311679,-0.012751848,0.0023181376,-7.7104,-4.8568597,-2.1955895,0.086968906,0.009150483,0.027747903,8.433948,-4.7555633,0.35465458,-0.007878466,0.0053001884,-0.00842708
7.8461537,2.5975103,-6.8190603,-7.4182777,-0.0025600742,-0.025294714,0.027845196,-3.2521355,-5.2893443,-7.5656595,0.0025563645,-0.013204476,0.0032577794,-7.648163,-4.6061783,-1.7976635,0.0020801506,-0.00010238028,-0.004531276,8.539815,-4.639608,0.3122457,-0.09510232,0.24101919,0.28988585
7.8653846,2.432133,-6.4539566,-7.382051,-0.0079289805,-0.039618727,0.13365342,-3.2687807,-5.2793636,-7.541251,-0.00059748755,-0.00823412,0.00019039087,-7.7546597,-4.7944155,-2.2135406,-0.071512714,-0.01278849,-0.029486734,8.820212,-4.323615,0.19679113,-0.13518846,0.33131218,0.3933687
7.8846154,2.2772157,-5.7923503,-7.4385905,-0.019636486,-0.05390983,0.15943404,-3.2835152,-5.2991657,-7.575732,-0.0024648304,-0.009013052,-0.0038898648,-7.863121,-5.2720747,-3.0811186,-0.085491166,-0.018845791,-0.049808767,9.062725,-4.0418987,0.09476219,-0.098192476,0.2212836,0.26140094
7.9038463,2.0800776,-5.2838936,-7.4483857,-0.0061447998,-0.03898457,0.091072,-3.2522805,-5.3042293,-7.542476,0.0045141303,-0.005440258,-0.0034013619,-7.9976416,-5.6432123,-3.8869221,-0.040293936,-0.014193397,-0.030957846,9.138676,-3.9074397,0.08038434,0.0034457983,-0.022281673,-0.032536156
7.923077,2.0438712,-5.1570053,-7.4438515,-0.0019395077,0.010620345,-0.028876435,-3.290608,-5.320507,-7.569284,-0.0020931722,-0.013789493,-0.0007030127,-7.9569297,-5.6554074,-3.9260647,0.041139122,-0.008331817,0.011415813,9.039128,-4.062508,0.14960682,0.09259954,-0.25376967,-0.29726577
7.9423075,2.192562,-5.588822,-7.4452963,0.003559884,0.031094918,-0.12725753,-3.262676,-5.3292837,-7.544796,0.0109431185,0.00757452,-0.0029499084,-7.8690057,-5.299622,-3.195609,0.090762116,0.011599746,0.052131593,8.801482,-4.3827143,0.24107604,0.11446652,-0.3412185,-0.3906582
7.9615383,2.3406556,-6.2450466,-7.436391,-0.0061273314,0.039946847,-0.1344263,-3.2727373,-5.3232183,-7.560061,-0.006238869,-0.002322319,0.0039645694,-7.6977863,-4.896182,-2.279742,0.07982241,0.015318348,0.041154932,8.536779,-4.691763,0.29209882,0.06866618,-0.2256303,-0.26318744
7.980769,2.5247352,-6.7236114,-7.386036,-0.010081409,0.021815509,-0.054279085,-3.25738,-5.356039,-7.5543485,0.0049688774,-0.002121356,-0.004632895,-7.675442,-4.6425915,-1.839616,0.010447596,0.0013186056,-0.00852693,8.399178,-4.761039,0.3710216,-0.017672187,0.016957954,0.01911792
8.0,2.5280874,-6.6799173,-7.4130044,-0.006531619,-0.024604488,0.06462606,-3.2778454,-5.3091307,-7.5305276,3.5866866e-05,0.0018634845,0.0027519518,-7.69682,-4.8241444,-2.1257455,-0.06482803,-0.017082803,-0.025425456,8.521231,-4.6705112,0.28484008,-0.104181975,0.25939423,0.2944703
8.019231,2.4334896,-6.2853703,-7.4265404,-0.008561805,-0.057522822,0.14647597,-3.2773652,-5.334123,-7.5535064,-0.0051144455,-0.0053756097,0.00021028788,-7.827479,-5.2201304,-3.0461457,-0.09095161,-0.017796222,-0.042483907,8.818705,-4.353509,0.24690077,-0.13985729,0.3409567,0.38591397
8.038462,2.2436397,-5.607109,-7.4867997,-0.008293979,-0.056691814,0.13830695,-3.2801816,-5.289852,-7.5825253,-0.00641407,-0.011899233,0.006000652,-7.944788,-5.5905824,-3.8192947,-0.05459969,-0.00953128,-0.030823288,9.092075,-3.9828174,0.12236024,-0.08834562,0.22474103,0.24913198
8.057693,2.0649648,-5.151946,-7.4621067,-0.00223951,-0.025023362,0.052837312,-3.3340535,-5.307526,-7.577604,0.0031174112,-0.006378141,-0.008204912,-7.960393,-5.633095,-3.9322035,0.0342605,-0.00020545039,0.0072623976,9.177082,-3.919475,0.1038943,0.009623687,-0.03514617,-0.033896185
8.076923,2.0719788,-5.2708793,-7.4912953,-0.0016249005,0.012365632,-0.060155477,-3.2813706,-5.31838,-7.5579634,-0.0031318138,0.0023624606,-0.005850794,-7.8738236,-5.358078,-3.3135931,0.092904784,0.01796543,0.039703898,8.981137,-4.080069,0.12830271,0.08817239,-0.25821444,-0.32129392
8.096154,2.2294865,-5.774775,-7.4229565,-0.0044580754,0.024262782,-0.1405884,-3.3136578,-5.2880564,-7.5801835,-0.0060124667,0.0019894864,-0.000698368,-7.7324243,-4.8841124,-2.3747714,0.089588925,0.005741614,0.03656379,8.746236,-4.387407,0.22889413,0.12540661,-0.33607444,-0.40624106
8.115385,2.4563718,-6.426882,-7.417745,0.005261175,0.02505262,-0.11326953,-3.2375464,-5.2780848,-7.588216,0.0053870454,-0.004321517,0.0032007573,-7.640604,-4.6695576,-1.8404688,0.026819551,-0.005990272,0.0059938,8.464201,-4.6950645,0.31456566,0.075776964,-0.2132143,-0.2591408
8.134615,2.5812242,-6.758508,-7.3953004,-0.011722519,-0.0028980158,-0.0043552676,-3.3258893,-5.3550572,-7.559092,-0.0015067601,-0.017058278,0.0008389702,-7.713456,-4.729368,-2.0782495,-0.049967337,-0.012814155,-0.03661808,8.400522,-4.756213,0.372274,-0.02565165,0.03893981,0.03727993
8.153846,2.5233378,-6.5676575,-7.4210563,-0.011244101,-0.031228632,0.10310012,-3.2876332,-5.286012,-7.569934,0.0031426707,0.0012721329,0.0037792516,-7.8222504,-5.1714993,-2.939265,-0.08324531,-0.013682878,-0.053866368,8.555931,-4.6148643,0.32201615,-0.09860601,0.27020627,0.3126863
8.173077,2.3197837,-6.001659,-7.4545093,-0.007371332,-0.050014485,0.14876492,-3.2608676,-5.3109155,-7.551512,0.00279811,-0.0076099974,0.0042277905,-7.903173,-5.5790772,-3.73521,-0.060603198,-0.018880306,-0.0366321,8.84554,-4.3213434,0.20021768,-0.12799834,0.3304661,0.38985413
8.192307,2.1324873,-5.4379807,-7.4535723,-0.022359287,-0.03900952,0.121661946,-3.3033788,-5.3252764,-7.548102,-0.0015089306,-0.012094525,-0.0017777691,-7.9768376,-5.6785965,-3.9981434,0.030124715,0.0009018191,0.009543211,9.071838,-4.049853,0.124588355,-0.07992461,0.20585953,0.23294307
8.211538,2.0446036,-5.1753874,-7.457555,0.0016354767,-0.0071803113,-0.00058224064,-3.2632117,-5.3252892,-7.5555105,-0.0051122243,-0.0012126446,0.002114321,-7.84812,-5.3756075,-3.3987253,0.08721615,0.014838656,0.037623495,9.155063,-3.9044266,0.10748461,0.006329147,-0.057221632,-0.077812776
8.230769,2.1081843,-5.4327416,-7.4816303,-0.007314439,0.039474383,-0.09488937,-3.2986674,-5.28891,-7.550535,-0.004298143,-0.010299273,0.0064780433,-7.7410574,-4.961253,-2.4704525,0.08344507,0.010190965,0.035742696,9.023824,-4.080125,0.13598306,0.10549554,-0.28072426,-0.3411509
8.25,2.2923126,-5.9715624,-7.4003515,-0.0074008196,0.042687148,-0.13004157,-3.285593,-5.301523,-7.581692,-0.00051042344,-0.005189705,-0.0034714858,-7.62462,-4.6970334,-1.8810805,0.031869102,0.009867107,-0.0038826736,8.704866,-4.423737,0.28363195,0.121439874,-0.33693007,-0.4045754
8.269231,2.4886124,-6.5457444,-7.4030046,0.0072758696,0.018562172,-0.079734035,-3.317132,-5.2926354,-7.5726976,-0.003071928,-0.014214171,0.0015564914,-7.6621604,-4.733974,-2.0598369,-0.052824263,-0.012215029,-0.03012912,8.495682,-4.690495,0.3340655,0.05556632,-0.19560054,-0.22637507
8.288462,2.5189085,-6.6726665,-7.3862796,-0.016197238,-0.012682133,0.031506967,-3.29229,-5.3064427,-7.5683455,0.0019377886,-0.006569729,0.0042991005,-7.797227,-5.117835,-2.8331864,-0.08198698,-0.011958727,-0.04694192,8.419127,-4.76266,0.35713246,-0.02900777,0.07277598,0.0681843
8.307693,2.4429162,-6.412077,-7.459726,-0.003287889,-0.04816807,0.11528521,-3.2554924,-5.3150206,-7.5524154,0.0025396517,-0.013311157,-0.0029897762,-7.9564466,-5.516246,-3.6874592,-0.049356446,-0.002828912,-0.040273633,8.570022,-4.573271,0.3298663,-0.113709986,0.28983474,0.33197528
8.326923,2.2256126,-5.8248634,-7.475055,-0.009199641,-0.040186323,0.13924406,-3.2754724,-5.33519,-7.545851,-0.0044615557,-0.002340251,-0.00906702,-7.9662576,-5.6416698,-3.917323,0.01977596,0.0017406192,0.0043872143,8.875892,-4.2427926,0.16615118,-0.1257819,0.33734283,0.39193878
8.346154,2.12875,-5.416265,-7.4707227,-0.007529774,-0.035128288,0.07358577,-3.2773151,-5.278709,-7.58487,-0.003528376,0.00031488042,-0.010713659,-7.895632,-5.4067335,-3.4369967,0.08320354,0.02145137,0.028717326,9.126812,-3.9717174,0.11370721,-0.073948234,0.1806327,0.19673736
8.365385,2.12505,-5.3436327,-7.439202,-0.0009543283,0.012799268,-0.026795119,-3.2674816,-5.352468,-7.544004,0.0036661017,-0.0032188029,0.00080013054,-7.7612624,-4.9986477,-2.5621636,0.08822633,0.001733474,0.026354743,9.137134,-3.9397297,0.085572116,0.031024665,-0.08408504,-0.100256115
8.384615,2.202322,-5.700357,-7.469113,0.0023052308,0.007729024,-0.084357366,-3.2856264,-5.3273435,-7.587533,0.005556523,-0.009591719,-0.0010959071,-7.644432,-4.7243395,-1.9698666,0.03018609,-0.0024965995,0.006197571,8.996582,-4.109527,0.1161583,0.09918684,-0.2958293,-0.35401452
8.403846,2.3653042,-6.1479993,-7.4315276,-0.008243336,0.017282933,-0.08423984,-3.275643,-5.2937684,-7.5795302,-0.005341913,-0.010609552,-0.001086278,-7.6659665,-4.720307,-2.056545,-0.037846565,-0.0056095603,-0.02685129,8.715262,-4.4854684,0.23803149,0.115945816,-0.3305056,-0.38182753
8.423077,2.4798255,-6.4640975,-7.389962,-0.0014502887,0.011086247,-0.02450423,-3.294018,-5.301083,-7.5674987,0.010257987,0.0028325764,0.006929439,-7.7802596,-5.054483,-2.697681,-0.07421707,-0.01298132,-0.04472703,8.445745,-4.6976423,0.3243881,0.060544476,-0.1599122,-0.18910806
8.442307,2.4052286,-6.3948355,-7.4152436,-0.0105976015,-0.009385856,0.042030048,-3.3048801,-5.277832,-7.5705185,0.0030886978,-0.0071812277,0.003723376,-7.922533,-5.449621,-3.5241911,-0.057768017,-0.0129659325,-0.04090526,8.446171,-4.786723,0.31358975,-0.05396491,0.107288554,0.10772086
8.461538,2.329113,-6.101792,-7.410308,-0.006985509,-0.039166197,0.07722704,-3.2579575,-5.323238,-7.5476046,-0.008490816,-0.004780344,0.0049158526,-7.9505095,-5.6073275,-3.888923,0.012819966,0.0072634164,-0.004813057,8.633296,-4.534353,0.2509289,-0.11919209,0.29988503,0.34834215
8.480769,2.2087212,-5.7771053,-7.4218903,-0.01614876,-0.02747538,0.07277616,-3.2954862,-5.2689533,-7.586362,0.0017908262,-0.010362508,0.0032795593,-7.9083724,-5.4257326,-3.5338457,0.0668377,0.002407951,0.021052225,8.888486,-4.2680454,0.15692133,-0.13457973,0.32482743,0.3676468
8.5,2.1926568,-5.6212444,-7.446325,-0.011150466,-0.0016303231,0.030654412,-3.277678,-5.3204927,-7.592281,0.00030565704,-0.008395335,0.003970316,-7.824521,-5.0593,-2.7560759,0.073292285,0.009792418,0.02374954,9.10475,-3.9304912,0.057893176,-0.06900933,0.15432943,0.17375927
8.519231,2.2018738,-5.6978226,-7.4243355,-0.010185805,0.01611103,-0.020398855,-3.2734234,-5.325323,-7.5680356,-0.0013345623,-0.0109223435,-0.005757667,-7.7141566,-4.7942266,-2.1707647,0.037651848,-0.0011041175,0.0070906244,9.13653,-3.9418366,0.085153945,0.035355166,-0.1133653,-0.14148301
8.538462,2.2749317,-5.8994975,-7.475889,-0.008053,-0.00044830528,-0.03771482,-3.2911417,-5.344875,-7.5800657,0.0016539859,-0.020817248,-0.0072781667,-7.706693,-4.828191,-2.1615808,-0.014735374,-0.010192591,-0.014075759,8.924642,-4.1497107,0.18494062,0.104498476,-0.29854673,-0.36676902
8.557693,2.3147848,-6.0990534,-7.4440613,-0.0037258845,0.0045898384,-0.031620502,-3.2939672,-5.32262,-7.558808,0.0019342605,-0.010274471,-0.003967453,-7.7719913,-5.086276,-2.7336588,-0.054137286,-0.010336637,-0.037231375,8.651266,-4.494319,0.2737415,0.11496732,-0.30243376,-0.3696661
8.576923,2.371986,-6.165242,-7.428052,-0.007272649,-0.006695723,0.005206271,-3.280894,-5.319558,-7.5315695,-0.004989192,0.00078800204,0.0014825995,-7.8578625,-5.3505206,-3.299947,-0.042342577,-0.0100878,-0.027780473,8.450331,-4.7868037,0.37328014,0.043831956,-0.12382557,-0.14723806
8.596154,2.345217,-6.1019974,-7.3812165,-0.010020288,-0.020734416,0.021770585,-3.265197,-5.285411,-7.528768,0.00013619522,-0.0039389813,-0.007322366,-7.9094176,-5.4811773,-3.5548966,-0.0053950925,-0.00787484,-0.0043750214,8.491129,-4.6941514,0.40358713,-0.057912275,0.12758471,0.15100788
8.615385,2.3293226,-5.996876,-7.4305654,-0.0079364,-0.011777528,0.03165721,-3.2489228,-5.346801,-7.5279675,0.00598751,-0.0057187825,0.0022094238,-7.869444,-5.3456717,-3.3831122,0.044142645,-0.0051505277,0.009017249,8.621593,-4.500216,0.24891332,-0.119897015,0.29684377,0.34541783
8.634615,2.2947593,-5.8525057,-7.4007454,0.0026950096,-0.018038096,0.024808515,-3.2696164,-5.297832,-7.541311,0.0064986683,-0.005004643,0.0022567504,-7.7829366,-5.126017,-2.868919,0.051853623,0.0027169483,0.020205287,8.953094,-4.156315,0.17819415,-0.12071282,0.29148176,0.3281029
8.653846,2.2197452,-5.876394,-7.458841,-0.009892901,-0.0035200599,0.012028071,-3.2658055,-5.332034,-7.5275717,0.006928667,-0.00023739807,-0.005599222,-7.8142796,-4.9885774,-2.5267627,0.027567603,0.00883579,-0.005852023,9.125016,-3.9961925,0.10312994,-0.049539037,0.10430612,0.107660376
8.673077,2.3348784,-5.953802,-7.4325686,-0.009262401,-0.00905199,0.0028661822,-3.2903547,-5.2830625,-7.5717797,0.0036092023,-0.0071931193,-0.0057477225,-7.813793,-4.9468474,-2.5107298,-0.01212043,0.002770127,-0.019117469,9.06105,-3.9999955,0.115465194,0.03790645,-0.13643987,-0.16639267
8.692307,2.289847,-5.932658,-7.4627647,-0.014929743,-0.016120402,-0.005772347,-3.2458155,-5.329452,-7.5806427,-0.0022875918,-0.0023022827,0.0015076207,-7.78757,-5.1088448,-2.7817373,-0.01875013,-0.0069130138,-0.024133243,8.904518,-4.234893,0.18948315,0.104483,-0.28726304,-0.32890725
8.711538,2.3241367,-6.0091,-7.4208393,0.00938521,-0.010237974,-0.00045201503,-3.245985,-5.32336,-7.5745993,-0.0013384515,-0.0073634502,0.003957666,-7.8367157,-5.197246,-3.1034665,-0.020395003,-0.005916455,-0.018301819,8.627512,-4.5152106,0.2749527,0.09359861,-0.25198957,-0.29533023
8.730769,2.3273852,-5.9820614,-7.434594,-0.019545568,-0.018665135,0.0065147285,-3.2649474,-5.2976723,-7.560113,0.005169479,0.0036210173,-0.0019114637,-7.879482,-5.2879286,-3.1802752,0.0050997296,-0.0054481835,-0.0130604105,8.523499,-4.683169,0.31309634,0.026560977,-0.07067916,-0.09893932
8.75,2.322769,-5.96209,-7.457059,-0.0019497473,-0.011996743,0.016628675,-3.3062682,-5.2749953,-7.6294723,-0.004435991,-0.011719631,0.0062775994,-7.8762126,-5.2366896,-3.0897543,0.017583016,-0.0023140793,-0.007315822,8.521628,-4.636125,0.3327178,-0.06041828,0.14202903,0.14875798
8.769231,2.3359993,-5.9881616,-7.468978,-0.016242227,-0.0038091775,0.016991938,-3.3254302,-5.285694,-7.590623,0.008877341,-0.0073256013,0.003968408,-7.7738914,-5.146,-2.9442933,0.027029572,-0.012006435,0.003803409,8.723147,-4.460336,0.25706753,-0.09799904,0.24594371,0.27412686
8.788462,2.3042908,-5.911557,-7.442433,-0.012954658,-0.003992904,0.008843775,-3.2664425,-5.3139625,-7.5612264,0.0014392821,-0.0065115844,0.0012072645,-7.809958,-5.1077414,-2.803782,0.0068345177,0.0016717217,-0.0017081285,8.932871,-4.170902,0.18384543,-0.0728798,0.2002991,0.22048597
8.807693,2.2967355,-5.9511223,-7.4436226,-0.010205886,-0.010787714,0.004016017,-3.2411604,-5.2714467,-7.5449896,-0.0020009323,-0.0014718357,-0.0023306557,-7.8311143,-5.10256,-2.7565815,0.0061982274,0.002012998,-0.00741964,8.985942,-4.08675,0.14251517,-0.019959414,0.046163823,0.0493974
8.826923,2.2645106,-5.90616,-7.4362216,-0.011438087,0.00072991004,0.014674817,-3.305993,-5.3002424,-7.558963,-0.00235354,-0.0069598006,-0.008071579,-7.804663,-5.15731,-2.821071,0.009414874,-0.009587271,-0.016912045,8.985839,-4.0981812,0.12819995,0.03857013,-0.11401616,-0.13618198
8.846154,2.310369,-5.9701767,-7.3615613,-0.0070109447,-0.0028889424,0.010162942,-3.2757347,-5.342578,-7.5853252,0.0005466969,0.0021287359,0.0023286636,-7.8348985,-5.1694074,-2.922328,-0.0051547354,0.0017154864,-0.010262009,8.8058815,-4.327901,0.23167211,0.060893543,-0.19118118,-0.20409703
8.865385,2.315581,-5.9937286,-7.4933987,-0.009121349,-0.0073442794,0.003865605,-3.2572107,-5.316936,-7.566464,0.0020835707,-0.01058366,-0.002520487,-7.8220334,-5.193592,-2.984037,0.009067872,0.0072852047,-0.004212804,8.687702,-4.462336,0.2438116,0.047340088,-0.1369094,-0.15716569
8.884615,2.2932315,-5.9786706,-7.4424872,-0.008497826,-0.007993698,0.0054332684,-3.2655346,-5.3159776,-7.5920367,0.0029823899,0.002804876,0.0030634315,-7.8382077,-5.1798153,-2.966304,0.010049134,0.007849706,-0.009525512,8.6392565,-4.522847,0.23922953,-0.0052169706,-0.024598898,-0.024341825
8.903846,2.3298771,-5.9903927,-7.444132,-0.009963916,-0.016467787,0.015103856,-3.2430475,-5.307428,-7.5533366,-0.008680035,-0.0075599467,0.007274113,-7.8389254,-5.159241,-2.9081004,0.01194746,0.001697778,-0.003698381,8.678913,-4.4568744,0.2919801,-0.029200511,0.07520104,0.08612988
8.923077,2.2835796,-5.9653606,-7.455168,-0.010210278,-0.012768543,0.0046942267,-3.2493734,-5.3032885,-7.5219784,0.0065083248,-0.011534788,-0.004817295,-7.787813,-5.1907187,-2.8777883,0.007017695,0.0035434032,-0.0042336415,8.759384,-4.4032793,0.2268632,-0.056696028,0.11536348,0.12649164
8.942307,2.2681787,-5.9599743,-7.465952,-0.0009248662,-0.0121256225,0.0069102324,-3.2826228,-5.314965,-7.5529737,0.009081814,-0.00874868,0.00764161,-7.836308,-5.1040597,-2.8602726,0.00035665574,-0.0044822376,-0.010053562,8.844445,-4.2295322,0.20786342,-0.03207141,0.07640225,0.07084382
8.961538,2.3422647,-5.9874187,-7.4256444,-0.008319234,-0.012465712,0.010275256,-3.299688,-5.3016973,-7.5756583,0.0019725824,-0.007798954,-0.00022437381,-7.7779136,-5.138184,-2.9031994,-0.0026140772,-0.00502214,0.0077493875,8.872073,-4.2253976,0.17884699,-0.019412179,0.009427021,0.0020337831
8.980769,2.3448002,-5.944724,-7.429044,-0.0048720674,-0.0056067687,0.012506818,-3.2083635,-5.2825356,-7.5607834,-0.0047355667,-0.00398294,0.008509913,-7.8357644,-5.130997,-2.909543,-6.196597e-05,0.0013902298,0.001095913,8.845856,-4.2786665,0.17750642,0.021837147,-0.03823494,-0.06261591
